snapshot_utc,event_id,commence_time_utc,home,away,book,market,selection,line,odds_american,odds_decimal
2026-08-31T22:53:58.159304Z,823663,2026-08-31T23:40:00Z,Minnesota Twins,Detroit Tigers,Production consensus,h2h,Detroit Tigers,,110,2.1
2026-08-31T22:53:58.159304Z,823663,2026-08-31T23:40:00Z,Minnesota Twins,Detroit Tigers,Production consensus,h2h,Minnesota Twins,,-118,1.85
2026-08-31T22:53:58.159304Z,823663,2026-08-31T23:40:00Z,Minnesota Twins,Detroit Tigers,Production consensus,spreads,Detroit Tigers,-1.5,168,2.68
2026-08-31T22:53:58.159304Z,823663,2026-08-31T23:40:00Z,Minnesota Twins,Detroit Tigers,Production consensus,spreads,Minnesota Twins,1.5,-204,1.49
2026-08-31T22:53:58.159304Z,823663,2026-08-31T23:40:00Z,Minnesota Twins,Detroit Tigers,Production consensus,totals,Over,9.0,-105,1.95
2026-08-31T22:53:58.159304Z,823663,2026-08-31T23:40:00Z,Minnesota Twins,Detroit Tigers,Production consensus,totals,Under,9.0,-115,1.87
2026-08-31T22:53:58.159304Z,824635,2026-08-31T23:40:00Z,Chicago Cubs,Milwaukee Brewers,Production consensus,h2h,Chicago Cubs,,-105,1.95
2026-08-31T22:53:58.159304Z,824635,2026-08-31T23:40:00Z,Chicago Cubs,Milwaukee Brewers,Production consensus,h2h,Milwaukee Brewers,,-106,1.94
2026-08-31T22:53:58.159304Z,824635,2026-08-31T23:40:00Z,Chicago Cubs,Milwaukee Brewers,Production consensus,spreads,Chicago Cubs,1.5,-167,1.6
2026-08-31T22:53:58.159304Z,824635,2026-08-31T23:40:00Z,Chicago Cubs,Milwaukee Brewers,Production consensus,spreads,Milwaukee Brewers,-1.5,139,2.39
2026-08-31T22:53:58.159304Z,824635,2026-08-31T23:40:00Z,Chicago Cubs,Milwaukee Brewers,Production consensus,totals,Over,9.5,-105,1.95
2026-08-31T22:53:58.159304Z,824635,2026-08-31T23:40:00Z,Chicago Cubs,Milwaukee Brewers,Production consensus,totals,Under,9.5,-115,1.87
2026-08-31T22:53:58.159304Z,822855,2026-09-01T00:05:00Z,Texas Rangers,Athletics,Production consensus,h2h,Athletics,,194,2.94
2026-08-31T22:53:58.159304Z,822855,2026-09-01T00:05:00Z,Texas Rangers,Athletics,Production consensus,h2h,Texas Rangers,,-213,1.47
2026-08-31T22:53:58.159304Z,822855,2026-09-01T00:05:00Z,Texas Rangers,Athletics,Production consensus,spreads,Athletics,1.5,-120,1.83
2026-08-31T22:53:58.159304Z,822855,2026-09-01T00:05:00Z,Texas Rangers,Athletics,Production consensus,spreads,Texas Rangers,-1.5,100,2.0
2026-08-31T22:53:58.159304Z,822855,2026-09-01T00:05:00Z,Texas Rangers,Athletics,Production consensus,totals,Over,7.5,-105,1.95
2026-08-31T22:53:58.159304Z,822855,2026-09-01T00:05:00Z,Texas Rangers,Athletics,Production consensus,totals,Under,7.5,-115,1.87
2026-08-31T22:53:58.159304Z,824149,2026-09-01T00:10:00Z,Houston Astros,Chicago White Sox,Production consensus,h2h,Chicago White Sox,,118,2.18
2026-08-31T22:53:58.159304Z,824149,2026-09-01T00:10:00Z,Houston Astros,Chicago White Sox,Production consensus,h2h,Houston Astros,,-128,1.78
2026-08-31T22:53:58.159304Z,824149,2026-09-01T00:10:00Z,Houston Astros,Chicago White Sox,Production consensus,spreads,Chicago White Sox,1.5,-189,1.53
2026-08-31T22:53:58.159304Z,824149,2026-09-01T00:10:00Z,Houston Astros,Chicago White Sox,Production consensus,spreads,Houston Astros,-1.5,155,2.55
2026-08-31T22:53:58.159304Z,824149,2026-09-01T00:10:00Z,Houston Astros,Chicago White Sox,Production consensus,totals,Over,8.5,-118,1.85
2026-08-31T22:53:58.159304Z,824149,2026-09-01T00:10:00Z,Houston Astros,Chicago White Sox,Production consensus,totals,Under,8.5,-102,1.98
2026-08-31T22:53:58.159304Z,824314,2026-09-01T00:40:00Z,Colorado Rockies,Baltimore Orioles,Production consensus,h2h,Baltimore Orioles,,-120,1.83
2026-08-31T22:53:58.159304Z,824314,2026-09-01T00:40:00Z,Colorado Rockies,Baltimore Orioles,Production consensus,h2h,Colorado Rockies,,108,2.08
2026-08-31T22:53:58.159304Z,824314,2026-09-01T00:40:00Z,Colorado Rockies,Baltimore Orioles,Production consensus,spreads,Baltimore Orioles,-1.5,120,2.2
2026-08-31T22:53:58.159304Z,824314,2026-09-01T00:40:00Z,Colorado Rockies,Baltimore Orioles,Production consensus,spreads,Colorado Rockies,1.5,-145,1.69
2026-08-31T22:53:58.159304Z,824314,2026-09-01T00:40:00Z,Colorado Rockies,Baltimore Orioles,Production consensus,totals,Over,11.0,-108,1.93
2026-08-31T22:53:58.159304Z,824314,2026-09-01T00:40:00Z,Colorado Rockies,Baltimore Orioles,Production consensus,totals,Under,11.0,-112,1.89
2026-08-31T22:53:58.159304Z,823982,2026-09-01T01:38:00Z,Los Angeles Angels,New York Yankees,Production consensus,h2h,Los Angeles Angels,,110,2.1
2026-08-31T22:53:58.159304Z,823982,2026-09-01T01:38:00Z,Los Angeles Angels,New York Yankees,Production consensus,h2h,New York Yankees,,-120,1.83
2026-08-31T22:53:58.159304Z,823982,2026-09-01T01:38:00Z,Los Angeles Angels,New York Yankees,Production consensus,spreads,Los Angeles Angels,1.5,-164,1.61
2026-08-31T22:53:58.159304Z,823982,2026-09-01T01:38:00Z,Los Angeles Angels,New York Yankees,Production consensus,spreads,New York Yankees,-1.5,135,2.35
2026-08-31T22:53:58.159304Z,823982,2026-09-01T01:38:00Z,Los Angeles Angels,New York Yankees,Production consensus,totals,Over,8.0,-106,1.94
2026-08-31T22:53:58.159304Z,823982,2026-09-01T01:38:00Z,Los Angeles Angels,New York Yankees,Production consensus,totals,Under,8.0,-114,1.88
2026-08-31T22:53:58.159304Z,825040,2026-09-01T01:40:00Z,Arizona Diamondbacks,Philadelphia Phillies,Production consensus,h2h,Arizona Diamondbacks,,102,2.02
2026-08-31T22:53:58.159304Z,825040,2026-09-01T01:40:00Z,Arizona Diamondbacks,Philadelphia Phillies,Production consensus,h2h,Philadelphia Phillies,,-112,1.89
2026-08-31T22:53:58.159304Z,825040,2026-09-01T01:40:00Z,Arizona Diamondbacks,Philadelphia Phillies,Production consensus,spreads,Arizona Diamondbacks,1.5,-169,1.59
2026-08-31T22:53:58.159304Z,825040,2026-09-01T01:40:00Z,Arizona Diamondbacks,Philadelphia Phillies,Production consensus,spreads,Philadelphia Phillies,-1.5,140,2.4
2026-08-31T22:53:58.159304Z,825040,2026-09-01T01:40:00Z,Arizona Diamondbacks,Philadelphia Phillies,Production consensus,totals,Over,8.5,-102,1.98
2026-08-31T22:53:58.159304Z,825040,2026-09-01T01:40:00Z,Arizona Diamondbacks,Philadelphia Phillies,Production consensus,totals,Under,8.5,-118,1.85
2026-09-01T21:05:07.635120Z,822929,2026-09-01T22:40:00Z,Tampa Bay Rays,New York Mets,Production consensus,h2h,New York Mets,,120,2.2
2026-09-01T21:05:07.635120Z,822929,2026-09-01T22:40:00Z,Tampa Bay Rays,New York Mets,Production consensus,h2h,Tampa Bay Rays,,-137,1.73
2026-09-01T21:05:07.635120Z,822929,2026-09-01T22:40:00Z,Tampa Bay Rays,New York Mets,Production consensus,spreads,New York Mets,1.5,-182,1.55
2026-09-01T21:05:07.635120Z,822929,2026-09-01T22:40:00Z,Tampa Bay Rays,New York Mets,Production consensus,spreads,Tampa Bay Rays,-1.5,150,2.5
2026-09-01T21:05:07.635120Z,822929,2026-09-01T22:40:00Z,Tampa Bay Rays,New York Mets,Production consensus,totals,Over,8.0,-105,1.95
2026-09-01T21:05:07.635120Z,822929,2026-09-01T22:40:00Z,Tampa Bay Rays,New York Mets,Production consensus,totals,Under,8.0,-115,1.87
2026-09-01T21:05:07.635120Z,823340,2026-09-01T22:40:00Z,Pittsburgh Pirates,San Francisco Giants,Production consensus,h2h,Pittsburgh Pirates,,-167,1.6
2026-09-01T21:05:07.635120Z,823340,2026-09-01T22:40:00Z,Pittsburgh Pirates,San Francisco Giants,Production consensus,h2h,San Francisco Giants,,140,2.4
2026-09-01T21:05:07.635120Z,823340,2026-09-01T22:40:00Z,Pittsburgh Pirates,San Francisco Giants,Production consensus,spreads,Pittsburgh Pirates,-1.5,135,2.35
2026-09-01T21:05:07.635120Z,823340,2026-09-01T22:40:00Z,Pittsburgh Pirates,San Francisco Giants,Production consensus,spreads,San Francisco Giants,1.5,-161,1.62
2026-09-01T21:05:07.635120Z,823340,2026-09-01T22:40:00Z,Pittsburgh Pirates,San Francisco Giants,Production consensus,totals,Over,7.5,-109,1.92
2026-09-01T21:05:07.635120Z,823340,2026-09-01T22:40:00Z,Pittsburgh Pirates,San Francisco Giants,Production consensus,totals,Under,7.5,-110,1.91
2026-09-01T21:05:07.635120Z,824391,2026-09-01T22:40:00Z,Cleveland Guardians,Toronto Blue Jays,Production consensus,h2h,Cleveland Guardians,,-179,1.56
2026-09-01T21:05:07.635120Z,824391,2026-09-01T22:40:00Z,Cleveland Guardians,Toronto Blue Jays,Production consensus,h2h,Toronto Blue Jays,,150,2.5
2026-09-01T21:05:07.635120Z,824391,2026-09-01T22:40:00Z,Cleveland Guardians,Toronto Blue Jays,Production consensus,spreads,Cleveland Guardians,-1.5,120,2.2
2026-09-01T21:05:07.635120Z,824391,2026-09-01T22:40:00Z,Cleveland Guardians,Toronto Blue Jays,Production consensus,spreads,Toronto Blue Jays,1.5,-145,1.69
2026-09-01T21:05:07.635120Z,824391,2026-09-01T22:40:00Z,Cleveland Guardians,Toronto Blue Jays,Production consensus,totals,Over,8.0,-105,1.95
2026-09-01T21:05:07.635120Z,824391,2026-09-01T22:40:00Z,Cleveland Guardians,Toronto Blue Jays,Production consensus,totals,Under,8.0,-114,1.88
2026-09-01T21:05:07.635120Z,824472,2026-09-01T22:40:00Z,Cincinnati Reds,San Diego Padres,Production consensus,h2h,Cincinnati Reds,,118,2.18
2026-09-01T21:05:07.635120Z,824472,2026-09-01T22:40:00Z,Cincinnati Reds,San Diego Padres,Production consensus,h2h,San Diego Padres,,-137,1.73
2026-09-01T21:05:07.635120Z,824472,2026-09-01T22:40:00Z,Cincinnati Reds,San Diego Padres,Production consensus,spreads,Cincinnati Reds,1.5,-135,1.74
2026-09-01T21:05:07.635120Z,824472,2026-09-01T22:40:00Z,Cincinnati Reds,San Diego Padres,Production consensus,spreads,San Diego Padres,-1.5,115,2.15
2026-09-01T21:05:07.635120Z,824472,2026-09-01T22:40:00Z,Cincinnati Reds,San Diego Padres,Production consensus,totals,Over,9.0,-118,1.85
2026-09-01T21:05:07.635120Z,824472,2026-09-01T22:40:00Z,Cincinnati Reds,San Diego Padres,Production consensus,totals,Under,9.0,-102,1.98
2026-09-01T21:05:07.635120Z,822687,2026-09-01T22:45:00Z,Washington Nationals,Atlanta Braves,Production consensus,h2h,Atlanta Braves,,-149,1.67
2026-09-01T21:05:07.635120Z,822687,2026-09-01T22:45:00Z,Washington Nationals,Atlanta Braves,Production consensus,h2h,Washington Nationals,,126,2.26
2026-09-01T21:05:07.635120Z,822687,2026-09-01T22:45:00Z,Washington Nationals,Atlanta Braves,Production consensus,spreads,Atlanta Braves,-1.5,106,2.06
2026-09-01T21:05:07.635120Z,822687,2026-09-01T22:45:00Z,Washington Nationals,Atlanta Braves,Production consensus,spreads,Washington Nationals,1.5,-128,1.78
2026-09-01T21:05:07.635120Z,822687,2026-09-01T22:45:00Z,Washington Nationals,Atlanta Braves,Production consensus,totals,Over,9.5,-118,1.85
2026-09-01T21:05:07.635120Z,822687,2026-09-01T22:45:00Z,Washington Nationals,Atlanta Braves,Production consensus,totals,Under,9.5,-102,1.98
2026-09-01T21:05:07.635120Z,824716,2026-09-01T22:45:00Z,Boston Red Sox,Seattle Mariners,Production consensus,h2h,Boston Red Sox,,-120,1.83
2026-09-01T21:05:07.635120Z,824716,2026-09-01T22:45:00Z,Boston Red Sox,Seattle Mariners,Production consensus,h2h,Seattle Mariners,,104,2.04
2026-09-01T21:05:07.635120Z,824716,2026-09-01T22:45:00Z,Boston Red Sox,Seattle Mariners,Production consensus,spreads,Boston Red Sox,-1.5,177,2.77
2026-09-01T21:05:07.635120Z,824716,2026-09-01T22:45:00Z,Boston Red Sox,Seattle Mariners,Production consensus,spreads,Seattle Mariners,1.5,-204,1.49
2026-09-01T21:05:07.635120Z,824716,2026-09-01T22:45:00Z,Boston Red Sox,Seattle Mariners,Production consensus,totals,Over,7.0,-122,1.82
2026-09-01T21:05:07.635120Z,824716,2026-09-01T22:45:00Z,Boston Red Sox,Seattle Mariners,Production consensus,totals,Under,7.0,102,2.02
2026-09-01T21:05:07.635120Z,823661,2026-09-01T23:40:00Z,Minnesota Twins,Detroit Tigers,Production consensus,h2h,Detroit Tigers,,-106,1.94
2026-09-01T21:05:07.635120Z,823661,2026-09-01T23:40:00Z,Minnesota Twins,Detroit Tigers,Production consensus,h2h,Minnesota Twins,,-110,1.91
2026-09-01T21:05:07.635120Z,823661,2026-09-01T23:40:00Z,Minnesota Twins,Detroit Tigers,Production consensus,spreads,Detroit Tigers,-1.5,150,2.5
2026-09-01T21:05:07.635120Z,823661,2026-09-01T23:40:00Z,Minnesota Twins,Detroit Tigers,Production consensus,spreads,Minnesota Twins,1.5,-179,1.56
2026-09-01T21:05:07.635120Z,823661,2026-09-01T23:40:00Z,Minnesota Twins,Detroit Tigers,Production consensus,totals,Over,8.5,-118,1.85
2026-09-01T21:05:07.635120Z,823661,2026-09-01T23:40:00Z,Minnesota Twins,Detroit Tigers,Production consensus,totals,Under,8.5,-102,1.98
2026-09-01T21:05:07.635120Z,824070,2026-09-01T23:40:00Z,Kansas City Royals,Miami Marlins,Production consensus,h2h,Kansas City Royals,,-114,1.88
2026-09-01T21:05:07.635120Z,824070,2026-09-01T23:40:00Z,Kansas City Royals,Miami Marlins,Production consensus,h2h,Miami Marlins,,-104,1.96
2026-09-01T21:05:07.635120Z,824070,2026-09-01T23:40:00Z,Kansas City Royals,Miami Marlins,Production consensus,spreads,Kansas City Royals,1.5,-189,1.53
2026-09-01T21:05:07.635120Z,824070,2026-09-01T23:40:00Z,Kansas City Royals,Miami Marlins,Production consensus,spreads,Miami Marlins,-1.5,154,2.54
2026-09-01T21:05:07.635120Z,824070,2026-09-01T23:40:00Z,Kansas City Royals,Miami Marlins,Production consensus,totals,Over,9.5,-120,1.83
2026-09-01T21:05:07.635120Z,824070,2026-09-01T23:40:00Z,Kansas City Royals,Miami Marlins,Production consensus,totals,Under,9.5,100,2.0
2026-09-01T21:05:07.635120Z,824633,2026-09-01T23:40:00Z,Chicago Cubs,Milwaukee Brewers,Production consensus,h2h,Chicago Cubs,,-122,1.82
2026-09-01T21:05:07.635120Z,824633,2026-09-01T23:40:00Z,Chicago Cubs,Milwaukee Brewers,Production consensus,h2h,Milwaukee Brewers,,106,2.06
2026-09-01T21:05:07.635120Z,824633,2026-09-01T23:40:00Z,Chicago Cubs,Milwaukee Brewers,Production consensus,spreads,Chicago Cubs,-1.5,154,2.54
2026-09-01T21:05:07.635120Z,824633,2026-09-01T23:40:00Z,Chicago Cubs,Milwaukee Brewers,Production consensus,spreads,Milwaukee Brewers,1.5,-182,1.55
2026-09-01T21:05:07.635120Z,824633,2026-09-01T23:40:00Z,Chicago Cubs,Milwaukee Brewers,Production consensus,totals,Over,10.0,-110,1.91
2026-09-01T21:05:07.635120Z,824633,2026-09-01T23:40:00Z,Chicago Cubs,Milwaukee Brewers,Production consensus,totals,Under,10.0,-108,1.93
2026-09-01T21:05:07.635120Z,822854,2026-09-02T00:05:00Z,Texas Rangers,Athletics,Production consensus,h2h,Athletics,,180,2.8
2026-09-01T21:05:07.635120Z,822854,2026-09-02T00:05:00Z,Texas Rangers,Athletics,Production consensus,h2h,Texas Rangers,,-222,1.45
2026-09-01T21:05:07.635120Z,822854,2026-09-02T00:05:00Z,Texas Rangers,Athletics,Production consensus,spreads,Athletics,1.5,-125,1.8
2026-09-01T21:05:07.635120Z,822854,2026-09-02T00:05:00Z,Texas Rangers,Athletics,Production consensus,spreads,Texas Rangers,-1.5,105,2.05
2026-09-01T21:05:07.635120Z,822854,2026-09-02T00:05:00Z,Texas Rangers,Athletics,Production consensus,totals,Over,7.5,-110,1.91
2026-09-01T21:05:07.635120Z,822854,2026-09-02T00:05:00Z,Texas Rangers,Athletics,Production consensus,totals,Under,7.5,-110,1.91
2026-09-01T21:05:07.635120Z,824148,2026-09-02T00:10:00Z,Houston Astros,Chicago White Sox,Production consensus,h2h,Chicago White Sox,,-108,1.93
2026-09-01T21:05:07.635120Z,824148,2026-09-02T00:10:00Z,Houston Astros,Chicago White Sox,Production consensus,h2h,Houston Astros,,-108,1.93
2026-09-01T21:05:07.635120Z,824148,2026-09-02T00:10:00Z,Houston Astros,Chicago White Sox,Production consensus,spreads,Chicago White Sox,-1.5,146,2.46
2026-09-01T21:05:07.635120Z,824148,2026-09-02T00:10:00Z,Houston Astros,Chicago White Sox,Production consensus,spreads,Houston Astros,1.5,-172,1.58
2026-09-01T21:05:07.635120Z,824148,2026-09-02T00:10:00Z,Houston Astros,Chicago White Sox,Production consensus,totals,Over,8.5,-111,1.9
2026-09-01T21:05:07.635120Z,824148,2026-09-02T00:10:00Z,Houston Astros,Chicago White Sox,Production consensus,totals,Under,8.5,-109,1.92
2026-09-01T21:05:07.635120Z,824313,2026-09-02T00:40:00Z,Colorado Rockies,Baltimore Orioles,Production consensus,h2h,Baltimore Orioles,,-149,1.67
2026-09-01T21:05:07.635120Z,824313,2026-09-02T00:40:00Z,Colorado Rockies,Baltimore Orioles,Production consensus,h2h,Colorado Rockies,,126,2.26
2026-09-01T21:05:07.635120Z,824313,2026-09-02T00:40:00Z,Colorado Rockies,Baltimore Orioles,Production consensus,spreads,Baltimore Orioles,-1.5,101,2.01
2026-09-01T21:05:07.635120Z,824313,2026-09-02T00:40:00Z,Colorado Rockies,Baltimore Orioles,Production consensus,spreads,Colorado Rockies,1.5,-120,1.83
2026-09-01T21:05:07.635120Z,824313,2026-09-02T00:40:00Z,Colorado Rockies,Baltimore Orioles,Production consensus,totals,Over,11.0,-118,1.85
2026-09-01T21:05:07.635120Z,824313,2026-09-02T00:40:00Z,Colorado Rockies,Baltimore Orioles,Production consensus,totals,Under,11.0,-102,1.98
2026-09-01T21:05:07.635120Z,823984,2026-09-02T01:38:00Z,Los Angeles Angels,New York Yankees,Production consensus,h2h,Los Angeles Angels,,157,2.57
2026-09-01T21:05:07.635120Z,823984,2026-09-02T01:38:00Z,Los Angeles Angels,New York Yankees,Production consensus,h2h,New York Yankees,,-185,1.54
2026-09-01T21:05:07.635120Z,823984,2026-09-02T01:38:00Z,Los Angeles Angels,New York Yankees,Production consensus,spreads,Los Angeles Angels,1.5,-110,1.91
2026-09-01T21:05:07.635120Z,823984,2026-09-02T01:38:00Z,Los Angeles Angels,New York Yankees,Production consensus,spreads,New York Yankees,-1.5,-108,1.93
2026-09-01T21:05:07.635120Z,823984,2026-09-02T01:38:00Z,Los Angeles Angels,New York Yankees,Production consensus,totals,Over,7.5,100,2.0
2026-09-01T21:05:07.635120Z,823984,2026-09-02T01:38:00Z,Los Angeles Angels,New York Yankees,Production consensus,totals,Under,7.5,-120,1.83
2026-09-01T21:05:07.635120Z,825038,2026-09-02T01:40:00Z,Arizona Diamondbacks,Philadelphia Phillies,Production consensus,h2h,Arizona Diamondbacks,,114,2.14
2026-09-01T21:05:07.635120Z,825038,2026-09-02T01:40:00Z,Arizona Diamondbacks,Philadelphia Phillies,Production consensus,h2h,Philadelphia Phillies,,-133,1.75
2026-09-01T21:05:07.635120Z,825038,2026-09-02T01:40:00Z,Arizona Diamondbacks,Philadelphia Phillies,Production consensus,spreads,Arizona Diamondbacks,1.5,-154,1.65
2026-09-01T21:05:07.635120Z,825038,2026-09-02T01:40:00Z,Arizona Diamondbacks,Philadelphia Phillies,Production consensus,spreads,Philadelphia Phillies,-1.5,130,2.3
2026-09-01T21:05:07.635120Z,825038,2026-09-02T01:40:00Z,Arizona Diamondbacks,Philadelphia Phillies,Production consensus,totals,Over,7.5,-102,1.98
2026-09-01T21:05:07.635120Z,825038,2026-09-02T01:40:00Z,Arizona Diamondbacks,Philadelphia Phillies,Production consensus,totals,Under,7.5,-118,1.85
2026-09-01T21:05:07.635120Z,823908,2026-09-02T02:10:00Z,Los Angeles Dodgers,St. Louis Cardinals,Production consensus,h2h,Los Angeles Dodgers,,-189,1.53
2026-09-01T21:05:07.635120Z,823908,2026-09-02T02:10:00Z,Los Angeles Dodgers,St. Louis Cardinals,Production consensus,h2h,St. Louis Cardinals,,163,2.63
2026-09-01T21:05:07.635120Z,823908,2026-09-02T02:10:00Z,Los Angeles Dodgers,St. Louis Cardinals,Production consensus,spreads,Los Angeles Dodgers,-1.5,106,2.06
2026-09-01T21:05:07.635120Z,823908,2026-09-02T02:10:00Z,Los Angeles Dodgers,St. Louis Cardinals,Production consensus,spreads,St. Louis Cardinals,1.5,-127,1.79
2026-09-01T21:05:07.635120Z,823908,2026-09-02T02:10:00Z,Los Angeles Dodgers,St. Louis Cardinals,Production consensus,totals,Over,9.0,100,2.0
2026-09-01T21:05:07.635120Z,823908,2026-09-02T02:10:00Z,Los Angeles Dodgers,St. Louis Cardinals,Production consensus,totals,Under,9.0,-120,1.83
2026-09-01T23:21:15.533220Z,823661,2026-09-01T23:40:00Z,Minnesota Twins,Detroit Tigers,Production consensus,h2h,Detroit Tigers,,-105,1.95
2026-09-01T23:21:15.533220Z,823661,2026-09-01T23:40:00Z,Minnesota Twins,Detroit Tigers,Production consensus,h2h,Minnesota Twins,,-112,1.89
2026-09-01T23:21:15.533220Z,823661,2026-09-01T23:40:00Z,Minnesota Twins,Detroit Tigers,Production consensus,spreads,Detroit Tigers,-1.5,155,2.55
2026-09-01T23:21:15.533220Z,823661,2026-09-01T23:40:00Z,Minnesota Twins,Detroit Tigers,Production consensus,spreads,Minnesota Twins,1.5,-185,1.54
2026-09-01T23:21:15.533220Z,823661,2026-09-01T23:40:00Z,Minnesota Twins,Detroit Tigers,Production consensus,totals,Over,8.5,-110,1.91
2026-09-01T23:21:15.533220Z,823661,2026-09-01T23:40:00Z,Minnesota Twins,Detroit Tigers,Production consensus,totals,Under,8.5,-110,1.91
2026-09-01T23:21:15.533220Z,824070,2026-09-01T23:40:00Z,Kansas City Royals,Miami Marlins,Production consensus,h2h,Kansas City Royals,,-114,1.88
2026-09-01T23:21:15.533220Z,824070,2026-09-01T23:40:00Z,Kansas City Royals,Miami Marlins,Production consensus,h2h,Miami Marlins,,-105,1.95
2026-09-01T23:21:15.533220Z,824070,2026-09-01T23:40:00Z,Kansas City Royals,Miami Marlins,Production consensus,spreads,Kansas City Royals,1.5,-185,1.54
2026-09-01T23:21:15.533220Z,824070,2026-09-01T23:40:00Z,Kansas City Royals,Miami Marlins,Production consensus,spreads,Miami Marlins,-1.5,154,2.54
2026-09-01T23:21:15.533220Z,824070,2026-09-01T23:40:00Z,Kansas City Royals,Miami Marlins,Production consensus,totals,Over,9.5,-118,1.85
2026-09-01T23:21:15.533220Z,824070,2026-09-01T23:40:00Z,Kansas City Royals,Miami Marlins,Production consensus,totals,Under,9.5,-102,1.98
2026-09-01T23:21:15.533220Z,824633,2026-09-01T23:40:00Z,Chicago Cubs,Milwaukee Brewers,Production consensus,h2h,Chicago Cubs,,-122,1.82
2026-09-01T23:21:15.533220Z,824633,2026-09-01T23:40:00Z,Chicago Cubs,Milwaukee Brewers,Production consensus,h2h,Milwaukee Brewers,,104,2.04
2026-09-01T23:21:15.533220Z,824633,2026-09-01T23:40:00Z,Chicago Cubs,Milwaukee Brewers,Production consensus,spreads,Chicago Cubs,-1.5,154,2.54
2026-09-01T23:21:15.533220Z,824633,2026-09-01T23:40:00Z,Chicago Cubs,Milwaukee Brewers,Production consensus,spreads,Milwaukee Brewers,1.5,-185,1.54
2026-09-01T23:21:15.533220Z,824633,2026-09-01T23:40:00Z,Chicago Cubs,Milwaukee Brewers,Production consensus,totals,Over,10.0,-106,1.94
2026-09-01T23:21:15.533220Z,824633,2026-09-01T23:40:00Z,Chicago Cubs,Milwaukee Brewers,Production consensus,totals,Under,10.0,-112,1.89
2026-09-01T23:21:15.533220Z,822854,2026-09-02T00:05:00Z,Texas Rangers,Athletics,Production consensus,h2h,Athletics,,180,2.8
2026-09-01T23:21:15.533220Z,822854,2026-09-02T00:05:00Z,Texas Rangers,Athletics,Production consensus,h2h,Texas Rangers,,-222,1.45
2026-09-01T23:21:15.533220Z,822854,2026-09-02T00:05:00Z,Texas Rangers,Athletics,Production consensus,spreads,Athletics,1.5,-125,1.8
2026-09-01T23:21:15.533220Z,822854,2026-09-02T00:05:00Z,Texas Rangers,Athletics,Production consensus,spreads,Texas Rangers,-1.5,105,2.05
2026-09-01T23:21:15.533220Z,822854,2026-09-02T00:05:00Z,Texas Rangers,Athletics,Production consensus,totals,Over,7.5,-110,1.91
2026-09-01T23:21:15.533220Z,822854,2026-09-02T00:05:00Z,Texas Rangers,Athletics,Production consensus,totals,Under,7.5,-110,1.91
2026-09-01T23:21:15.533220Z,824148,2026-09-02T00:10:00Z,Houston Astros,Chicago White Sox,Production consensus,h2h,Chicago White Sox,,-112,1.89
2026-09-01T23:21:15.533220Z,824148,2026-09-02T00:10:00Z,Houston Astros,Chicago White Sox,Production consensus,h2h,Houston Astros,,-105,1.95
2026-09-01T23:21:15.533220Z,824148,2026-09-02T00:10:00Z,Houston Astros,Chicago White Sox,Production consensus,spreads,Chicago White Sox,-1.5,145,2.45
2026-09-01T23:21:15.533220Z,824148,2026-09-02T00:10:00Z,Houston Astros,Chicago White Sox,Production consensus,spreads,Houston Astros,1.5,-175,1.57
2026-09-01T23:21:15.533220Z,824148,2026-09-02T00:10:00Z,Houston Astros,Chicago White Sox,Production consensus,totals,Over,8.5,-115,1.87
2026-09-01T23:21:15.533220Z,824148,2026-09-02T00:10:00Z,Houston Astros,Chicago White Sox,Production consensus,totals,Under,8.5,-106,1.94
2026-09-01T23:21:15.533220Z,824313,2026-09-02T00:40:00Z,Colorado Rockies,Baltimore Orioles,Production consensus,h2h,Baltimore Orioles,,-152,1.66
2026-09-01T23:21:15.533220Z,824313,2026-09-02T00:40:00Z,Colorado Rockies,Baltimore Orioles,Production consensus,h2h,Colorado Rockies,,132,2.32
2026-09-01T23:21:15.533220Z,824313,2026-09-02T00:40:00Z,Colorado Rockies,Baltimore Orioles,Production consensus,spreads,Baltimore Orioles,-1.5,100,2.0
2026-09-01T23:21:15.533220Z,824313,2026-09-02T00:40:00Z,Colorado Rockies,Baltimore Orioles,Production consensus,spreads,Colorado Rockies,1.5,-120,1.83
2026-09-01T23:21:15.533220Z,824313,2026-09-02T00:40:00Z,Colorado Rockies,Baltimore Orioles,Production consensus,totals,Over,11.0,-119,1.84
2026-09-01T23:21:15.533220Z,824313,2026-09-02T00:40:00Z,Colorado Rockies,Baltimore Orioles,Production consensus,totals,Under,11.0,100,2.0
2026-09-01T23:21:15.533220Z,823984,2026-09-02T01:38:00Z,Los Angeles Angels,New York Yankees,Production consensus,h2h,Los Angeles Angels,,151,2.51
2026-09-01T23:21:15.533220Z,823984,2026-09-02T01:38:00Z,Los Angeles Angels,New York Yankees,Production consensus,h2h,New York Yankees,,-175,1.57
2026-09-01T23:21:15.533220Z,823984,2026-09-02T01:38:00Z,Los Angeles Angels,New York Yankees,Production consensus,spreads,Los Angeles Angels,1.5,-118,1.85
2026-09-01T23:21:15.533220Z,823984,2026-09-02T01:38:00Z,Los Angeles Angels,New York Yankees,Production consensus,spreads,New York Yankees,-1.5,-103,1.97
2026-09-01T23:21:15.533220Z,823984,2026-09-02T01:38:00Z,Los Angeles Angels,New York Yankees,Production consensus,totals,Over,7.0,10000,101.0
2026-09-01T23:21:15.533220Z,823984,2026-09-02T01:38:00Z,Los Angeles Angels,New York Yankees,Production consensus,totals,Under,7.0,-118,1.85
2026-09-01T23:21:15.533220Z,825038,2026-09-02T01:40:00Z,Arizona Diamondbacks,Philadelphia Phillies,Production consensus,h2h,Arizona Diamondbacks,,114,2.14
2026-09-01T23:21:15.533220Z,825038,2026-09-02T01:40:00Z,Arizona Diamondbacks,Philadelphia Phillies,Production consensus,h2h,Philadelphia Phillies,,-133,1.75
2026-09-01T23:21:15.533220Z,825038,2026-09-02T01:40:00Z,Arizona Diamondbacks,Philadelphia Phillies,Production consensus,spreads,Arizona Diamondbacks,1.5,-154,1.65
2026-09-01T23:21:15.533220Z,825038,2026-09-02T01:40:00Z,Arizona Diamondbacks,Philadelphia Phillies,Production consensus,spreads,Philadelphia Phillies,-1.5,130,2.3
2026-09-01T23:21:15.533220Z,825038,2026-09-02T01:40:00Z,Arizona Diamondbacks,Philadelphia Phillies,Production consensus,totals,Over,7.5,-102,1.98
2026-09-01T23:21:15.533220Z,825038,2026-09-02T01:40:00Z,Arizona Diamondbacks,Philadelphia Phillies,Production consensus,totals,Under,7.5,-118,1.85
2026-09-01T23:21:15.533220Z,823908,2026-09-02T02:10:00Z,Los Angeles Dodgers,St. Louis Cardinals,Production consensus,h2h,Los Angeles Dodgers,,-196,1.51
2026-09-01T23:21:15.533220Z,823908,2026-09-02T02:10:00Z,Los Angeles Dodgers,St. Louis Cardinals,Production consensus,h2h,St. Louis Cardinals,,164,2.64
2026-09-01T23:21:15.533220Z,823908,2026-09-02T02:10:00Z,Los Angeles Dodgers,St. Louis Cardinals,Production consensus,spreads,Los Angeles Dodgers,-1.5,108,2.08
2026-09-01T23:21:15.533220Z,823908,2026-09-02T02:10:00Z,Los Angeles Dodgers,St. Louis Cardinals,Production consensus,spreads,St. Louis Cardinals,1.5,-130,1.77
2026-09-01T23:21:15.533220Z,823908,2026-09-02T02:10:00Z,Los Angeles Dodgers,St. Louis Cardinals,Production consensus,totals,Over,8.5,-122,1.82
2026-09-01T23:21:15.533220Z,823908,2026-09-02T02:10:00Z,Los Angeles Dodgers,St. Louis Cardinals,Production consensus,totals,Under,8.5,100,2.0
2026-09-02T09:41:29.237428Z,824470,2026-09-02T16:40:00Z,Cincinnati Reds,San Diego Padres,Production consensus,h2h,Cincinnati Reds,,124,2.24
2026-09-02T09:41:29.237428Z,824470,2026-09-02T16:40:00Z,Cincinnati Reds,San Diego Padres,Production consensus,h2h,San Diego Padres,,-147,1.68
2026-09-02T09:41:29.237428Z,824470,2026-09-02T16:40:00Z,Cincinnati Reds,San Diego Padres,Production consensus,spreads,Cincinnati Reds,1.5,-125,1.8
2026-09-02T09:41:29.237428Z,824470,2026-09-02T16:40:00Z,Cincinnati Reds,San Diego Padres,Production consensus,spreads,San Diego Padres,-1.5,105,2.05
2026-09-02T09:41:29.237428Z,824470,2026-09-02T16:40:00Z,Cincinnati Reds,San Diego Padres,Production consensus,totals,Over,9.5,-108,1.93
2026-09-02T09:41:29.237428Z,824470,2026-09-02T16:40:00Z,Cincinnati Reds,San Diego Padres,Production consensus,totals,Under,9.5,-111,1.9
2026-09-02T09:41:29.237428Z,822686,2026-09-02T17:05:00Z,Washington Nationals,Atlanta Braves,Production consensus,h2h,Atlanta Braves,,-159,1.63
2026-09-02T09:41:29.237428Z,822686,2026-09-02T17:05:00Z,Washington Nationals,Atlanta Braves,Production consensus,h2h,Washington Nationals,,135,2.35
2026-09-02T09:41:29.237428Z,822686,2026-09-02T17:05:00Z,Washington Nationals,Atlanta Braves,Production consensus,spreads,Atlanta Braves,-1.5,-102,1.98
2026-09-02T09:41:29.237428Z,822686,2026-09-02T17:05:00Z,Washington Nationals,Atlanta Braves,Production consensus,spreads,Washington Nationals,1.5,-119,1.84
2026-09-02T09:41:29.237428Z,822686,2026-09-02T17:05:00Z,Washington Nationals,Atlanta Braves,Production consensus,totals,Over,9.0,-112,1.89
2026-09-02T09:41:29.237428Z,822686,2026-09-02T17:05:00Z,Washington Nationals,Atlanta Braves,Production consensus,totals,Under,9.0,-108,1.93
2026-09-02T14:32:44.946940Z,824470,2026-09-02T16:40:00Z,Cincinnati Reds,San Diego Padres,Production consensus,h2h,Cincinnati Reds,,130,2.3
2026-09-02T14:32:44.946940Z,824470,2026-09-02T16:40:00Z,Cincinnati Reds,San Diego Padres,Production consensus,h2h,San Diego Padres,,-152,1.66
2026-09-02T14:32:44.946940Z,824470,2026-09-02T16:40:00Z,Cincinnati Reds,San Diego Padres,Production consensus,spreads,Cincinnati Reds,1.5,-125,1.8
2026-09-02T14:32:44.946940Z,824470,2026-09-02T16:40:00Z,Cincinnati Reds,San Diego Padres,Production consensus,spreads,San Diego Padres,-1.5,105,2.05
2026-09-02T14:32:44.946940Z,824470,2026-09-02T16:40:00Z,Cincinnati Reds,San Diego Padres,Production consensus,totals,Over,9.5,100,2.0
2026-09-02T14:32:44.946940Z,824470,2026-09-02T16:40:00Z,Cincinnati Reds,San Diego Padres,Production consensus,totals,Under,9.5,-120,1.83
2026-09-02T14:32:44.946940Z,822686,2026-09-02T17:05:00Z,Washington Nationals,Atlanta Braves,Production consensus,h2h,Atlanta Braves,,-145,1.69
2026-09-02T14:32:44.946940Z,822686,2026-09-02T17:05:00Z,Washington Nationals,Atlanta Braves,Production consensus,h2h,Washington Nationals,,124,2.24
2026-09-02T14:32:44.946940Z,822686,2026-09-02T17:05:00Z,Washington Nationals,Atlanta Braves,Production consensus,spreads,Atlanta Braves,-1.5,110,2.1
2026-09-02T14:32:44.946940Z,822686,2026-09-02T17:05:00Z,Washington Nationals,Atlanta Braves,Production consensus,spreads,Washington Nationals,1.5,-130,1.77
2026-09-02T14:32:44.946940Z,822686,2026-09-02T17:05:00Z,Washington Nationals,Atlanta Braves,Production consensus,totals,Over,9.5,100,2.0
2026-09-02T14:32:44.946940Z,822686,2026-09-02T17:05:00Z,Washington Nationals,Atlanta Braves,Production consensus,totals,Under,9.5,-120,1.83
2026-09-02T14:32:44.946940Z,822851,2026-09-02T18:35:00Z,Texas Rangers,Athletics,Production consensus,h2h,Athletics,,138,2.38
2026-09-02T14:32:44.946940Z,822851,2026-09-02T18:35:00Z,Texas Rangers,Athletics,Production consensus,h2h,Texas Rangers,,-164,1.61
2026-09-02T14:32:44.946940Z,822851,2026-09-02T18:35:00Z,Texas Rangers,Athletics,Production consensus,spreads,Athletics,1.5,-156,1.64
2026-09-02T14:32:44.946940Z,822851,2026-09-02T18:35:00Z,Texas Rangers,Athletics,Production consensus,spreads,Texas Rangers,-1.5,130,2.3
2026-09-02T14:32:44.946940Z,822851,2026-09-02T18:35:00Z,Texas Rangers,Athletics,Production consensus,totals,Over,8.0,-104,1.96
2026-09-02T14:32:44.946940Z,822851,2026-09-02T18:35:00Z,Texas Rangers,Athletics,Production consensus,totals,Under,8.0,-116,1.86
2026-09-02T14:32:44.946940Z,824312,2026-09-02T19:10:00Z,Colorado Rockies,Baltimore Orioles,Production consensus,h2h,Baltimore Orioles,,-161,1.62
2026-09-02T14:32:44.946940Z,824312,2026-09-02T19:10:00Z,Colorado Rockies,Baltimore Orioles,Production consensus,h2h,Colorado Rockies,,138,2.38
2026-09-02T14:32:44.946940Z,824312,2026-09-02T19:10:00Z,Colorado Rockies,Baltimore Orioles,Production consensus,spreads,Baltimore Orioles,-1.5,-108,1.93
2026-09-02T14:32:44.946940Z,824312,2026-09-02T19:10:00Z,Colorado Rockies,Baltimore Orioles,Production consensus,spreads,Colorado Rockies,1.5,-112,1.89
2026-09-02T14:32:44.946940Z,824312,2026-09-02T19:10:00Z,Colorado Rockies,Baltimore Orioles,Production consensus,totals,Over,11.5,100,2.0
2026-09-02T14:32:44.946940Z,824312,2026-09-02T19:10:00Z,Colorado Rockies,Baltimore Orioles,Production consensus,totals,Under,11.5,-120,1.83
2026-09-02T14:32:44.946940Z,825037,2026-09-02T19:40:00Z,Arizona Diamondbacks,Philadelphia Phillies,Production consensus,h2h,Arizona Diamondbacks,,-102,1.98
2026-09-02T14:32:44.946940Z,825037,2026-09-02T19:40:00Z,Arizona Diamondbacks,Philadelphia Phillies,Production consensus,h2h,Philadelphia Phillies,,-116,1.86
2026-09-02T14:32:44.946940Z,825037,2026-09-02T19:40:00Z,Arizona Diamondbacks,Philadelphia Phillies,Production consensus,spreads,Arizona Diamondbacks,1.5,-164,1.61
2026-09-02T14:32:44.946940Z,825037,2026-09-02T19:40:00Z,Arizona Diamondbacks,Philadelphia Phillies,Production consensus,spreads,Philadelphia Phillies,-1.5,136,2.36
2026-09-02T14:32:44.946940Z,825037,2026-09-02T19:40:00Z,Arizona Diamondbacks,Philadelphia Phillies,Production consensus,totals,Over,9.0,-115,1.87
2026-09-02T14:32:44.946940Z,825037,2026-09-02T19:40:00Z,Arizona Diamondbacks,Philadelphia Phillies,Production consensus,totals,Under,9.0,-105,1.95
2026-09-02T14:32:44.946940Z,824717,2026-09-02T20:10:00Z,Boston Red Sox,Seattle Mariners,Production consensus,h2h,Boston Red Sox,,-135,1.74
2026-09-02T14:32:44.946940Z,824717,2026-09-02T20:10:00Z,Boston Red Sox,Seattle Mariners,Production consensus,h2h,Seattle Mariners,,117,2.17
2026-09-02T14:32:44.946940Z,824717,2026-09-02T20:10:00Z,Boston Red Sox,Seattle Mariners,Production consensus,spreads,Boston Red Sox,-1.5,154,2.54
2026-09-02T14:32:44.946940Z,824717,2026-09-02T20:10:00Z,Boston Red Sox,Seattle Mariners,Production consensus,spreads,Seattle Mariners,1.5,-185,1.54
2026-09-02T14:32:44.946940Z,824717,2026-09-02T20:10:00Z,Boston Red Sox,Seattle Mariners,Production consensus,totals,Over,8.5,-110,1.91
2026-09-02T14:32:44.946940Z,824717,2026-09-02T20:10:00Z,Boston Red Sox,Seattle Mariners,Production consensus,totals,Under,8.5,-110,1.91
2026-09-02T18:46:11.337796Z,824312,2026-09-02T19:10:00Z,Colorado Rockies,Baltimore Orioles,Production consensus,h2h,Baltimore Orioles,,-179,1.56
2026-09-02T18:46:11.337796Z,824312,2026-09-02T19:10:00Z,Colorado Rockies,Baltimore Orioles,Production consensus,h2h,Colorado Rockies,,149,2.49
2026-09-02T18:46:11.337796Z,824312,2026-09-02T19:10:00Z,Colorado Rockies,Baltimore Orioles,Production consensus,spreads,Baltimore Orioles,-1.5,-119,1.84
2026-09-02T18:46:11.337796Z,824312,2026-09-02T19:10:00Z,Colorado Rockies,Baltimore Orioles,Production consensus,spreads,Colorado Rockies,1.5,100,2.0
2026-09-02T18:46:11.337796Z,824312,2026-09-02T19:10:00Z,Colorado Rockies,Baltimore Orioles,Production consensus,totals,Over,11.5,-102,1.98
2026-09-02T18:46:11.337796Z,824312,2026-09-02T19:10:00Z,Colorado Rockies,Baltimore Orioles,Production consensus,totals,Under,11.5,-119,1.84
2026-09-02T18:46:11.337796Z,825037,2026-09-02T19:40:00Z,Arizona Diamondbacks,Philadelphia Phillies,Production consensus,h2h,Arizona Diamondbacks,,110,2.1
2026-09-02T18:46:11.337796Z,825037,2026-09-02T19:40:00Z,Arizona Diamondbacks,Philadelphia Phillies,Production consensus,h2h,Philadelphia Phillies,,-130,1.77
2026-09-02T18:46:11.337796Z,825037,2026-09-02T19:40:00Z,Arizona Diamondbacks,Philadelphia Phillies,Production consensus,spreads,Arizona Diamondbacks,1.5,-149,1.67
2026-09-02T18:46:11.337796Z,825037,2026-09-02T19:40:00Z,Arizona Diamondbacks,Philadelphia Phillies,Production consensus,spreads,Philadelphia Phillies,-1.5,125,2.25
2026-09-02T18:46:11.337796Z,825037,2026-09-02T19:40:00Z,Arizona Diamondbacks,Philadelphia Phillies,Production consensus,totals,Over,8.5,-118,1.85
2026-09-02T18:46:11.337796Z,825037,2026-09-02T19:40:00Z,Arizona Diamondbacks,Philadelphia Phillies,Production consensus,totals,Under,8.5,-102,1.98
2026-09-02T18:46:11.337796Z,824717,2026-09-02T20:10:00Z,Boston Red Sox,Seattle Mariners,Production consensus,h2h,Boston Red Sox,,-145,1.69
2026-09-02T18:46:11.337796Z,824717,2026-09-02T20:10:00Z,Boston Red Sox,Seattle Mariners,Production consensus,h2h,Seattle Mariners,,125,2.25
2026-09-02T18:46:11.337796Z,824717,2026-09-02T20:10:00Z,Boston Red Sox,Seattle Mariners,Production consensus,spreads,Boston Red Sox,-1.5,145,2.45
2026-09-02T18:46:11.337796Z,824717,2026-09-02T20:10:00Z,Boston Red Sox,Seattle Mariners,Production consensus,spreads,Seattle Mariners,1.5,-175,1.57
2026-09-02T18:46:11.337796Z,824717,2026-09-02T20:10:00Z,Boston Red Sox,Seattle Mariners,Production consensus,totals,Over,8.5,-105,1.95
2026-09-02T18:46:11.337796Z,824717,2026-09-02T20:10:00Z,Boston Red Sox,Seattle Mariners,Production consensus,totals,Under,8.5,-115,1.87
2026-09-02T18:46:11.337796Z,822931,2026-09-02T22:40:00Z,Tampa Bay Rays,New York Mets,Production consensus,h2h,New York Mets,,150,2.5
2026-09-02T18:46:11.337796Z,822931,2026-09-02T22:40:00Z,Tampa Bay Rays,New York Mets,Production consensus,h2h,Tampa Bay Rays,,-179,1.56
2026-09-02T18:46:11.337796Z,822931,2026-09-02T22:40:00Z,Tampa Bay Rays,New York Mets,Production consensus,spreads,New York Mets,1.5,-143,1.7
2026-09-02T18:46:11.337796Z,822931,2026-09-02T22:40:00Z,Tampa Bay Rays,New York Mets,Production consensus,spreads,Tampa Bay Rays,-1.5,120,2.2
2026-09-02T18:46:11.337796Z,822931,2026-09-02T22:40:00Z,Tampa Bay Rays,New York Mets,Production consensus,totals,Over,8.0,-110,1.91
2026-09-02T18:46:11.337796Z,822931,2026-09-02T22:40:00Z,Tampa Bay Rays,New York Mets,Production consensus,totals,Under,8.0,-110,1.91
2026-09-02T18:46:11.337796Z,823339,2026-09-02T22:40:00Z,Pittsburgh Pirates,San Francisco Giants,Production consensus,h2h,Pittsburgh Pirates,,-152,1.66
2026-09-02T18:46:11.337796Z,823339,2026-09-02T22:40:00Z,Pittsburgh Pirates,San Francisco Giants,Production consensus,h2h,San Francisco Giants,,130,2.3
2026-09-02T18:46:11.337796Z,823339,2026-09-02T22:40:00Z,Pittsburgh Pirates,San Francisco Giants,Production consensus,spreads,Pittsburgh Pirates,-1.5,139,2.39
2026-09-02T18:46:11.337796Z,823339,2026-09-02T22:40:00Z,Pittsburgh Pirates,San Francisco Giants,Production consensus,spreads,San Francisco Giants,1.5,-164,1.61
2026-09-02T18:46:11.337796Z,823339,2026-09-02T22:40:00Z,Pittsburgh Pirates,San Francisco Giants,Production consensus,totals,Over,8.5,-120,1.83
2026-09-02T18:46:11.337796Z,823339,2026-09-02T22:40:00Z,Pittsburgh Pirates,San Francisco Giants,Production consensus,totals,Under,8.5,100,2.0
2026-09-02T18:46:11.337796Z,824390,2026-09-02T22:40:00Z,Cleveland Guardians,Toronto Blue Jays,Production consensus,h2h,Cleveland Guardians,,109,2.09
2026-09-02T18:46:11.337796Z,824390,2026-09-02T22:40:00Z,Cleveland Guardians,Toronto Blue Jays,Production consensus,h2h,Toronto Blue Jays,,-127,1.79
2026-09-02T18:46:11.337796Z,824390,2026-09-02T22:40:00Z,Cleveland Guardians,Toronto Blue Jays,Production consensus,spreads,Cleveland Guardians,1.5,-164,1.61
2026-09-02T18:46:11.337796Z,824390,2026-09-02T22:40:00Z,Cleveland Guardians,Toronto Blue Jays,Production consensus,spreads,Toronto Blue Jays,-1.5,136,2.36
2026-09-02T18:46:11.337796Z,824390,2026-09-02T22:40:00Z,Cleveland Guardians,Toronto Blue Jays,Production consensus,totals,Over,7.5,100,2.0
2026-09-02T18:46:11.337796Z,824390,2026-09-02T22:40:00Z,Cleveland Guardians,Toronto Blue Jays,Production consensus,totals,Under,7.5,-120,1.83
2026-09-02T18:46:11.337796Z,823660,2026-09-02T23:40:00Z,Minnesota Twins,Detroit Tigers,Production consensus,h2h,Detroit Tigers,,-105,1.95
2026-09-02T18:46:11.337796Z,823660,2026-09-02T23:40:00Z,Minnesota Twins,Detroit Tigers,Production consensus,h2h,Minnesota Twins,,-114,1.88
2026-09-02T18:46:11.337796Z,823660,2026-09-02T23:40:00Z,Minnesota Twins,Detroit Tigers,Production consensus,spreads,Detroit Tigers,-1.5,155,2.55
2026-09-02T18:46:11.337796Z,823660,2026-09-02T23:40:00Z,Minnesota Twins,Detroit Tigers,Production consensus,spreads,Minnesota Twins,1.5,-189,1.53
2026-09-02T18:46:11.337796Z,823660,2026-09-02T23:40:00Z,Minnesota Twins,Detroit Tigers,Production consensus,totals,Over,8.5,-120,1.83
2026-09-02T18:46:11.337796Z,823660,2026-09-02T23:40:00Z,Minnesota Twins,Detroit Tigers,Production consensus,totals,Under,8.5,100,2.0
2026-09-02T18:46:11.337796Z,824068,2026-09-02T23:40:00Z,Kansas City Royals,Miami Marlins,Production consensus,h2h,Kansas City Royals,,-112,1.89
2026-09-02T18:46:11.337796Z,824068,2026-09-02T23:40:00Z,Kansas City Royals,Miami Marlins,Production consensus,h2h,Miami Marlins,,-105,1.95
2026-09-02T18:46:11.337796Z,824068,2026-09-02T23:40:00Z,Kansas City Royals,Miami Marlins,Production consensus,spreads,Kansas City Royals,1.5,-185,1.54
2026-09-02T18:46:11.337796Z,824068,2026-09-02T23:40:00Z,Kansas City Royals,Miami Marlins,Production consensus,spreads,Miami Marlins,-1.5,150,2.5
2026-09-02T18:46:11.337796Z,824068,2026-09-02T23:40:00Z,Kansas City Royals,Miami Marlins,Production consensus,totals,Over,9.0,-105,1.95
2026-09-02T18:46:11.337796Z,824068,2026-09-02T23:40:00Z,Kansas City Royals,Miami Marlins,Production consensus,totals,Under,9.0,-115,1.87
2026-09-02T18:46:11.337796Z,824634,2026-09-02T23:40:00Z,Chicago Cubs,Milwaukee Brewers,Production consensus,h2h,Chicago Cubs,,136,2.36
2026-09-02T18:46:11.337796Z,824634,2026-09-02T23:40:00Z,Chicago Cubs,Milwaukee Brewers,Production consensus,h2h,Milwaukee Brewers,,-161,1.62
2026-09-02T18:46:11.337796Z,824634,2026-09-02T23:40:00Z,Chicago Cubs,Milwaukee Brewers,Production consensus,spreads,Chicago Cubs,1.5,-125,1.8
2026-09-02T18:46:11.337796Z,824634,2026-09-02T23:40:00Z,Chicago Cubs,Milwaukee Brewers,Production consensus,spreads,Milwaukee Brewers,-1.5,104,2.04
2026-09-02T18:46:11.337796Z,824634,2026-09-02T23:40:00Z,Chicago Cubs,Milwaukee Brewers,Production consensus,totals,Over,8.5,-104,1.96
2026-09-02T18:46:11.337796Z,824634,2026-09-02T23:40:00Z,Chicago Cubs,Milwaukee Brewers,Production consensus,totals,Under,8.5,-118,1.85
2026-09-02T18:46:11.337796Z,824147,2026-09-03T00:10:00Z,Houston Astros,Chicago White Sox,Production consensus,h2h,Chicago White Sox,,120,2.2
2026-09-02T18:46:11.337796Z,824147,2026-09-03T00:10:00Z,Houston Astros,Chicago White Sox,Production consensus,h2h,Houston Astros,,-143,1.7
2026-09-02T18:46:11.337796Z,824147,2026-09-03T00:10:00Z,Houston Astros,Chicago White Sox,Production consensus,spreads,Chicago White Sox,1.5,-179,1.56
2026-09-02T18:46:11.337796Z,824147,2026-09-03T00:10:00Z,Houston Astros,Chicago White Sox,Production consensus,spreads,Houston Astros,-1.5,150,2.5
2026-09-02T18:46:11.337796Z,824147,2026-09-03T00:10:00Z,Houston Astros,Chicago White Sox,Production consensus,totals,Over,8.5,-115,1.87
2026-09-02T18:46:11.337796Z,824147,2026-09-03T00:10:00Z,Houston Astros,Chicago White Sox,Production consensus,totals,Under,8.5,-105,1.95
2026-09-02T18:46:11.337796Z,823983,2026-09-03T01:38:00Z,Los Angeles Angels,New York Yankees,Production consensus,h2h,Los Angeles Angels,,140,2.4
2026-09-02T18:46:11.337796Z,823983,2026-09-03T01:38:00Z,Los Angeles Angels,New York Yankees,Production consensus,h2h,New York Yankees,,-164,1.61
2026-09-02T18:46:11.337796Z,823983,2026-09-03T01:38:00Z,Los Angeles Angels,New York Yankees,Production consensus,spreads,Los Angeles Angels,1.5,-133,1.75
2026-09-02T18:46:11.337796Z,823983,2026-09-03T01:38:00Z,Los Angeles Angels,New York Yankees,Production consensus,spreads,New York Yankees,-1.5,113,2.13
2026-09-02T18:46:11.337796Z,823983,2026-09-03T01:38:00Z,Los Angeles Angels,New York Yankees,Production consensus,totals,Over,6.5,-114,1.88
2026-09-02T18:46:11.337796Z,823983,2026-09-03T01:38:00Z,Los Angeles Angels,New York Yankees,Production consensus,totals,Under,6.5,-105,1.95
2026-09-02T18:46:11.337796Z,823906,2026-09-03T02:10:00Z,Los Angeles Dodgers,St. Louis Cardinals,Production consensus,h2h,Los Angeles Dodgers,,-256,1.39
2026-09-02T18:46:11.337796Z,823906,2026-09-03T02:10:00Z,Los Angeles Dodgers,St. Louis Cardinals,Production consensus,h2h,St. Louis Cardinals,,210,3.1
2026-09-02T18:46:11.337796Z,823906,2026-09-03T02:10:00Z,Los Angeles Dodgers,St. Louis Cardinals,Production consensus,spreads,Los Angeles Dodgers,-1.5,-118,1.85
2026-09-02T18:46:11.337796Z,823906,2026-09-03T02:10:00Z,Los Angeles Dodgers,St. Louis Cardinals,Production consensus,spreads,St. Louis Cardinals,1.5,-102,1.98
2026-09-02T18:46:11.337796Z,823906,2026-09-03T02:10:00Z,Los Angeles Dodgers,St. Louis Cardinals,Production consensus,totals,Over,8.0,-102,1.98
2026-09-02T18:46:11.337796Z,823906,2026-09-03T02:10:00Z,Los Angeles Dodgers,St. Louis Cardinals,Production consensus,totals,Under,8.0,-118,1.85
2026-09-02T21:52:14.870647Z,822931,2026-09-02T22:40:00Z,Tampa Bay Rays,New York Mets,Production consensus,h2h,New York Mets,,152,2.52
2026-09-02T21:52:14.870647Z,822931,2026-09-02T22:40:00Z,Tampa Bay Rays,New York Mets,Production consensus,h2h,Tampa Bay Rays,,-182,1.55
2026-09-02T21:52:14.870647Z,822931,2026-09-02T22:40:00Z,Tampa Bay Rays,New York Mets,Production consensus,spreads,New York Mets,1.5,-141,1.71
2026-09-02T21:52:14.870647Z,822931,2026-09-02T22:40:00Z,Tampa Bay Rays,New York Mets,Production consensus,spreads,Tampa Bay Rays,-1.5,119,2.19
2026-09-02T21:52:14.870647Z,822931,2026-09-02T22:40:00Z,Tampa Bay Rays,New York Mets,Production consensus,totals,Over,8.0,-110,1.91
2026-09-02T21:52:14.870647Z,822931,2026-09-02T22:40:00Z,Tampa Bay Rays,New York Mets,Production consensus,totals,Under,8.0,-110,1.91
2026-09-02T21:52:14.870647Z,823339,2026-09-02T22:40:00Z,Pittsburgh Pirates,San Francisco Giants,Production consensus,h2h,Pittsburgh Pirates,,-154,1.65
2026-09-02T21:52:14.870647Z,823339,2026-09-02T22:40:00Z,Pittsburgh Pirates,San Francisco Giants,Production consensus,h2h,San Francisco Giants,,130,2.3
2026-09-02T21:52:14.870647Z,823339,2026-09-02T22:40:00Z,Pittsburgh Pirates,San Francisco Giants,Production consensus,spreads,Pittsburgh Pirates,-1.5,135,2.35
2026-09-02T21:52:14.870647Z,823339,2026-09-02T22:40:00Z,Pittsburgh Pirates,San Francisco Giants,Production consensus,spreads,San Francisco Giants,1.5,-161,1.62
2026-09-02T21:52:14.870647Z,823339,2026-09-02T22:40:00Z,Pittsburgh Pirates,San Francisco Giants,Production consensus,totals,Over,9.0,-105,1.95
2026-09-02T21:52:14.870647Z,823339,2026-09-02T22:40:00Z,Pittsburgh Pirates,San Francisco Giants,Production consensus,totals,Under,9.0,-115,1.87
2026-09-02T21:52:14.870647Z,824390,2026-09-02T22:40:00Z,Cleveland Guardians,Toronto Blue Jays,Production consensus,h2h,Cleveland Guardians,,112,2.12
2026-09-02T21:52:14.870647Z,824390,2026-09-02T22:40:00Z,Cleveland Guardians,Toronto Blue Jays,Production consensus,h2h,Toronto Blue Jays,,-132,1.76
2026-09-02T21:52:14.870647Z,824390,2026-09-02T22:40:00Z,Cleveland Guardians,Toronto Blue Jays,Production consensus,spreads,Cleveland Guardians,1.5,-161,1.62
2026-09-02T21:52:14.870647Z,824390,2026-09-02T22:40:00Z,Cleveland Guardians,Toronto Blue Jays,Production consensus,spreads,Toronto Blue Jays,-1.5,135,2.35
2026-09-02T21:52:14.870647Z,824390,2026-09-02T22:40:00Z,Cleveland Guardians,Toronto Blue Jays,Production consensus,totals,Over,7.5,100,2.0
2026-09-02T21:52:14.870647Z,824390,2026-09-02T22:40:00Z,Cleveland Guardians,Toronto Blue Jays,Production consensus,totals,Under,7.5,-120,1.83
2026-09-02T21:52:14.870647Z,823660,2026-09-02T23:40:00Z,Minnesota Twins,Detroit Tigers,Production consensus,h2h,Detroit Tigers,,-102,1.98
2026-09-02T21:52:14.870647Z,823660,2026-09-02T23:40:00Z,Minnesota Twins,Detroit Tigers,Production consensus,h2h,Minnesota Twins,,-116,1.86
2026-09-02T21:52:14.870647Z,823660,2026-09-02T23:40:00Z,Minnesota Twins,Detroit Tigers,Production consensus,spreads,Detroit Tigers,-1.5,160,2.6
2026-09-02T21:52:14.870647Z,823660,2026-09-02T23:40:00Z,Minnesota Twins,Detroit Tigers,Production consensus,spreads,Minnesota Twins,1.5,-196,1.51
2026-09-02T21:52:14.870647Z,823660,2026-09-02T23:40:00Z,Minnesota Twins,Detroit Tigers,Production consensus,totals,Over,8.5,-115,1.87
2026-09-02T21:52:14.870647Z,823660,2026-09-02T23:40:00Z,Minnesota Twins,Detroit Tigers,Production consensus,totals,Under,8.5,-105,1.95
2026-09-02T21:52:14.870647Z,824068,2026-09-02T23:40:00Z,Kansas City Royals,Miami Marlins,Production consensus,h2h,Kansas City Royals,,-110,1.91
2026-09-02T21:52:14.870647Z,824068,2026-09-02T23:40:00Z,Kansas City Royals,Miami Marlins,Production consensus,h2h,Miami Marlins,,-105,1.95
2026-09-02T21:52:14.870647Z,824068,2026-09-02T23:40:00Z,Kansas City Royals,Miami Marlins,Production consensus,spreads,Kansas City Royals,1.5,-182,1.55
2026-09-02T21:52:14.870647Z,824068,2026-09-02T23:40:00Z,Kansas City Royals,Miami Marlins,Production consensus,spreads,Miami Marlins,-1.5,150,2.5
2026-09-02T21:52:14.870647Z,824068,2026-09-02T23:40:00Z,Kansas City Royals,Miami Marlins,Production consensus,totals,Over,9.0,-105,1.95
2026-09-02T21:52:14.870647Z,824068,2026-09-02T23:40:00Z,Kansas City Royals,Miami Marlins,Production consensus,totals,Under,9.0,-115,1.87
2026-09-02T21:52:14.870647Z,824634,2026-09-02T23:40:00Z,Chicago Cubs,Milwaukee Brewers,Production consensus,h2h,Chicago Cubs,,126,2.26
2026-09-02T21:52:14.870647Z,824634,2026-09-02T23:40:00Z,Chicago Cubs,Milwaukee Brewers,Production consensus,h2h,Milwaukee Brewers,,-145,1.69
2026-09-02T21:52:14.870647Z,824634,2026-09-02T23:40:00Z,Chicago Cubs,Milwaukee Brewers,Production consensus,spreads,Chicago Cubs,1.5,-133,1.75
2026-09-02T21:52:14.870647Z,824634,2026-09-02T23:40:00Z,Chicago Cubs,Milwaukee Brewers,Production consensus,spreads,Milwaukee Brewers,-1.5,112,2.12
2026-09-02T21:52:14.870647Z,824634,2026-09-02T23:40:00Z,Chicago Cubs,Milwaukee Brewers,Production consensus,totals,Over,8.5,-112,1.89
2026-09-02T21:52:14.870647Z,824634,2026-09-02T23:40:00Z,Chicago Cubs,Milwaukee Brewers,Production consensus,totals,Under,8.5,-108,1.93
2026-09-02T21:52:14.870647Z,824147,2026-09-03T00:10:00Z,Houston Astros,Chicago White Sox,Production consensus,h2h,Chicago White Sox,,122,2.22
2026-09-02T21:52:14.870647Z,824147,2026-09-03T00:10:00Z,Houston Astros,Chicago White Sox,Production consensus,h2h,Houston Astros,,-143,1.7
2026-09-02T21:52:14.870647Z,824147,2026-09-03T00:10:00Z,Houston Astros,Chicago White Sox,Production consensus,spreads,Chicago White Sox,1.5,-175,1.57
2026-09-02T21:52:14.870647Z,824147,2026-09-03T00:10:00Z,Houston Astros,Chicago White Sox,Production consensus,spreads,Houston Astros,-1.5,150,2.5
2026-09-02T21:52:14.870647Z,824147,2026-09-03T00:10:00Z,Houston Astros,Chicago White Sox,Production consensus,totals,Over,8.5,-115,1.87
2026-09-02T21:52:14.870647Z,824147,2026-09-03T00:10:00Z,Houston Astros,Chicago White Sox,Production consensus,totals,Under,8.5,-105,1.95
2026-09-02T21:52:14.870647Z,823983,2026-09-03T01:38:00Z,Los Angeles Angels,New York Yankees,Production consensus,h2h,Los Angeles Angels,,140,2.4
2026-09-02T21:52:14.870647Z,823983,2026-09-03T01:38:00Z,Los Angeles Angels,New York Yankees,Production consensus,h2h,New York Yankees,,-167,1.6
2026-09-02T21:52:14.870647Z,823983,2026-09-03T01:38:00Z,Los Angeles Angels,New York Yankees,Production consensus,spreads,Los Angeles Angels,1.5,-133,1.75
2026-09-02T21:52:14.870647Z,823983,2026-09-03T01:38:00Z,Los Angeles Angels,New York Yankees,Production consensus,spreads,New York Yankees,-1.5,110,2.1
2026-09-02T21:52:14.870647Z,823983,2026-09-03T01:38:00Z,Los Angeles Angels,New York Yankees,Production consensus,totals,Over,6.5,-114,1.88
2026-09-02T21:52:14.870647Z,823983,2026-09-03T01:38:00Z,Los Angeles Angels,New York Yankees,Production consensus,totals,Under,6.5,-108,1.93
2026-09-02T21:52:14.870647Z,823906,2026-09-03T02:10:00Z,Los Angeles Dodgers,St. Louis Cardinals,Production consensus,h2h,Los Angeles Dodgers,,-256,1.39
2026-09-02T21:52:14.870647Z,823906,2026-09-03T02:10:00Z,Los Angeles Dodgers,St. Louis Cardinals,Production consensus,h2h,St. Louis Cardinals,,214,3.14
2026-09-02T21:52:14.870647Z,823906,2026-09-03T02:10:00Z,Los Angeles Dodgers,St. Louis Cardinals,Production consensus,spreads,Los Angeles Dodgers,-1.5,-118,1.85
2026-09-02T21:52:14.870647Z,823906,2026-09-03T02:10:00Z,Los Angeles Dodgers,St. Louis Cardinals,Production consensus,spreads,St. Louis Cardinals,1.5,-102,1.98
2026-09-02T21:52:14.870647Z,823906,2026-09-03T02:10:00Z,Los Angeles Dodgers,St. Louis Cardinals,Production consensus,totals,Over,8.0,-102,1.98
2026-09-02T21:52:14.870647Z,823906,2026-09-03T02:10:00Z,Los Angeles Dodgers,St. Louis Cardinals,Production consensus,totals,Under,8.0,-118,1.85
2026-09-03T00:19:38.561695Z,823983,2026-09-03T01:38:00Z,Los Angeles Angels,New York Yankees,Production consensus,h2h,Los Angeles Angels,,138,2.38
2026-09-03T00:19:38.561695Z,823983,2026-09-03T01:38:00Z,Los Angeles Angels,New York Yankees,Production consensus,h2h,New York Yankees,,-161,1.62
2026-09-03T00:19:38.561695Z,823983,2026-09-03T01:38:00Z,Los Angeles Angels,New York Yankees,Production consensus,spreads,Los Angeles Angels,1.5,-135,1.74
2026-09-03T00:19:38.561695Z,823983,2026-09-03T01:38:00Z,Los Angeles Angels,New York Yankees,Production consensus,spreads,New York Yankees,-1.5,113,2.13
2026-09-03T00:19:38.561695Z,823983,2026-09-03T01:38:00Z,Los Angeles Angels,New York Yankees,Production consensus,totals,Over,6.5,-115,1.87
2026-09-03T00:19:38.561695Z,823983,2026-09-03T01:38:00Z,Los Angeles Angels,New York Yankees,Production consensus,totals,Under,6.5,-105,1.95
2026-09-03T00:19:38.561695Z,823906,2026-09-03T02:10:00Z,Los Angeles Dodgers,St. Louis Cardinals,Production consensus,h2h,Los Angeles Dodgers,,-294,1.34
2026-09-03T00:19:38.561695Z,823906,2026-09-03T02:10:00Z,Los Angeles Dodgers,St. Louis Cardinals,Production consensus,h2h,St. Louis Cardinals,,240,3.4
2026-09-03T00:19:38.561695Z,823906,2026-09-03T02:10:00Z,Los Angeles Dodgers,St. Louis Cardinals,Production consensus,spreads,Los Angeles Dodgers,-1.5,-132,1.76
2026-09-03T00:19:38.561695Z,823906,2026-09-03T02:10:00Z,Los Angeles Dodgers,St. Louis Cardinals,Production consensus,spreads,St. Louis Cardinals,1.5,110,2.1
2026-09-03T00:19:38.561695Z,823906,2026-09-03T02:10:00Z,Los Angeles Dodgers,St. Louis Cardinals,Production consensus,totals,Over,8.0,-108,1.93
2026-09-03T00:19:38.561695Z,823906,2026-09-03T02:10:00Z,Los Angeles Dodgers,St. Louis Cardinals,Production consensus,totals,Under,8.0,-112,1.89
2026-09-03T11:20:14.992343Z,823337,2026-09-03T16:35:00Z,Pittsburgh Pirates,San Francisco Giants,Production consensus,h2h,Pittsburgh Pirates,,-164,1.61
2026-09-03T11:20:14.992343Z,823337,2026-09-03T16:35:00Z,Pittsburgh Pirates,San Francisco Giants,Production consensus,h2h,San Francisco Giants,,138,2.38
2026-09-03T11:20:14.992343Z,823337,2026-09-03T16:35:00Z,Pittsburgh Pirates,San Francisco Giants,Production consensus,spreads,Pittsburgh Pirates,-1.5,130,2.3
2026-09-03T11:20:14.992343Z,823337,2026-09-03T16:35:00Z,Pittsburgh Pirates,San Francisco Giants,Production consensus,spreads,San Francisco Giants,1.5,-154,1.65
2026-09-03T11:20:14.992343Z,823337,2026-09-03T16:35:00Z,Pittsburgh Pirates,San Francisco Giants,Production consensus,totals,Over,8.5,-120,1.83
2026-09-03T11:20:14.992343Z,823337,2026-09-03T16:35:00Z,Pittsburgh Pirates,San Francisco Giants,Production consensus,totals,Under,8.5,100,2.0
2026-09-03T11:20:14.992343Z,824388,2026-09-03T17:10:00Z,Cleveland Guardians,Toronto Blue Jays,Production consensus,h2h,Cleveland Guardians,,-108,1.93
2026-09-03T11:20:14.992343Z,824388,2026-09-03T17:10:00Z,Cleveland Guardians,Toronto Blue Jays,Production consensus,h2h,Toronto Blue Jays,,-110,1.91
2026-09-03T11:20:14.992343Z,824388,2026-09-03T17:10:00Z,Cleveland Guardians,Toronto Blue Jays,Production consensus,spreads,Cleveland Guardians,1.5,-189,1.53
2026-09-03T11:20:14.992343Z,824388,2026-09-03T17:10:00Z,Cleveland Guardians,Toronto Blue Jays,Production consensus,spreads,Toronto Blue Jays,-1.5,155,2.55
2026-09-03T11:20:14.992343Z,824388,2026-09-03T17:10:00Z,Cleveland Guardians,Toronto Blue Jays,Production consensus,totals,Over,8.0,-106,1.94
2026-09-03T11:20:14.992343Z,824388,2026-09-03T17:10:00Z,Cleveland Guardians,Toronto Blue Jays,Production consensus,totals,Under,8.0,-114,1.88
2026-09-03T11:20:14.992343Z,824144,2026-09-03T18:10:00Z,Houston Astros,Chicago White Sox,Production consensus,h2h,Chicago White Sox,,136,2.36
2026-09-03T11:20:14.992343Z,824144,2026-09-03T18:10:00Z,Houston Astros,Chicago White Sox,Production consensus,h2h,Houston Astros,,-161,1.62
2026-09-03T11:20:14.992343Z,824144,2026-09-03T18:10:00Z,Houston Astros,Chicago White Sox,Production consensus,spreads,Chicago White Sox,1.5,-156,1.64
2026-09-03T11:20:14.992343Z,824144,2026-09-03T18:10:00Z,Houston Astros,Chicago White Sox,Production consensus,spreads,Houston Astros,-1.5,130,2.3
2026-09-03T11:20:14.992343Z,824144,2026-09-03T18:10:00Z,Houston Astros,Chicago White Sox,Production consensus,totals,Over,8.5,-105,1.95
2026-09-03T11:20:14.992343Z,824144,2026-09-03T18:10:00Z,Houston Astros,Chicago White Sox,Production consensus,totals,Under,8.5,-115,1.87
2026-09-03T16:29:21.342665Z,823337,2026-09-03T16:35:00Z,Pittsburgh Pirates,San Francisco Giants,Production consensus,h2h,Pittsburgh Pirates,,-167,1.6
2026-09-03T16:29:21.342665Z,823337,2026-09-03T16:35:00Z,Pittsburgh Pirates,San Francisco Giants,Production consensus,h2h,San Francisco Giants,,143,2.43
2026-09-03T16:29:21.342665Z,823337,2026-09-03T16:35:00Z,Pittsburgh Pirates,San Francisco Giants,Production consensus,spreads,Pittsburgh Pirates,-1.5,123,2.23
2026-09-03T16:29:21.342665Z,823337,2026-09-03T16:35:00Z,Pittsburgh Pirates,San Francisco Giants,Production consensus,spreads,San Francisco Giants,1.5,-145,1.69
2026-09-03T16:29:21.342665Z,823337,2026-09-03T16:35:00Z,Pittsburgh Pirates,San Francisco Giants,Production consensus,totals,Over,9.0,-105,1.95
2026-09-03T16:29:21.342665Z,823337,2026-09-03T16:35:00Z,Pittsburgh Pirates,San Francisco Giants,Production consensus,totals,Under,9.0,-114,1.88
2026-09-03T16:29:21.342665Z,824388,2026-09-03T17:10:00Z,Cleveland Guardians,Toronto Blue Jays,Production consensus,h2h,Cleveland Guardians,,-108,1.93
2026-09-03T16:29:21.342665Z,824388,2026-09-03T17:10:00Z,Cleveland Guardians,Toronto Blue Jays,Production consensus,h2h,Toronto Blue Jays,,-108,1.93
2026-09-03T16:29:21.342665Z,824388,2026-09-03T17:10:00Z,Cleveland Guardians,Toronto Blue Jays,Production consensus,spreads,Cleveland Guardians,1.5,-182,1.55
2026-09-03T16:29:21.342665Z,824388,2026-09-03T17:10:00Z,Cleveland Guardians,Toronto Blue Jays,Production consensus,spreads,Toronto Blue Jays,-1.5,150,2.5
2026-09-03T16:29:21.342665Z,824388,2026-09-03T17:10:00Z,Cleveland Guardians,Toronto Blue Jays,Production consensus,totals,Over,7.5,-119,1.84
2026-09-03T16:29:21.342665Z,824388,2026-09-03T17:10:00Z,Cleveland Guardians,Toronto Blue Jays,Production consensus,totals,Under,7.5,-101,1.99
2026-09-03T16:29:21.342665Z,824144,2026-09-03T18:10:00Z,Houston Astros,Chicago White Sox,Production consensus,h2h,Chicago White Sox,,136,2.36
2026-09-03T16:29:21.342665Z,824144,2026-09-03T18:10:00Z,Houston Astros,Chicago White Sox,Production consensus,h2h,Houston Astros,,-159,1.63
2026-09-03T16:29:21.342665Z,824144,2026-09-03T18:10:00Z,Houston Astros,Chicago White Sox,Production consensus,spreads,Chicago White Sox,1.5,-154,1.65
2026-09-03T16:29:21.342665Z,824144,2026-09-03T18:10:00Z,Houston Astros,Chicago White Sox,Production consensus,spreads,Houston Astros,-1.5,131,2.31
2026-09-03T16:29:21.342665Z,824144,2026-09-03T18:10:00Z,Houston Astros,Chicago White Sox,Production consensus,totals,Over,8.5,-108,1.93
2026-09-03T16:29:21.342665Z,824144,2026-09-03T18:10:00Z,Houston Astros,Chicago White Sox,Production consensus,totals,Under,8.5,-112,1.89
2026-09-03T16:29:21.342665Z,824632,2026-09-03T23:15:00Z,Chicago Cubs,Milwaukee Brewers,Production consensus,h2h,Chicago Cubs,,-104,1.96
2026-09-03T16:29:21.342665Z,824632,2026-09-03T23:15:00Z,Chicago Cubs,Milwaukee Brewers,Production consensus,h2h,Milwaukee Brewers,,-115,1.87
2026-09-03T16:29:21.342665Z,824632,2026-09-03T23:15:00Z,Chicago Cubs,Milwaukee Brewers,Production consensus,spreads,Chicago Cubs,1.5,-175,1.57
2026-09-03T16:29:21.342665Z,824632,2026-09-03T23:15:00Z,Chicago Cubs,Milwaukee Brewers,Production consensus,spreads,Milwaukee Brewers,-1.5,145,2.45
2026-09-03T16:29:21.342665Z,824632,2026-09-03T23:15:00Z,Chicago Cubs,Milwaukee Brewers,Production consensus,totals,Over,8.5,-102,1.98
2026-09-03T16:29:21.342665Z,824632,2026-09-03T23:15:00Z,Chicago Cubs,Milwaukee Brewers,Production consensus,totals,Under,8.5,-118,1.85
2026-09-03T16:29:21.342665Z,824796,2026-09-03T23:15:00Z,Baltimore Orioles,Boston Red Sox,Production consensus,h2h,Baltimore Orioles,,106,2.06
2026-09-03T16:29:21.342665Z,824796,2026-09-03T23:15:00Z,Baltimore Orioles,Boston Red Sox,Production consensus,h2h,Boston Red Sox,,-125,1.8
2026-09-03T16:29:21.342665Z,824796,2026-09-03T23:15:00Z,Baltimore Orioles,Boston Red Sox,Production consensus,spreads,Baltimore Orioles,1.5,-156,1.64
2026-09-03T16:29:21.342665Z,824796,2026-09-03T23:15:00Z,Baltimore Orioles,Boston Red Sox,Production consensus,spreads,Boston Red Sox,-1.5,132,2.32
2026-09-03T16:29:21.342665Z,824796,2026-09-03T23:15:00Z,Baltimore Orioles,Boston Red Sox,Production consensus,totals,Over,8.5,-105,1.95
2026-09-03T16:29:21.342665Z,824796,2026-09-03T23:15:00Z,Baltimore Orioles,Boston Red Sox,Production consensus,totals,Under,8.5,-114,1.88
2026-09-03T16:29:21.342665Z,824069,2026-09-03T23:40:00Z,Kansas City Royals,Miami Marlins,Production consensus,h2h,Kansas City Royals,,-116,1.86
2026-09-03T16:29:21.342665Z,824069,2026-09-03T23:40:00Z,Kansas City Royals,Miami Marlins,Production consensus,h2h,Miami Marlins,,-102,1.98
2026-09-03T16:29:21.342665Z,824069,2026-09-03T23:40:00Z,Kansas City Royals,Miami Marlins,Production consensus,spreads,Kansas City Royals,1.5,-179,1.56
2026-09-03T16:29:21.342665Z,824069,2026-09-03T23:40:00Z,Kansas City Royals,Miami Marlins,Production consensus,spreads,Miami Marlins,-1.5,150,2.5
2026-09-03T16:29:21.342665Z,824069,2026-09-03T23:40:00Z,Kansas City Royals,Miami Marlins,Production consensus,totals,Over,9.0,-110,1.91
2026-09-03T16:29:21.342665Z,824069,2026-09-03T23:40:00Z,Kansas City Royals,Miami Marlins,Production consensus,totals,Under,9.0,-110,1.91
2026-09-03T16:29:21.342665Z,822853,2026-09-04T00:05:00Z,Texas Rangers,Tampa Bay Rays,Production consensus,h2h,Tampa Bay Rays,,-128,1.78
2026-09-03T16:29:21.342665Z,822853,2026-09-04T00:05:00Z,Texas Rangers,Tampa Bay Rays,Production consensus,h2h,Texas Rangers,,109,2.09
2026-09-03T16:29:21.342665Z,822853,2026-09-04T00:05:00Z,Texas Rangers,Tampa Bay Rays,Production consensus,spreads,Tampa Bay Rays,-1.5,134,2.34
2026-09-03T16:29:21.342665Z,822853,2026-09-04T00:05:00Z,Texas Rangers,Tampa Bay Rays,Production consensus,spreads,Texas Rangers,1.5,-156,1.64
2026-09-03T16:29:21.342665Z,822853,2026-09-04T00:05:00Z,Texas Rangers,Tampa Bay Rays,Production consensus,totals,Over,8.0,-102,1.98
2026-09-03T16:29:21.342665Z,822853,2026-09-04T00:05:00Z,Texas Rangers,Tampa Bay Rays,Production consensus,totals,Under,8.0,-118,1.85
2026-09-03T19:52:54.678600Z,824632,2026-09-03T23:15:00Z,Chicago Cubs,Milwaukee Brewers,Production consensus,h2h,Chicago Cubs,,105,2.05
2026-09-03T19:52:54.678600Z,824632,2026-09-03T23:15:00Z,Chicago Cubs,Milwaukee Brewers,Production consensus,h2h,Milwaukee Brewers,,-123,1.81
2026-09-03T19:52:54.678600Z,824632,2026-09-03T23:15:00Z,Chicago Cubs,Milwaukee Brewers,Production consensus,spreads,Chicago Cubs,1.5,-161,1.62
2026-09-03T19:52:54.678600Z,824632,2026-09-03T23:15:00Z,Chicago Cubs,Milwaukee Brewers,Production consensus,spreads,Milwaukee Brewers,-1.5,138,2.38
2026-09-03T19:52:54.678600Z,824632,2026-09-03T23:15:00Z,Chicago Cubs,Milwaukee Brewers,Production consensus,totals,Over,8.5,-106,1.94
2026-09-03T19:52:54.678600Z,824632,2026-09-03T23:15:00Z,Chicago Cubs,Milwaukee Brewers,Production consensus,totals,Under,8.5,-114,1.88
2026-09-03T19:52:54.678600Z,824796,2026-09-03T23:15:00Z,Baltimore Orioles,Boston Red Sox,Production consensus,h2h,Baltimore Orioles,,104,2.04
2026-09-03T19:52:54.678600Z,824796,2026-09-03T23:15:00Z,Baltimore Orioles,Boston Red Sox,Production consensus,h2h,Boston Red Sox,,-122,1.82
2026-09-03T19:52:54.678600Z,824796,2026-09-03T23:15:00Z,Baltimore Orioles,Boston Red Sox,Production consensus,spreads,Baltimore Orioles,1.5,-159,1.63
2026-09-03T19:52:54.678600Z,824796,2026-09-03T23:15:00Z,Baltimore Orioles,Boston Red Sox,Production consensus,spreads,Boston Red Sox,-1.5,135,2.35
2026-09-03T19:52:54.678600Z,824796,2026-09-03T23:15:00Z,Baltimore Orioles,Boston Red Sox,Production consensus,totals,Over,8.5,-105,1.95
2026-09-03T19:52:54.678600Z,824796,2026-09-03T23:15:00Z,Baltimore Orioles,Boston Red Sox,Production consensus,totals,Under,8.5,-115,1.87
2026-09-03T19:52:54.678600Z,824069,2026-09-03T23:40:00Z,Kansas City Royals,Miami Marlins,Production consensus,h2h,Kansas City Royals,,-116,1.86
2026-09-03T19:52:54.678600Z,824069,2026-09-03T23:40:00Z,Kansas City Royals,Miami Marlins,Production consensus,h2h,Miami Marlins,,-102,1.98
2026-09-03T19:52:54.678600Z,824069,2026-09-03T23:40:00Z,Kansas City Royals,Miami Marlins,Production consensus,spreads,Kansas City Royals,1.5,-179,1.56
2026-09-03T19:52:54.678600Z,824069,2026-09-03T23:40:00Z,Kansas City Royals,Miami Marlins,Production consensus,spreads,Miami Marlins,-1.5,152,2.52
2026-09-03T19:52:54.678600Z,824069,2026-09-03T23:40:00Z,Kansas City Royals,Miami Marlins,Production consensus,totals,Over,9.0,-110,1.91
2026-09-03T19:52:54.678600Z,824069,2026-09-03T23:40:00Z,Kansas City Royals,Miami Marlins,Production consensus,totals,Under,9.0,-110,1.91
2026-09-03T19:52:54.678600Z,822853,2026-09-04T00:05:00Z,Texas Rangers,Tampa Bay Rays,Production consensus,h2h,Tampa Bay Rays,,-127,1.79
2026-09-03T19:52:54.678600Z,822853,2026-09-04T00:05:00Z,Texas Rangers,Tampa Bay Rays,Production consensus,h2h,Texas Rangers,,110,2.1
2026-09-03T19:52:54.678600Z,822853,2026-09-04T00:05:00Z,Texas Rangers,Tampa Bay Rays,Production consensus,spreads,Tampa Bay Rays,-1.5,134,2.34
2026-09-03T19:52:54.678600Z,822853,2026-09-04T00:05:00Z,Texas Rangers,Tampa Bay Rays,Production consensus,spreads,Texas Rangers,1.5,-156,1.64
2026-09-03T19:52:54.678600Z,822853,2026-09-04T00:05:00Z,Texas Rangers,Tampa Bay Rays,Production consensus,totals,Over,8.0,-106,1.94
2026-09-03T19:52:54.678600Z,822853,2026-09-04T00:05:00Z,Texas Rangers,Tampa Bay Rays,Production consensus,totals,Under,8.0,-114,1.88
2026-09-03T19:52:54.678600Z,823095,2026-09-04T01:40:00Z,Seattle Mariners,Athletics,Production consensus,h2h,Athletics,,180,2.8
2026-09-03T19:52:54.678600Z,823095,2026-09-04T01:40:00Z,Seattle Mariners,Athletics,Production consensus,h2h,Seattle Mariners,,-208,1.48
2026-09-03T19:52:54.678600Z,823095,2026-09-04T01:40:00Z,Seattle Mariners,Athletics,Production consensus,spreads,Athletics,1.5,-125,1.8
2026-09-03T19:52:54.678600Z,823095,2026-09-04T01:40:00Z,Seattle Mariners,Athletics,Production consensus,spreads,Seattle Mariners,-1.5,105,2.05
2026-09-03T19:52:54.678600Z,823095,2026-09-04T01:40:00Z,Seattle Mariners,Athletics,Production consensus,totals,Over,7.5,100,2.0
2026-09-03T19:52:54.678600Z,823095,2026-09-04T01:40:00Z,Seattle Mariners,Athletics,Production consensus,totals,Under,7.5,-120,1.83
2026-09-03T19:52:54.678600Z,823907,2026-09-04T02:10:00Z,Los Angeles Dodgers,St. Louis Cardinals,Production consensus,h2h,Los Angeles Dodgers,,-294,1.34
2026-09-03T19:52:54.678600Z,823907,2026-09-04T02:10:00Z,Los Angeles Dodgers,St. Louis Cardinals,Production consensus,h2h,St. Louis Cardinals,,246,3.46
2026-09-03T19:52:54.678600Z,823907,2026-09-04T02:10:00Z,Los Angeles Dodgers,St. Louis Cardinals,Production consensus,spreads,Los Angeles Dodgers,-1.5,-141,1.71
2026-09-03T19:52:54.678600Z,823907,2026-09-04T02:10:00Z,Los Angeles Dodgers,St. Louis Cardinals,Production consensus,spreads,St. Louis Cardinals,1.5,118,2.18
2026-09-03T19:52:54.678600Z,823907,2026-09-04T02:10:00Z,Los Angeles Dodgers,St. Louis Cardinals,Production consensus,totals,Over,7.5,-120,1.83
2026-09-03T19:52:54.678600Z,823907,2026-09-04T02:10:00Z,Los Angeles Dodgers,St. Louis Cardinals,Production consensus,totals,Under,7.5,100,2.0
2026-09-03T22:37:52.771283Z,824632,2026-09-03T23:15:00Z,Chicago Cubs,Milwaukee Brewers,Production consensus,h2h,Chicago Cubs,,106,2.06
2026-09-03T22:37:52.771283Z,824632,2026-09-03T23:15:00Z,Chicago Cubs,Milwaukee Brewers,Production consensus,h2h,Milwaukee Brewers,,-123,1.81
2026-09-03T22:37:52.771283Z,824632,2026-09-03T23:15:00Z,Chicago Cubs,Milwaukee Brewers,Production consensus,spreads,Chicago Cubs,1.5,-161,1.62
2026-09-03T22:37:52.771283Z,824632,2026-09-03T23:15:00Z,Chicago Cubs,Milwaukee Brewers,Production consensus,spreads,Milwaukee Brewers,-1.5,135,2.35
2026-09-03T22:37:52.771283Z,824632,2026-09-03T23:15:00Z,Chicago Cubs,Milwaukee Brewers,Production consensus,totals,Over,8.5,-106,1.94
2026-09-03T22:37:52.771283Z,824632,2026-09-03T23:15:00Z,Chicago Cubs,Milwaukee Brewers,Production consensus,totals,Under,8.5,-114,1.88
2026-09-03T22:37:52.771283Z,824796,2026-09-03T23:15:00Z,Baltimore Orioles,Boston Red Sox,Production consensus,h2h,Baltimore Orioles,,104,2.04
2026-09-03T22:37:52.771283Z,824796,2026-09-03T23:15:00Z,Baltimore Orioles,Boston Red Sox,Production consensus,h2h,Boston Red Sox,,-122,1.82
2026-09-03T22:37:52.771283Z,824796,2026-09-03T23:15:00Z,Baltimore Orioles,Boston Red Sox,Production consensus,spreads,Baltimore Orioles,1.5,-161,1.62
2026-09-03T22:37:52.771283Z,824796,2026-09-03T23:15:00Z,Baltimore Orioles,Boston Red Sox,Production consensus,spreads,Boston Red Sox,-1.5,135,2.35
2026-09-03T22:37:52.771283Z,824796,2026-09-03T23:15:00Z,Baltimore Orioles,Boston Red Sox,Production consensus,totals,Over,8.5,-105,1.95
2026-09-03T22:37:52.771283Z,824796,2026-09-03T23:15:00Z,Baltimore Orioles,Boston Red Sox,Production consensus,totals,Under,8.5,-115,1.87
2026-09-03T22:37:52.771283Z,824069,2026-09-03T23:40:00Z,Kansas City Royals,Miami Marlins,Production consensus,h2h,Kansas City Royals,,-116,1.86
2026-09-03T22:37:52.771283Z,824069,2026-09-03T23:40:00Z,Kansas City Royals,Miami Marlins,Production consensus,h2h,Miami Marlins,,-102,1.98
2026-09-03T22:37:52.771283Z,824069,2026-09-03T23:40:00Z,Kansas City Royals,Miami Marlins,Production consensus,spreads,Kansas City Royals,1.5,-185,1.54
2026-09-03T22:37:52.771283Z,824069,2026-09-03T23:40:00Z,Kansas City Royals,Miami Marlins,Production consensus,spreads,Miami Marlins,-1.5,157,2.57
2026-09-03T22:37:52.771283Z,824069,2026-09-03T23:40:00Z,Kansas City Royals,Miami Marlins,Production consensus,totals,Over,9.0,-119,1.84
2026-09-03T22:37:52.771283Z,824069,2026-09-03T23:40:00Z,Kansas City Royals,Miami Marlins,Production consensus,totals,Under,9.0,100,2.0
2026-09-03T22:37:52.771283Z,822853,2026-09-04T00:05:00Z,Texas Rangers,Tampa Bay Rays,Production consensus,h2h,Tampa Bay Rays,,-122,1.82
2026-09-03T22:37:52.771283Z,822853,2026-09-04T00:05:00Z,Texas Rangers,Tampa Bay Rays,Production consensus,h2h,Texas Rangers,,105,2.05
2026-09-03T22:37:52.771283Z,822853,2026-09-04T00:05:00Z,Texas Rangers,Tampa Bay Rays,Production consensus,spreads,Tampa Bay Rays,-1.5,136,2.36
2026-09-03T22:37:52.771283Z,822853,2026-09-04T00:05:00Z,Texas Rangers,Tampa Bay Rays,Production consensus,spreads,Texas Rangers,1.5,-161,1.62
2026-09-03T22:37:52.771283Z,822853,2026-09-04T00:05:00Z,Texas Rangers,Tampa Bay Rays,Production consensus,totals,Over,8.0,-106,1.94
2026-09-03T22:37:52.771283Z,822853,2026-09-04T00:05:00Z,Texas Rangers,Tampa Bay Rays,Production consensus,totals,Under,8.0,-114,1.88
2026-09-03T22:37:52.771283Z,823095,2026-09-04T01:40:00Z,Seattle Mariners,Athletics,Production consensus,h2h,Athletics,,180,2.8
2026-09-03T22:37:52.771283Z,823095,2026-09-04T01:40:00Z,Seattle Mariners,Athletics,Production consensus,h2h,Seattle Mariners,,-213,1.47
2026-09-03T22:37:52.771283Z,823095,2026-09-04T01:40:00Z,Seattle Mariners,Athletics,Production consensus,spreads,Athletics,1.5,-125,1.8
2026-09-03T22:37:52.771283Z,823095,2026-09-04T01:40:00Z,Seattle Mariners,Athletics,Production consensus,spreads,Seattle Mariners,-1.5,105,2.05
2026-09-03T22:37:52.771283Z,823095,2026-09-04T01:40:00Z,Seattle Mariners,Athletics,Production consensus,totals,Over,7.5,100,2.0
2026-09-03T22:37:52.771283Z,823095,2026-09-04T01:40:00Z,Seattle Mariners,Athletics,Production consensus,totals,Under,7.5,-120,1.83
2026-09-03T22:37:52.771283Z,823907,2026-09-04T02:10:00Z,Los Angeles Dodgers,St. Louis Cardinals,Production consensus,h2h,Los Angeles Dodgers,,-286,1.35
2026-09-03T22:37:52.771283Z,823907,2026-09-04T02:10:00Z,Los Angeles Dodgers,St. Louis Cardinals,Production consensus,h2h,St. Louis Cardinals,,233,3.33
2026-09-03T22:37:52.771283Z,823907,2026-09-04T02:10:00Z,Los Angeles Dodgers,St. Louis Cardinals,Production consensus,spreads,Los Angeles Dodgers,-1.5,-132,1.76
2026-09-03T22:37:52.771283Z,823907,2026-09-04T02:10:00Z,Los Angeles Dodgers,St. Louis Cardinals,Production consensus,spreads,St. Louis Cardinals,1.5,110,2.1
2026-09-03T22:37:52.771283Z,823907,2026-09-04T02:10:00Z,Los Angeles Dodgers,St. Louis Cardinals,Production consensus,totals,Over,7.5,-108,1.93
2026-09-03T22:37:52.771283Z,823907,2026-09-04T02:10:00Z,Los Angeles Dodgers,St. Louis Cardinals,Production consensus,totals,Under,7.5,-112,1.89
2026-09-04T01:01:50.460398Z,823095,2026-09-04T01:40:00Z,Seattle Mariners,Athletics,Production consensus,h2h,Athletics,,181,2.81
2026-09-04T01:01:50.460398Z,823095,2026-09-04T01:40:00Z,Seattle Mariners,Athletics,Production consensus,h2h,Seattle Mariners,,-217,1.46
2026-09-04T01:01:50.460398Z,823095,2026-09-04T01:40:00Z,Seattle Mariners,Athletics,Production consensus,spreads,Athletics,1.5,-125,1.8
2026-09-04T01:01:50.460398Z,823095,2026-09-04T01:40:00Z,Seattle Mariners,Athletics,Production consensus,spreads,Seattle Mariners,-1.5,105,2.05
2026-09-04T01:01:50.460398Z,823095,2026-09-04T01:40:00Z,Seattle Mariners,Athletics,Production consensus,totals,Over,7.5,-102,1.98
2026-09-04T01:01:50.460398Z,823095,2026-09-04T01:40:00Z,Seattle Mariners,Athletics,Production consensus,totals,Under,7.5,-119,1.84
2026-09-04T01:01:50.460398Z,823907,2026-09-04T02:10:00Z,Los Angeles Dodgers,St. Louis Cardinals,Production consensus,h2h,Los Angeles Dodgers,,-294,1.34
2026-09-04T01:01:50.460398Z,823907,2026-09-04T02:10:00Z,Los Angeles Dodgers,St. Louis Cardinals,Production consensus,h2h,St. Louis Cardinals,,234,3.34
2026-09-04T01:01:50.460398Z,823907,2026-09-04T02:10:00Z,Los Angeles Dodgers,St. Louis Cardinals,Production consensus,spreads,Los Angeles Dodgers,-1.5,-132,1.76
2026-09-04T01:01:50.460398Z,823907,2026-09-04T02:10:00Z,Los Angeles Dodgers,St. Louis Cardinals,Production consensus,spreads,St. Louis Cardinals,1.5,110,2.1
2026-09-04T01:01:50.460398Z,823907,2026-09-04T02:10:00Z,Los Angeles Dodgers,St. Louis Cardinals,Production consensus,totals,Over,7.5,-104,1.96
2026-09-04T01:01:50.460398Z,823907,2026-09-04T02:10:00Z,Los Angeles Dodgers,St. Louis Cardinals,Production consensus,totals,Under,7.5,-115,1.87
2026-09-04T11:23:11.073126Z,824424,2026-09-04T18:10:00Z,Cleveland Guardians,Detroit Tigers,Production consensus,h2h,Cleveland Guardians,,-139,1.72
2026-09-04T11:23:11.073126Z,824424,2026-09-04T18:10:00Z,Cleveland Guardians,Detroit Tigers,Production consensus,h2h,Detroit Tigers,,118,2.18
2026-09-04T11:23:11.073126Z,824424,2026-09-04T18:10:00Z,Cleveland Guardians,Detroit Tigers,Production consensus,spreads,Cleveland Guardians,-1.5,155,2.55
2026-09-04T11:23:11.073126Z,824424,2026-09-04T18:10:00Z,Cleveland Guardians,Detroit Tigers,Production consensus,spreads,Detroit Tigers,1.5,-185,1.54
2026-09-04T11:23:11.073126Z,824424,2026-09-04T18:10:00Z,Cleveland Guardians,Detroit Tigers,Production consensus,totals,Over,8.5,-105,1.95
2026-09-04T11:23:11.073126Z,824424,2026-09-04T18:10:00Z,Cleveland Guardians,Detroit Tigers,Production consensus,totals,Under,8.5,-115,1.87
2026-09-04T16:25:30.279594Z,824424,2026-09-04T18:10:00Z,Cleveland Guardians,Detroit Tigers,Production consensus,h2h,Cleveland Guardians,,-135,1.74
2026-09-04T16:25:30.279594Z,824424,2026-09-04T18:10:00Z,Cleveland Guardians,Detroit Tigers,Production consensus,h2h,Detroit Tigers,,115,2.15
2026-09-04T16:25:30.279594Z,824424,2026-09-04T18:10:00Z,Cleveland Guardians,Detroit Tigers,Production consensus,spreads,Cleveland Guardians,-1.5,156,2.56
2026-09-04T16:25:30.279594Z,824424,2026-09-04T18:10:00Z,Cleveland Guardians,Detroit Tigers,Production consensus,spreads,Detroit Tigers,1.5,-185,1.54
2026-09-04T16:25:30.279594Z,824424,2026-09-04T18:10:00Z,Cleveland Guardians,Detroit Tigers,Production consensus,totals,Over,8.0,-115,1.87
2026-09-04T16:25:30.279594Z,824424,2026-09-04T18:10:00Z,Cleveland Guardians,Detroit Tigers,Production consensus,totals,Under,8.0,-106,1.94
2026-09-04T16:25:30.279594Z,824471,2026-09-04T22:10:00Z,Cincinnati Reds,Milwaukee Brewers,Production consensus,h2h,Cincinnati Reds,,136,2.36
2026-09-04T16:25:30.279594Z,824471,2026-09-04T22:10:00Z,Cincinnati Reds,Milwaukee Brewers,Production consensus,h2h,Milwaukee Brewers,,-161,1.62
2026-09-04T16:25:30.279594Z,824471,2026-09-04T22:10:00Z,Cincinnati Reds,Milwaukee Brewers,Production consensus,spreads,Cincinnati Reds,1.5,-116,1.86
2026-09-04T16:25:30.279594Z,824471,2026-09-04T22:10:00Z,Cincinnati Reds,Milwaukee Brewers,Production consensus,spreads,Milwaukee Brewers,-1.5,-102,1.98
2026-09-04T16:25:30.279594Z,824471,2026-09-04T22:10:00Z,Cincinnati Reds,Milwaukee Brewers,Production consensus,totals,Over,9.5,-110,1.91
2026-09-04T16:25:30.279594Z,824471,2026-09-04T22:10:00Z,Cincinnati Reds,Milwaukee Brewers,Production consensus,totals,Under,9.5,-110,1.91
2026-09-04T16:25:30.279594Z,823418,2026-09-04T22:40:00Z,Philadelphia Phillies,Atlanta Braves,Production consensus,h2h,Atlanta Braves,,-102,1.98
2026-09-04T16:25:30.279594Z,823418,2026-09-04T22:40:00Z,Philadelphia Phillies,Atlanta Braves,Production consensus,h2h,Philadelphia Phillies,,-114,1.88
2026-09-04T16:25:30.279594Z,823418,2026-09-04T22:40:00Z,Philadelphia Phillies,Atlanta Braves,Production consensus,spreads,Atlanta Braves,-1.5,170,2.7
2026-09-04T16:25:30.279594Z,823418,2026-09-04T22:40:00Z,Philadelphia Phillies,Atlanta Braves,Production consensus,spreads,Philadelphia Phillies,1.5,-208,1.48
2026-09-04T16:25:30.279594Z,823418,2026-09-04T22:40:00Z,Philadelphia Phillies,Atlanta Braves,Production consensus,totals,Over,6.5,-120,1.83
2026-09-04T16:25:30.279594Z,823418,2026-09-04T22:40:00Z,Philadelphia Phillies,Atlanta Braves,Production consensus,totals,Under,6.5,-101,1.99
2026-09-04T16:25:30.279594Z,823338,2026-09-04T22:45:00Z,Pittsburgh Pirates,Los Angeles Angels,Production consensus,h2h,Los Angeles Angels,,164,2.64
2026-09-04T16:25:30.279594Z,823338,2026-09-04T22:45:00Z,Pittsburgh Pirates,Los Angeles Angels,Production consensus,h2h,Pittsburgh Pirates,,-196,1.51
2026-09-04T16:25:30.279594Z,823338,2026-09-04T22:45:00Z,Pittsburgh Pirates,Los Angeles Angels,Production consensus,spreads,Los Angeles Angels,1.5,-132,1.76
2026-09-04T16:25:30.279594Z,823338,2026-09-04T22:45:00Z,Pittsburgh Pirates,Los Angeles Angels,Production consensus,spreads,Pittsburgh Pirates,-1.5,110,2.1
2026-09-04T16:25:30.279594Z,823338,2026-09-04T22:45:00Z,Pittsburgh Pirates,Los Angeles Angels,Production consensus,totals,Over,8.5,-110,1.91
2026-09-04T16:25:30.279594Z,823338,2026-09-04T22:45:00Z,Pittsburgh Pirates,Los Angeles Angels,Production consensus,totals,Under,8.5,-110,1.91
2026-09-04T16:25:30.279594Z,824797,2026-09-04T23:05:00Z,Baltimore Orioles,Boston Red Sox,Production consensus,h2h,Baltimore Orioles,,100,2.0
2026-09-04T16:25:30.279594Z,824797,2026-09-04T23:05:00Z,Baltimore Orioles,Boston Red Sox,Production consensus,h2h,Boston Red Sox,,-120,1.83
2026-09-04T16:25:30.279594Z,824797,2026-09-04T23:05:00Z,Baltimore Orioles,Boston Red Sox,Production consensus,spreads,Baltimore Orioles,1.5,-164,1.61
2026-09-04T16:25:30.279594Z,824797,2026-09-04T23:05:00Z,Baltimore Orioles,Boston Red Sox,Production consensus,spreads,Boston Red Sox,-1.5,140,2.4
2026-09-04T16:25:30.279594Z,824797,2026-09-04T23:05:00Z,Baltimore Orioles,Boston Red Sox,Production consensus,totals,Over,8.0,-115,1.87
2026-09-04T16:25:30.279594Z,824797,2026-09-04T23:05:00Z,Baltimore Orioles,Boston Red Sox,Production consensus,totals,Under,8.0,-105,1.95
2026-09-04T16:25:30.279594Z,823579,2026-09-04T23:10:00Z,New York Mets,San Francisco Giants,Production consensus,h2h,New York Mets,,-189,1.53
2026-09-04T16:25:30.279594Z,823579,2026-09-04T23:10:00Z,New York Mets,San Francisco Giants,Production consensus,h2h,San Francisco Giants,,160,2.6
2026-09-04T16:25:30.279594Z,823579,2026-09-04T23:10:00Z,New York Mets,San Francisco Giants,Production consensus,spreads,New York Mets,-1.5,115,2.15
2026-09-04T16:25:30.279594Z,823579,2026-09-04T23:10:00Z,New York Mets,San Francisco Giants,Production consensus,spreads,San Francisco Giants,1.5,-135,1.74
2026-09-04T16:25:30.279594Z,823579,2026-09-04T23:10:00Z,New York Mets,San Francisco Giants,Production consensus,totals,Over,7.5,-114,1.88
2026-09-04T16:25:30.279594Z,823579,2026-09-04T23:10:00Z,New York Mets,San Francisco Giants,Production consensus,totals,Under,7.5,-105,1.95
2026-09-04T16:25:30.279594Z,823824,2026-09-04T23:10:00Z,Miami Marlins,Chicago Cubs,Production consensus,h2h,Chicago Cubs,,-156,1.64
2026-09-04T16:25:30.279594Z,823824,2026-09-04T23:10:00Z,Miami Marlins,Chicago Cubs,Production consensus,h2h,Miami Marlins,,134,2.34
2026-09-04T16:25:30.279594Z,823824,2026-09-04T23:10:00Z,Miami Marlins,Chicago Cubs,Production consensus,spreads,Chicago Cubs,-1.5,110,2.1
2026-09-04T16:25:30.279594Z,823824,2026-09-04T23:10:00Z,Miami Marlins,Chicago Cubs,Production consensus,spreads,Miami Marlins,1.5,-130,1.77
2026-09-04T16:25:30.279594Z,823824,2026-09-04T23:10:00Z,Miami Marlins,Chicago Cubs,Production consensus,totals,Over,8.0,-109,1.92
2026-09-04T16:25:30.279594Z,823824,2026-09-04T23:10:00Z,Miami Marlins,Chicago Cubs,Production consensus,totals,Under,8.0,-112,1.89
2026-09-04T16:25:30.279594Z,824554,2026-09-04T23:40:00Z,Chicago White Sox,Minnesota Twins,Production consensus,h2h,Chicago White Sox,,-118,1.85
2026-09-04T16:25:30.279594Z,824554,2026-09-04T23:40:00Z,Chicago White Sox,Minnesota Twins,Production consensus,h2h,Minnesota Twins,,-102,1.98
2026-09-04T16:25:30.279594Z,824554,2026-09-04T23:40:00Z,Chicago White Sox,Minnesota Twins,Production consensus,spreads,Chicago White Sox,1.5,-196,1.51
2026-09-04T16:25:30.279594Z,824554,2026-09-04T23:40:00Z,Chicago White Sox,Minnesota Twins,Production consensus,spreads,Minnesota Twins,-1.5,161,2.61
2026-09-04T16:25:30.279594Z,824554,2026-09-04T23:40:00Z,Chicago White Sox,Minnesota Twins,Production consensus,totals,Over,9.0,-110,1.91
2026-09-04T16:25:30.279594Z,824554,2026-09-04T23:40:00Z,Chicago White Sox,Minnesota Twins,Production consensus,totals,Under,9.0,-109,1.92
2026-09-04T16:25:30.279594Z,822852,2026-09-05T00:05:00Z,Texas Rangers,Tampa Bay Rays,Production consensus,h2h,Tampa Bay Rays,,-104,1.96
2026-09-04T16:25:30.279594Z,822852,2026-09-05T00:05:00Z,Texas Rangers,Tampa Bay Rays,Production consensus,h2h,Texas Rangers,,-112,1.89
2026-09-04T16:25:30.279594Z,822852,2026-09-05T00:05:00Z,Texas Rangers,Tampa Bay Rays,Production consensus,spreads,Tampa Bay Rays,-1.5,155,2.55
2026-09-04T16:25:30.279594Z,822852,2026-09-05T00:05:00Z,Texas Rangers,Tampa Bay Rays,Production consensus,spreads,Texas Rangers,1.5,-185,1.54
2026-09-04T16:25:30.279594Z,822852,2026-09-05T00:05:00Z,Texas Rangers,Tampa Bay Rays,Production consensus,totals,Over,8.5,-104,1.96
2026-09-04T16:25:30.279594Z,822852,2026-09-05T00:05:00Z,Texas Rangers,Tampa Bay Rays,Production consensus,totals,Under,8.5,-115,1.87
2026-09-04T16:25:30.279594Z,824067,2026-09-05T00:10:00Z,Kansas City Royals,Toronto Blue Jays,Production consensus,h2h,Kansas City Royals,,-119,1.84
2026-09-04T16:25:30.279594Z,824067,2026-09-05T00:10:00Z,Kansas City Royals,Toronto Blue Jays,Production consensus,h2h,Toronto Blue Jays,,-102,1.98
2026-09-04T16:25:30.279594Z,824067,2026-09-05T00:10:00Z,Kansas City Royals,Toronto Blue Jays,Production consensus,spreads,Kansas City Royals,1.5,-189,1.53
2026-09-04T16:25:30.279594Z,824067,2026-09-05T00:10:00Z,Kansas City Royals,Toronto Blue Jays,Production consensus,spreads,Toronto Blue Jays,-1.5,154,2.54
2026-09-04T16:25:30.279594Z,824067,2026-09-05T00:10:00Z,Kansas City Royals,Toronto Blue Jays,Production consensus,totals,Over,10.0,-105,1.95
2026-09-04T16:25:30.279594Z,824067,2026-09-05T00:10:00Z,Kansas City Royals,Toronto Blue Jays,Production consensus,totals,Under,10.0,-114,1.88
2026-09-04T16:25:30.279594Z,824146,2026-09-05T00:10:00Z,Houston Astros,Arizona Diamondbacks,Production consensus,h2h,Arizona Diamondbacks,,115,2.15
2026-09-04T16:25:30.279594Z,824146,2026-09-05T00:10:00Z,Houston Astros,Arizona Diamondbacks,Production consensus,h2h,Houston Astros,,-132,1.76
2026-09-04T16:25:30.279594Z,824146,2026-09-05T00:10:00Z,Houston Astros,Arizona Diamondbacks,Production consensus,spreads,Arizona Diamondbacks,1.5,-185,1.54
2026-09-04T16:25:30.279594Z,824146,2026-09-05T00:10:00Z,Houston Astros,Arizona Diamondbacks,Production consensus,spreads,Houston Astros,-1.5,155,2.55
2026-09-04T16:25:30.279594Z,824146,2026-09-05T00:10:00Z,Houston Astros,Arizona Diamondbacks,Production consensus,totals,Over,9.0,100,2.0
2026-09-04T16:25:30.279594Z,824146,2026-09-05T00:10:00Z,Houston Astros,Arizona Diamondbacks,Production consensus,totals,Under,9.0,-120,1.83
2026-09-04T19:38:49.759435Z,824471,2026-09-04T22:10:00Z,Cincinnati Reds,Milwaukee Brewers,Production consensus,h2h,Cincinnati Reds,,137,2.37
2026-09-04T19:38:49.759435Z,824471,2026-09-04T22:10:00Z,Cincinnati Reds,Milwaukee Brewers,Production consensus,h2h,Milwaukee Brewers,,-161,1.62
2026-09-04T19:38:49.759435Z,824471,2026-09-04T22:10:00Z,Cincinnati Reds,Milwaukee Brewers,Production consensus,spreads,Cincinnati Reds,1.5,-118,1.85
2026-09-04T19:38:49.759435Z,824471,2026-09-04T22:10:00Z,Cincinnati Reds,Milwaukee Brewers,Production consensus,spreads,Milwaukee Brewers,-1.5,10000,101.0
2026-09-04T19:38:49.759435Z,824471,2026-09-04T22:10:00Z,Cincinnati Reds,Milwaukee Brewers,Production consensus,totals,Over,9.5,-110,1.91
2026-09-04T19:38:49.759435Z,824471,2026-09-04T22:10:00Z,Cincinnati Reds,Milwaukee Brewers,Production consensus,totals,Under,9.5,-110,1.91
2026-09-04T19:38:49.759435Z,823418,2026-09-04T22:40:00Z,Philadelphia Phillies,Atlanta Braves,Production consensus,h2h,Atlanta Braves,,-106,1.94
2026-09-04T19:38:49.759435Z,823418,2026-09-04T22:40:00Z,Philadelphia Phillies,Atlanta Braves,Production consensus,h2h,Philadelphia Phillies,,-112,1.89
2026-09-04T19:38:49.759435Z,823418,2026-09-04T22:40:00Z,Philadelphia Phillies,Atlanta Braves,Production consensus,spreads,Atlanta Braves,-1.5,162,2.62
2026-09-04T19:38:49.759435Z,823418,2026-09-04T22:40:00Z,Philadelphia Phillies,Atlanta Braves,Production consensus,spreads,Philadelphia Phillies,1.5,-196,1.51
2026-09-04T19:38:49.759435Z,823418,2026-09-04T22:40:00Z,Philadelphia Phillies,Atlanta Braves,Production consensus,totals,Over,7.0,-102,1.98
2026-09-04T19:38:49.759435Z,823418,2026-09-04T22:40:00Z,Philadelphia Phillies,Atlanta Braves,Production consensus,totals,Under,7.0,-118,1.85
2026-09-04T19:38:49.759435Z,823338,2026-09-04T22:45:00Z,Pittsburgh Pirates,Los Angeles Angels,Production consensus,h2h,Los Angeles Angels,,163,2.63
2026-09-04T19:38:49.759435Z,823338,2026-09-04T22:45:00Z,Pittsburgh Pirates,Los Angeles Angels,Production consensus,h2h,Pittsburgh Pirates,,-192,1.52
2026-09-04T19:38:49.759435Z,823338,2026-09-04T22:45:00Z,Pittsburgh Pirates,Los Angeles Angels,Production consensus,spreads,Los Angeles Angels,1.5,-132,1.76
2026-09-04T19:38:49.759435Z,823338,2026-09-04T22:45:00Z,Pittsburgh Pirates,Los Angeles Angels,Production consensus,spreads,Pittsburgh Pirates,-1.5,110,2.1
2026-09-04T19:38:49.759435Z,823338,2026-09-04T22:45:00Z,Pittsburgh Pirates,Los Angeles Angels,Production consensus,totals,Over,8.5,-118,1.85
2026-09-04T19:38:49.759435Z,823338,2026-09-04T22:45:00Z,Pittsburgh Pirates,Los Angeles Angels,Production consensus,totals,Under,8.5,-102,1.98
2026-09-04T19:38:49.759435Z,824797,2026-09-04T23:05:00Z,Baltimore Orioles,Boston Red Sox,Production consensus,h2h,Baltimore Orioles,,102,2.02
2026-09-04T19:38:49.759435Z,824797,2026-09-04T23:05:00Z,Baltimore Orioles,Boston Red Sox,Production consensus,h2h,Boston Red Sox,,-120,1.83
2026-09-04T19:38:49.759435Z,824797,2026-09-04T23:05:00Z,Baltimore Orioles,Boston Red Sox,Production consensus,spreads,Baltimore Orioles,1.5,-161,1.62
2026-09-04T19:38:49.759435Z,824797,2026-09-04T23:05:00Z,Baltimore Orioles,Boston Red Sox,Production consensus,spreads,Boston Red Sox,-1.5,140,2.4
2026-09-04T19:38:49.759435Z,824797,2026-09-04T23:05:00Z,Baltimore Orioles,Boston Red Sox,Production consensus,totals,Over,8.0,-115,1.87
2026-09-04T19:38:49.759435Z,824797,2026-09-04T23:05:00Z,Baltimore Orioles,Boston Red Sox,Production consensus,totals,Under,8.0,-105,1.95
2026-09-04T19:38:49.759435Z,823579,2026-09-04T23:10:00Z,New York Mets,San Francisco Giants,Production consensus,h2h,New York Mets,,-189,1.53
2026-09-04T19:38:49.759435Z,823579,2026-09-04T23:10:00Z,New York Mets,San Francisco Giants,Production consensus,h2h,San Francisco Giants,,160,2.6
2026-09-04T19:38:49.759435Z,823579,2026-09-04T23:10:00Z,New York Mets,San Francisco Giants,Production consensus,spreads,New York Mets,-1.5,113,2.13
2026-09-04T19:38:49.759435Z,823579,2026-09-04T23:10:00Z,New York Mets,San Francisco Giants,Production consensus,spreads,San Francisco Giants,1.5,-135,1.74
2026-09-04T19:38:49.759435Z,823579,2026-09-04T23:10:00Z,New York Mets,San Francisco Giants,Production consensus,totals,Over,7.5,-108,1.93
2026-09-04T19:38:49.759435Z,823579,2026-09-04T23:10:00Z,New York Mets,San Francisco Giants,Production consensus,totals,Under,7.5,-111,1.9
2026-09-04T19:38:49.759435Z,823824,2026-09-04T23:10:00Z,Miami Marlins,Chicago Cubs,Production consensus,h2h,Chicago Cubs,,-161,1.62
2026-09-04T19:38:49.759435Z,823824,2026-09-04T23:10:00Z,Miami Marlins,Chicago Cubs,Production consensus,h2h,Miami Marlins,,138,2.38
2026-09-04T19:38:49.759435Z,823824,2026-09-04T23:10:00Z,Miami Marlins,Chicago Cubs,Production consensus,spreads,Chicago Cubs,-1.5,105,2.05
2026-09-04T19:38:49.759435Z,823824,2026-09-04T23:10:00Z,Miami Marlins,Chicago Cubs,Production consensus,spreads,Miami Marlins,1.5,-125,1.8
2026-09-04T19:38:49.759435Z,823824,2026-09-04T23:10:00Z,Miami Marlins,Chicago Cubs,Production consensus,totals,Over,8.0,-114,1.88
2026-09-04T19:38:49.759435Z,823824,2026-09-04T23:10:00Z,Miami Marlins,Chicago Cubs,Production consensus,totals,Under,8.0,-106,1.94
2026-09-04T19:38:49.759435Z,824554,2026-09-04T23:40:00Z,Chicago White Sox,Minnesota Twins,Production consensus,h2h,Chicago White Sox,,-118,1.85
2026-09-04T19:38:49.759435Z,824554,2026-09-04T23:40:00Z,Chicago White Sox,Minnesota Twins,Production consensus,h2h,Minnesota Twins,,10000,101.0
2026-09-04T19:38:49.759435Z,824554,2026-09-04T23:40:00Z,Chicago White Sox,Minnesota Twins,Production consensus,spreads,Chicago White Sox,1.5,-196,1.51
2026-09-04T19:38:49.759435Z,824554,2026-09-04T23:40:00Z,Chicago White Sox,Minnesota Twins,Production consensus,spreads,Minnesota Twins,-1.5,161,2.61
2026-09-04T19:38:49.759435Z,824554,2026-09-04T23:40:00Z,Chicago White Sox,Minnesota Twins,Production consensus,totals,Over,9.0,-114,1.88
2026-09-04T19:38:49.759435Z,824554,2026-09-04T23:40:00Z,Chicago White Sox,Minnesota Twins,Production consensus,totals,Under,9.0,-106,1.94
2026-09-04T19:38:49.759435Z,822852,2026-09-05T00:05:00Z,Texas Rangers,Tampa Bay Rays,Production consensus,h2h,Tampa Bay Rays,,-105,1.95
2026-09-04T19:38:49.759435Z,822852,2026-09-05T00:05:00Z,Texas Rangers,Tampa Bay Rays,Production consensus,h2h,Texas Rangers,,-110,1.91
2026-09-04T19:38:49.759435Z,822852,2026-09-05T00:05:00Z,Texas Rangers,Tampa Bay Rays,Production consensus,spreads,Tampa Bay Rays,-1.5,156,2.56
2026-09-04T19:38:49.759435Z,822852,2026-09-05T00:05:00Z,Texas Rangers,Tampa Bay Rays,Production consensus,spreads,Texas Rangers,1.5,-185,1.54
2026-09-04T19:38:49.759435Z,822852,2026-09-05T00:05:00Z,Texas Rangers,Tampa Bay Rays,Production consensus,totals,Over,8.5,-105,1.95
2026-09-04T19:38:49.759435Z,822852,2026-09-05T00:05:00Z,Texas Rangers,Tampa Bay Rays,Production consensus,totals,Under,8.5,-115,1.87
2026-09-04T19:38:49.759435Z,824067,2026-09-05T00:10:00Z,Kansas City Royals,Toronto Blue Jays,Production consensus,h2h,Kansas City Royals,,-118,1.85
2026-09-04T19:38:49.759435Z,824067,2026-09-05T00:10:00Z,Kansas City Royals,Toronto Blue Jays,Production consensus,h2h,Toronto Blue Jays,,-102,1.98
2026-09-04T19:38:49.759435Z,824067,2026-09-05T00:10:00Z,Kansas City Royals,Toronto Blue Jays,Production consensus,spreads,Kansas City Royals,1.5,-189,1.53
2026-09-04T19:38:49.759435Z,824067,2026-09-05T00:10:00Z,Kansas City Royals,Toronto Blue Jays,Production consensus,spreads,Toronto Blue Jays,-1.5,154,2.54
2026-09-04T19:38:49.759435Z,824067,2026-09-05T00:10:00Z,Kansas City Royals,Toronto Blue Jays,Production consensus,totals,Over,10.0,-105,1.95
2026-09-04T19:38:49.759435Z,824067,2026-09-05T00:10:00Z,Kansas City Royals,Toronto Blue Jays,Production consensus,totals,Under,10.0,-115,1.87
2026-09-04T19:38:49.759435Z,824146,2026-09-05T00:10:00Z,Houston Astros,Arizona Diamondbacks,Production consensus,h2h,Arizona Diamondbacks,,110,2.1
2026-09-04T19:38:49.759435Z,824146,2026-09-05T00:10:00Z,Houston Astros,Arizona Diamondbacks,Production consensus,h2h,Houston Astros,,-130,1.77
2026-09-04T19:38:49.759435Z,824146,2026-09-05T00:10:00Z,Houston Astros,Arizona Diamondbacks,Production consensus,spreads,Arizona Diamondbacks,1.5,-189,1.53
2026-09-04T19:38:49.759435Z,824146,2026-09-05T00:10:00Z,Houston Astros,Arizona Diamondbacks,Production consensus,spreads,Houston Astros,-1.5,158,2.58
2026-09-04T19:38:49.759435Z,824146,2026-09-05T00:10:00Z,Houston Astros,Arizona Diamondbacks,Production consensus,totals,Over,8.5,-115,1.87
2026-09-04T19:38:49.759435Z,824146,2026-09-05T00:10:00Z,Houston Astros,Arizona Diamondbacks,Production consensus,totals,Under,8.5,2500,26.0
2026-09-04T19:38:49.759435Z,824311,2026-09-05T00:40:00Z,Colorado Rockies,St. Louis Cardinals,Production consensus,h2h,Colorado Rockies,,108,2.08
2026-09-04T19:38:49.759435Z,824311,2026-09-05T00:40:00Z,Colorado Rockies,St. Louis Cardinals,Production consensus,h2h,St. Louis Cardinals,,-127,1.79
2026-09-04T19:38:49.759435Z,824311,2026-09-05T00:40:00Z,Colorado Rockies,St. Louis Cardinals,Production consensus,spreads,Colorado Rockies,1.5,-139,1.72
2026-09-04T19:38:49.759435Z,824311,2026-09-05T00:40:00Z,Colorado Rockies,St. Louis Cardinals,Production consensus,spreads,St. Louis Cardinals,-1.5,118,2.18
2026-09-04T19:38:49.759435Z,824311,2026-09-05T00:40:00Z,Colorado Rockies,St. Louis Cardinals,Production consensus,totals,Over,11.0,-108,1.93
2026-09-04T19:38:49.759435Z,824311,2026-09-05T00:40:00Z,Colorado Rockies,St. Louis Cardinals,Production consensus,totals,Under,11.0,-111,1.9
2026-09-04T19:38:49.759435Z,823256,2026-09-05T01:40:00Z,San Diego Padres,New York Yankees,Production consensus,h2h,New York Yankees,,-115,1.87
2026-09-04T19:38:49.759435Z,823256,2026-09-05T01:40:00Z,San Diego Padres,New York Yankees,Production consensus,h2h,San Diego Padres,,-102,1.98
2026-09-04T19:38:49.759435Z,823256,2026-09-05T01:40:00Z,San Diego Padres,New York Yankees,Production consensus,spreads,New York Yankees,-1.5,145,2.45
2026-09-04T19:38:49.759435Z,823256,2026-09-05T01:40:00Z,San Diego Padres,New York Yankees,Production consensus,spreads,San Diego Padres,1.5,-175,1.57
2026-09-04T19:38:49.759435Z,823256,2026-09-05T01:40:00Z,San Diego Padres,New York Yankees,Production consensus,totals,Over,7.5,-102,1.98
2026-09-04T19:38:49.759435Z,823256,2026-09-05T01:40:00Z,San Diego Padres,New York Yankees,Production consensus,totals,Under,7.5,-119,1.84
2026-09-04T19:38:49.759435Z,823093,2026-09-05T02:10:00Z,Seattle Mariners,Athletics,Production consensus,h2h,Athletics,,186,2.86
2026-09-04T19:38:49.759435Z,823093,2026-09-05T02:10:00Z,Seattle Mariners,Athletics,Production consensus,h2h,Seattle Mariners,,-227,1.44
2026-09-04T19:38:49.759435Z,823093,2026-09-05T02:10:00Z,Seattle Mariners,Athletics,Production consensus,spreads,Athletics,1.5,-120,1.83
2026-09-04T19:38:49.759435Z,823093,2026-09-05T02:10:00Z,Seattle Mariners,Athletics,Production consensus,spreads,Seattle Mariners,-1.5,100,2.0
2026-09-04T19:38:49.759435Z,823093,2026-09-05T02:10:00Z,Seattle Mariners,Athletics,Production consensus,totals,Over,7.5,100,2.0
2026-09-04T19:38:49.759435Z,823093,2026-09-05T02:10:00Z,Seattle Mariners,Athletics,Production consensus,totals,Under,7.5,-127,1.79
2026-09-04T19:38:49.759435Z,823905,2026-09-05T02:10:00Z,Los Angeles Dodgers,Washington Nationals,Production consensus,h2h,Los Angeles Dodgers,,-286,1.35
2026-09-04T19:38:49.759435Z,823905,2026-09-05T02:10:00Z,Los Angeles Dodgers,Washington Nationals,Production consensus,h2h,Washington Nationals,,239,3.39
2026-09-04T19:38:49.759435Z,823905,2026-09-05T02:10:00Z,Los Angeles Dodgers,Washington Nationals,Production consensus,spreads,Los Angeles Dodgers,-1.5,-128,1.78
2026-09-04T19:38:49.759435Z,823905,2026-09-05T02:10:00Z,Los Angeles Dodgers,Washington Nationals,Production consensus,spreads,Washington Nationals,1.5,106,2.06
2026-09-04T19:38:49.759435Z,823905,2026-09-05T02:10:00Z,Los Angeles Dodgers,Washington Nationals,Production consensus,totals,Over,8.5,-102,1.98
2026-09-04T19:38:49.759435Z,823905,2026-09-05T02:10:00Z,Los Angeles Dodgers,Washington Nationals,Production consensus,totals,Under,8.5,-118,1.85
2026-09-04T22:23:23.401350Z,823418,2026-09-04T22:40:00Z,Philadelphia Phillies,Atlanta Braves,Production consensus,h2h,Atlanta Braves,,106,2.06
2026-09-04T22:23:23.401350Z,823418,2026-09-04T22:40:00Z,Philadelphia Phillies,Atlanta Braves,Production consensus,h2h,Philadelphia Phillies,,-120,1.83
2026-09-04T22:23:23.401350Z,823418,2026-09-04T22:40:00Z,Philadelphia Phillies,Atlanta Braves,Production consensus,spreads,Atlanta Braves,1.5,-217,1.46
2026-09-04T22:23:23.401350Z,823418,2026-09-04T22:40:00Z,Philadelphia Phillies,Atlanta Braves,Production consensus,spreads,Philadelphia Phillies,-1.5,185,2.85
2026-09-04T22:23:23.401350Z,823418,2026-09-04T22:40:00Z,Philadelphia Phillies,Atlanta Braves,Production consensus,totals,Over,7.0,100,2.0
2026-09-04T22:23:23.401350Z,823418,2026-09-04T22:40:00Z,Philadelphia Phillies,Atlanta Braves,Production consensus,totals,Under,7.0,-120,1.83
2026-09-04T22:23:23.401350Z,823338,2026-09-04T22:45:00Z,Pittsburgh Pirates,Los Angeles Angels,Production consensus,h2h,Los Angeles Angels,,163,2.63
2026-09-04T22:23:23.401350Z,823338,2026-09-04T22:45:00Z,Pittsburgh Pirates,Los Angeles Angels,Production consensus,h2h,Pittsburgh Pirates,,-189,1.53
2026-09-04T22:23:23.401350Z,823338,2026-09-04T22:45:00Z,Pittsburgh Pirates,Los Angeles Angels,Production consensus,spreads,Los Angeles Angels,1.5,-132,1.76
2026-09-04T22:23:23.401350Z,823338,2026-09-04T22:45:00Z,Pittsburgh Pirates,Los Angeles Angels,Production consensus,spreads,Pittsburgh Pirates,-1.5,110,2.1
2026-09-04T22:23:23.401350Z,823338,2026-09-04T22:45:00Z,Pittsburgh Pirates,Los Angeles Angels,Production consensus,totals,Over,8.5,-118,1.85
2026-09-04T22:23:23.401350Z,823338,2026-09-04T22:45:00Z,Pittsburgh Pirates,Los Angeles Angels,Production consensus,totals,Under,8.5,-102,1.98
2026-09-04T22:23:23.401350Z,824797,2026-09-04T23:05:00Z,Baltimore Orioles,Boston Red Sox,Production consensus,h2h,Baltimore Orioles,,-102,1.98
2026-09-04T22:23:23.401350Z,824797,2026-09-04T23:05:00Z,Baltimore Orioles,Boston Red Sox,Production consensus,h2h,Boston Red Sox,,-116,1.86
2026-09-04T22:23:23.401350Z,824797,2026-09-04T23:05:00Z,Baltimore Orioles,Boston Red Sox,Production consensus,spreads,Baltimore Orioles,1.5,-169,1.59
2026-09-04T22:23:23.401350Z,824797,2026-09-04T23:05:00Z,Baltimore Orioles,Boston Red Sox,Production consensus,spreads,Boston Red Sox,-1.5,140,2.4
2026-09-04T22:23:23.401350Z,824797,2026-09-04T23:05:00Z,Baltimore Orioles,Boston Red Sox,Production consensus,totals,Over,8.0,-115,1.87
2026-09-04T22:23:23.401350Z,824797,2026-09-04T23:05:00Z,Baltimore Orioles,Boston Red Sox,Production consensus,totals,Under,8.0,-105,1.95
2026-09-04T22:23:23.401350Z,823579,2026-09-04T23:10:00Z,New York Mets,San Francisco Giants,Production consensus,h2h,New York Mets,,-196,1.51
2026-09-04T22:23:23.401350Z,823579,2026-09-04T23:10:00Z,New York Mets,San Francisco Giants,Production consensus,h2h,San Francisco Giants,,166,2.66
2026-09-04T22:23:23.401350Z,823579,2026-09-04T23:10:00Z,New York Mets,San Francisco Giants,Production consensus,spreads,New York Mets,-1.5,109,2.09
2026-09-04T22:23:23.401350Z,823579,2026-09-04T23:10:00Z,New York Mets,San Francisco Giants,Production consensus,spreads,San Francisco Giants,1.5,-132,1.76
2026-09-04T22:23:23.401350Z,823579,2026-09-04T23:10:00Z,New York Mets,San Francisco Giants,Production consensus,totals,Over,7.5,-115,1.87
2026-09-04T22:23:23.401350Z,823579,2026-09-04T23:10:00Z,New York Mets,San Francisco Giants,Production consensus,totals,Under,7.5,-104,1.96
2026-09-04T22:23:23.401350Z,823824,2026-09-04T23:10:00Z,Miami Marlins,Chicago Cubs,Production consensus,h2h,Chicago Cubs,,-169,1.59
2026-09-04T22:23:23.401350Z,823824,2026-09-04T23:10:00Z,Miami Marlins,Chicago Cubs,Production consensus,h2h,Miami Marlins,,144,2.44
2026-09-04T22:23:23.401350Z,823824,2026-09-04T23:10:00Z,Miami Marlins,Chicago Cubs,Production consensus,spreads,Chicago Cubs,-1.5,104,2.04
2026-09-04T22:23:23.401350Z,823824,2026-09-04T23:10:00Z,Miami Marlins,Chicago Cubs,Production consensus,spreads,Miami Marlins,1.5,-123,1.81
2026-09-04T22:23:23.401350Z,823824,2026-09-04T23:10:00Z,Miami Marlins,Chicago Cubs,Production consensus,totals,Over,8.0,-115,1.87
2026-09-04T22:23:23.401350Z,823824,2026-09-04T23:10:00Z,Miami Marlins,Chicago Cubs,Production consensus,totals,Under,8.0,-105,1.95
2026-09-04T22:23:23.401350Z,824387,2026-09-04T23:15:00Z,Cleveland Guardians,Detroit Tigers,Production consensus,h2h,Cleveland Guardians,,-141,1.71
2026-09-04T22:23:23.401350Z,824387,2026-09-04T23:15:00Z,Cleveland Guardians,Detroit Tigers,Production consensus,h2h,Detroit Tigers,,118,2.18
2026-09-04T22:23:23.401350Z,824387,2026-09-04T23:15:00Z,Cleveland Guardians,Detroit Tigers,Production consensus,spreads,Cleveland Guardians,-1.5,152,2.52
2026-09-04T22:23:23.401350Z,824387,2026-09-04T23:15:00Z,Cleveland Guardians,Detroit Tigers,Production consensus,spreads,Detroit Tigers,1.5,-179,1.56
2026-09-04T22:23:23.401350Z,824387,2026-09-04T23:15:00Z,Cleveland Guardians,Detroit Tigers,Production consensus,totals,Over,8.0,-105,1.95
2026-09-04T22:23:23.401350Z,824387,2026-09-04T23:15:00Z,Cleveland Guardians,Detroit Tigers,Production consensus,totals,Under,8.0,-115,1.87
2026-09-04T22:23:23.401350Z,824554,2026-09-04T23:40:00Z,Chicago White Sox,Minnesota Twins,Production consensus,h2h,Chicago White Sox,,-122,1.82
2026-09-04T22:23:23.401350Z,824554,2026-09-04T23:40:00Z,Chicago White Sox,Minnesota Twins,Production consensus,h2h,Minnesota Twins,,104,2.04
2026-09-04T22:23:23.401350Z,824554,2026-09-04T23:40:00Z,Chicago White Sox,Minnesota Twins,Production consensus,spreads,Chicago White Sox,-1.5,158,2.58
2026-09-04T22:23:23.401350Z,824554,2026-09-04T23:40:00Z,Chicago White Sox,Minnesota Twins,Production consensus,spreads,Minnesota Twins,1.5,-189,1.53
2026-09-04T22:23:23.401350Z,824554,2026-09-04T23:40:00Z,Chicago White Sox,Minnesota Twins,Production consensus,totals,Over,9.0,-118,1.85
2026-09-04T22:23:23.401350Z,824554,2026-09-04T23:40:00Z,Chicago White Sox,Minnesota Twins,Production consensus,totals,Under,9.0,-102,1.98
2026-09-04T22:23:23.401350Z,822852,2026-09-05T00:05:00Z,Texas Rangers,Tampa Bay Rays,Production consensus,h2h,Tampa Bay Rays,,-102,1.98
2026-09-04T22:23:23.401350Z,822852,2026-09-05T00:05:00Z,Texas Rangers,Tampa Bay Rays,Production consensus,h2h,Texas Rangers,,-116,1.86
2026-09-04T22:23:23.401350Z,822852,2026-09-05T00:05:00Z,Texas Rangers,Tampa Bay Rays,Production consensus,spreads,Tampa Bay Rays,-1.5,159,2.59
2026-09-04T22:23:23.401350Z,822852,2026-09-05T00:05:00Z,Texas Rangers,Tampa Bay Rays,Production consensus,spreads,Texas Rangers,1.5,-192,1.52
2026-09-04T22:23:23.401350Z,822852,2026-09-05T00:05:00Z,Texas Rangers,Tampa Bay Rays,Production consensus,totals,Over,8.5,-110,1.91
2026-09-04T22:23:23.401350Z,822852,2026-09-05T00:05:00Z,Texas Rangers,Tampa Bay Rays,Production consensus,totals,Under,8.5,-110,1.91
2026-09-04T22:23:23.401350Z,824067,2026-09-05T00:10:00Z,Kansas City Royals,Toronto Blue Jays,Production consensus,h2h,Kansas City Royals,,-116,1.86
2026-09-04T22:23:23.401350Z,824067,2026-09-05T00:10:00Z,Kansas City Royals,Toronto Blue Jays,Production consensus,h2h,Toronto Blue Jays,,-102,1.98
2026-09-04T22:23:23.401350Z,824067,2026-09-05T00:10:00Z,Kansas City Royals,Toronto Blue Jays,Production consensus,spreads,Kansas City Royals,1.5,-185,1.54
2026-09-04T22:23:23.401350Z,824067,2026-09-05T00:10:00Z,Kansas City Royals,Toronto Blue Jays,Production consensus,spreads,Toronto Blue Jays,-1.5,152,2.52
2026-09-04T22:23:23.401350Z,824067,2026-09-05T00:10:00Z,Kansas City Royals,Toronto Blue Jays,Production consensus,totals,Over,10.0,-105,1.95
2026-09-04T22:23:23.401350Z,824067,2026-09-05T00:10:00Z,Kansas City Royals,Toronto Blue Jays,Production consensus,totals,Under,10.0,-114,1.88
2026-09-04T22:23:23.401350Z,824146,2026-09-05T00:10:00Z,Houston Astros,Arizona Diamondbacks,Production consensus,h2h,Arizona Diamondbacks,,109,2.09
2026-09-04T22:23:23.401350Z,824146,2026-09-05T00:10:00Z,Houston Astros,Arizona Diamondbacks,Production consensus,h2h,Houston Astros,,-125,1.8
2026-09-04T22:23:23.401350Z,824146,2026-09-05T00:10:00Z,Houston Astros,Arizona Diamondbacks,Production consensus,spreads,Arizona Diamondbacks,1.5,-189,1.53
2026-09-04T22:23:23.401350Z,824146,2026-09-05T00:10:00Z,Houston Astros,Arizona Diamondbacks,Production consensus,spreads,Houston Astros,-1.5,160,2.6
2026-09-04T22:23:23.401350Z,824146,2026-09-05T00:10:00Z,Houston Astros,Arizona Diamondbacks,Production consensus,totals,Over,9.0,100,2.0
2026-09-04T22:23:23.401350Z,824146,2026-09-05T00:10:00Z,Houston Astros,Arizona Diamondbacks,Production consensus,totals,Under,9.0,-120,1.83
2026-09-04T22:23:23.401350Z,824311,2026-09-05T00:40:00Z,Colorado Rockies,St. Louis Cardinals,Production consensus,h2h,Colorado Rockies,,108,2.08
2026-09-04T22:23:23.401350Z,824311,2026-09-05T00:40:00Z,Colorado Rockies,St. Louis Cardinals,Production consensus,h2h,St. Louis Cardinals,,-127,1.79
2026-09-04T22:23:23.401350Z,824311,2026-09-05T00:40:00Z,Colorado Rockies,St. Louis Cardinals,Production consensus,spreads,Colorado Rockies,1.5,-141,1.71
2026-09-04T22:23:23.401350Z,824311,2026-09-05T00:40:00Z,Colorado Rockies,St. Louis Cardinals,Production consensus,spreads,St. Louis Cardinals,-1.5,120,2.2
2026-09-04T22:23:23.401350Z,824311,2026-09-05T00:40:00Z,Colorado Rockies,St. Louis Cardinals,Production consensus,totals,Over,11.0,-105,1.95
2026-09-04T22:23:23.401350Z,824311,2026-09-05T00:40:00Z,Colorado Rockies,St. Louis Cardinals,Production consensus,totals,Under,11.0,-115,1.87
2026-09-04T22:23:23.401350Z,823256,2026-09-05T01:40:00Z,San Diego Padres,New York Yankees,Production consensus,h2h,New York Yankees,,-112,1.89
2026-09-04T22:23:23.401350Z,823256,2026-09-05T01:40:00Z,San Diego Padres,New York Yankees,Production consensus,h2h,San Diego Padres,,-102,1.98
2026-09-04T22:23:23.401350Z,823256,2026-09-05T01:40:00Z,San Diego Padres,New York Yankees,Production consensus,spreads,New York Yankees,-1.5,149,2.49
2026-09-04T22:23:23.401350Z,823256,2026-09-05T01:40:00Z,San Diego Padres,New York Yankees,Production consensus,spreads,San Diego Padres,1.5,-175,1.57
2026-09-04T22:23:23.401350Z,823256,2026-09-05T01:40:00Z,San Diego Padres,New York Yankees,Production consensus,totals,Over,7.5,100,2.0
2026-09-04T22:23:23.401350Z,823256,2026-09-05T01:40:00Z,San Diego Padres,New York Yankees,Production consensus,totals,Under,7.5,-120,1.83
2026-09-04T22:23:23.401350Z,823093,2026-09-05T02:10:00Z,Seattle Mariners,Athletics,Production consensus,h2h,Athletics,,190,2.9
2026-09-04T22:23:23.401350Z,823093,2026-09-05T02:10:00Z,Seattle Mariners,Athletics,Production consensus,h2h,Seattle Mariners,,-233,1.43
2026-09-04T22:23:23.401350Z,823093,2026-09-05T02:10:00Z,Seattle Mariners,Athletics,Production consensus,spreads,Athletics,1.5,-120,1.83
2026-09-04T22:23:23.401350Z,823093,2026-09-05T02:10:00Z,Seattle Mariners,Athletics,Production consensus,spreads,Seattle Mariners,-1.5,100,2.0
2026-09-04T22:23:23.401350Z,823093,2026-09-05T02:10:00Z,Seattle Mariners,Athletics,Production consensus,totals,Over,7.0,-120,1.83
2026-09-04T22:23:23.401350Z,823093,2026-09-05T02:10:00Z,Seattle Mariners,Athletics,Production consensus,totals,Under,7.0,-102,1.98
2026-09-04T22:23:23.401350Z,823905,2026-09-05T02:10:00Z,Los Angeles Dodgers,Washington Nationals,Production consensus,h2h,Los Angeles Dodgers,,-263,1.38
2026-09-04T22:23:23.401350Z,823905,2026-09-05T02:10:00Z,Los Angeles Dodgers,Washington Nationals,Production consensus,h2h,Washington Nationals,,220,3.2
2026-09-04T22:23:23.401350Z,823905,2026-09-05T02:10:00Z,Los Angeles Dodgers,Washington Nationals,Production consensus,spreads,Los Angeles Dodgers,-1.5,-120,1.83
2026-09-04T22:23:23.401350Z,823905,2026-09-05T02:10:00Z,Los Angeles Dodgers,Washington Nationals,Production consensus,spreads,Washington Nationals,1.5,100,2.0
2026-09-04T22:23:23.401350Z,823905,2026-09-05T02:10:00Z,Los Angeles Dodgers,Washington Nationals,Production consensus,totals,Over,8.0,-109,1.92
2026-09-04T22:23:23.401350Z,823905,2026-09-05T02:10:00Z,Los Angeles Dodgers,Washington Nationals,Production consensus,totals,Under,8.0,-110,1.91
2026-09-05T01:00:45.130485Z,823256,2026-09-05T01:40:00Z,San Diego Padres,New York Yankees,Production consensus,h2h,New York Yankees,,-110,1.91
2026-09-05T01:00:45.130485Z,823256,2026-09-05T01:40:00Z,San Diego Padres,New York Yankees,Production consensus,h2h,San Diego Padres,,-105,1.95
2026-09-05T01:00:45.130485Z,823256,2026-09-05T01:40:00Z,San Diego Padres,New York Yankees,Production consensus,spreads,New York Yankees,-1.5,152,2.52
2026-09-05T01:00:45.130485Z,823256,2026-09-05T01:40:00Z,San Diego Padres,New York Yankees,Production consensus,spreads,San Diego Padres,1.5,-182,1.55
2026-09-05T01:00:45.130485Z,823256,2026-09-05T01:40:00Z,San Diego Padres,New York Yankees,Production consensus,totals,Over,7.5,100,2.0
2026-09-05T01:00:45.130485Z,823256,2026-09-05T01:40:00Z,San Diego Padres,New York Yankees,Production consensus,totals,Under,7.5,-120,1.83
2026-09-05T01:00:45.130485Z,823093,2026-09-05T02:10:00Z,Seattle Mariners,Athletics,Production consensus,h2h,Athletics,,192,2.92
2026-09-05T01:00:45.130485Z,823093,2026-09-05T02:10:00Z,Seattle Mariners,Athletics,Production consensus,h2h,Seattle Mariners,,-233,1.43
2026-09-05T01:00:45.130485Z,823093,2026-09-05T02:10:00Z,Seattle Mariners,Athletics,Production consensus,spreads,Athletics,1.5,-125,1.8
2026-09-05T01:00:45.130485Z,823093,2026-09-05T02:10:00Z,Seattle Mariners,Athletics,Production consensus,spreads,Seattle Mariners,-1.5,104,2.04
2026-09-05T01:00:45.130485Z,823093,2026-09-05T02:10:00Z,Seattle Mariners,Athletics,Production consensus,totals,Over,7.0,-120,1.83
2026-09-05T01:00:45.130485Z,823093,2026-09-05T02:10:00Z,Seattle Mariners,Athletics,Production consensus,totals,Under,7.0,-102,1.98
2026-09-05T01:00:45.130485Z,823905,2026-09-05T02:10:00Z,Los Angeles Dodgers,Washington Nationals,Production consensus,h2h,Los Angeles Dodgers,,-263,1.38
2026-09-05T01:00:45.130485Z,823905,2026-09-05T02:10:00Z,Los Angeles Dodgers,Washington Nationals,Production consensus,h2h,Washington Nationals,,222,3.22
2026-09-05T01:00:45.130485Z,823905,2026-09-05T02:10:00Z,Los Angeles Dodgers,Washington Nationals,Production consensus,spreads,Los Angeles Dodgers,-1.5,-122,1.82
2026-09-05T01:00:45.130485Z,823905,2026-09-05T02:10:00Z,Los Angeles Dodgers,Washington Nationals,Production consensus,spreads,Washington Nationals,1.5,102,2.02
2026-09-05T01:00:45.130485Z,823905,2026-09-05T02:10:00Z,Los Angeles Dodgers,Washington Nationals,Production consensus,totals,Over,8.0,-108,1.93
2026-09-05T01:00:45.130485Z,823905,2026-09-05T02:10:00Z,Los Angeles Dodgers,Washington Nationals,Production consensus,totals,Under,8.0,-112,1.89
2026-09-05T13:53:43.944732Z,823577,2026-09-05T20:10:00Z,New York Mets,San Francisco Giants,Production consensus,h2h,New York Mets,,-185,1.54
2026-09-05T13:53:43.944732Z,823577,2026-09-05T20:10:00Z,New York Mets,San Francisco Giants,Production consensus,h2h,San Francisco Giants,,154,2.54
2026-09-05T13:53:43.944732Z,823577,2026-09-05T20:10:00Z,New York Mets,San Francisco Giants,Production consensus,spreads,New York Mets,-1.5,118,2.18
2026-09-05T13:53:43.944732Z,823577,2026-09-05T20:10:00Z,New York Mets,San Francisco Giants,Production consensus,spreads,San Francisco Giants,1.5,-141,1.71
2026-09-05T13:53:43.944732Z,823577,2026-09-05T20:10:00Z,New York Mets,San Francisco Giants,Production consensus,totals,Over,8.0,-105,1.95
2026-09-05T13:53:43.944732Z,823577,2026-09-05T20:10:00Z,New York Mets,San Francisco Giants,Production consensus,totals,Under,8.0,-115,1.87
2026-09-05T13:53:43.944732Z,823823,2026-09-05T20:10:00Z,Miami Marlins,Chicago Cubs,Production consensus,h2h,Chicago Cubs,,-139,1.72
2026-09-05T13:53:43.944732Z,823823,2026-09-05T20:10:00Z,Miami Marlins,Chicago Cubs,Production consensus,h2h,Miami Marlins,,118,2.18
2026-09-05T13:53:43.944732Z,823823,2026-09-05T20:10:00Z,Miami Marlins,Chicago Cubs,Production consensus,spreads,Chicago Cubs,-1.5,125,2.25
2026-09-05T13:53:43.944732Z,823823,2026-09-05T20:10:00Z,Miami Marlins,Chicago Cubs,Production consensus,spreads,Miami Marlins,1.5,-145,1.69
2026-09-05T13:53:43.944732Z,823823,2026-09-05T20:10:00Z,Miami Marlins,Chicago Cubs,Production consensus,totals,Over,8.5,-102,1.98
2026-09-05T13:53:43.944732Z,823823,2026-09-05T20:10:00Z,Miami Marlins,Chicago Cubs,Production consensus,totals,Under,8.5,-118,1.85
2026-09-05T16:51:26.719692Z,823577,2026-09-05T20:10:00Z,New York Mets,San Francisco Giants,Production consensus,h2h,New York Mets,,-167,1.6
2026-09-05T16:51:26.719692Z,823577,2026-09-05T20:10:00Z,New York Mets,San Francisco Giants,Production consensus,h2h,San Francisco Giants,,141,2.41
2026-09-05T16:51:26.719692Z,823577,2026-09-05T20:10:00Z,New York Mets,San Francisco Giants,Production consensus,spreads,New York Mets,-1.5,130,2.3
2026-09-05T16:51:26.719692Z,823577,2026-09-05T20:10:00Z,New York Mets,San Francisco Giants,Production consensus,spreads,San Francisco Giants,1.5,-154,1.65
2026-09-05T16:51:26.719692Z,823577,2026-09-05T20:10:00Z,New York Mets,San Francisco Giants,Production consensus,totals,Over,8.0,-105,1.95
2026-09-05T16:51:26.719692Z,823577,2026-09-05T20:10:00Z,New York Mets,San Francisco Giants,Production consensus,totals,Under,8.0,-115,1.87
2026-09-05T16:51:26.719692Z,823823,2026-09-05T20:10:00Z,Miami Marlins,Chicago Cubs,Production consensus,h2h,Chicago Cubs,,-127,1.79
2026-09-05T16:51:26.719692Z,823823,2026-09-05T20:10:00Z,Miami Marlins,Chicago Cubs,Production consensus,h2h,Miami Marlins,,109,2.09
2026-09-05T16:51:26.719692Z,823823,2026-09-05T20:10:00Z,Miami Marlins,Chicago Cubs,Production consensus,spreads,Chicago Cubs,-1.5,135,2.35
2026-09-05T16:51:26.719692Z,823823,2026-09-05T20:10:00Z,Miami Marlins,Chicago Cubs,Production consensus,spreads,Miami Marlins,1.5,-156,1.64
2026-09-05T16:51:26.719692Z,823823,2026-09-05T20:10:00Z,Miami Marlins,Chicago Cubs,Production consensus,totals,Over,8.5,5000,51.0
2026-09-05T16:51:26.719692Z,823823,2026-09-05T20:10:00Z,Miami Marlins,Chicago Cubs,Production consensus,totals,Under,8.5,-118,1.85
2026-09-05T16:51:26.719692Z,823419,2026-09-05T22:05:00Z,Philadelphia Phillies,Atlanta Braves,Production consensus,h2h,Atlanta Braves,,135,2.35
2026-09-05T16:51:26.719692Z,823419,2026-09-05T22:05:00Z,Philadelphia Phillies,Atlanta Braves,Production consensus,h2h,Philadelphia Phillies,,-161,1.62
2026-09-05T16:51:26.719692Z,823419,2026-09-05T22:05:00Z,Philadelphia Phillies,Atlanta Braves,Production consensus,spreads,Atlanta Braves,1.5,-156,1.64
2026-09-05T16:51:26.719692Z,823419,2026-09-05T22:05:00Z,Philadelphia Phillies,Atlanta Braves,Production consensus,spreads,Philadelphia Phillies,-1.5,134,2.34
2026-09-05T16:51:26.719692Z,823419,2026-09-05T22:05:00Z,Philadelphia Phillies,Atlanta Braves,Production consensus,totals,Over,8.0,-118,1.85
2026-09-05T16:51:26.719692Z,823419,2026-09-05T22:05:00Z,Philadelphia Phillies,Atlanta Braves,Production consensus,totals,Under,8.0,-104,1.96
2026-09-05T16:51:26.719692Z,824389,2026-09-05T22:10:00Z,Cleveland Guardians,Detroit Tigers,Production consensus,h2h,Cleveland Guardians,,-159,1.63
2026-09-05T16:51:26.719692Z,824389,2026-09-05T22:10:00Z,Cleveland Guardians,Detroit Tigers,Production consensus,h2h,Detroit Tigers,,134,2.34
2026-09-05T16:51:26.719692Z,824389,2026-09-05T22:10:00Z,Cleveland Guardians,Detroit Tigers,Production consensus,spreads,Cleveland Guardians,-1.5,137,2.37
2026-09-05T16:51:26.719692Z,824389,2026-09-05T22:10:00Z,Cleveland Guardians,Detroit Tigers,Production consensus,spreads,Detroit Tigers,1.5,-164,1.61
2026-09-05T16:51:26.719692Z,824389,2026-09-05T22:10:00Z,Cleveland Guardians,Detroit Tigers,Production consensus,totals,Over,7.0,100,2.0
2026-09-05T16:51:26.719692Z,824389,2026-09-05T22:10:00Z,Cleveland Guardians,Detroit Tigers,Production consensus,totals,Under,7.0,-120,1.83
2026-09-05T16:51:26.719692Z,823335,2026-09-05T22:40:00Z,Pittsburgh Pirates,Los Angeles Angels,Production consensus,h2h,Los Angeles Angels,,155,2.55
2026-09-05T16:51:26.719692Z,823335,2026-09-05T22:40:00Z,Pittsburgh Pirates,Los Angeles Angels,Production consensus,h2h,Pittsburgh Pirates,,-185,1.54
2026-09-05T16:51:26.719692Z,823335,2026-09-05T22:40:00Z,Pittsburgh Pirates,Los Angeles Angels,Production consensus,spreads,Los Angeles Angels,1.5,-145,1.69
2026-09-05T16:51:26.719692Z,823335,2026-09-05T22:40:00Z,Pittsburgh Pirates,Los Angeles Angels,Production consensus,spreads,Pittsburgh Pirates,-1.5,121,2.21
2026-09-05T16:51:26.719692Z,823335,2026-09-05T22:40:00Z,Pittsburgh Pirates,Los Angeles Angels,Production consensus,totals,Over,7.5,-118,1.85
2026-09-05T16:51:26.719692Z,823335,2026-09-05T22:40:00Z,Pittsburgh Pirates,Los Angeles Angels,Production consensus,totals,Under,7.5,-104,1.96
2026-09-05T16:51:26.719692Z,824468,2026-09-05T22:40:00Z,Cincinnati Reds,Milwaukee Brewers,Production consensus,h2h,Cincinnati Reds,,134,2.34
2026-09-05T16:51:26.719692Z,824468,2026-09-05T22:40:00Z,Cincinnati Reds,Milwaukee Brewers,Production consensus,h2h,Milwaukee Brewers,,-156,1.64
2026-09-05T16:51:26.719692Z,824468,2026-09-05T22:40:00Z,Cincinnati Reds,Milwaukee Brewers,Production consensus,spreads,Cincinnati Reds,1.5,-125,1.8
2026-09-05T16:51:26.719692Z,824468,2026-09-05T22:40:00Z,Cincinnati Reds,Milwaukee Brewers,Production consensus,spreads,Milwaukee Brewers,-1.5,104,2.04
2026-09-05T16:51:26.719692Z,824468,2026-09-05T22:40:00Z,Cincinnati Reds,Milwaukee Brewers,Production consensus,totals,Over,9.0,-115,1.87
2026-09-05T16:51:26.719692Z,824468,2026-09-05T22:40:00Z,Cincinnati Reds,Milwaukee Brewers,Production consensus,totals,Under,9.0,-105,1.95
2026-09-05T16:51:26.719692Z,822850,2026-09-05T23:05:00Z,Texas Rangers,Tampa Bay Rays,Production consensus,h2h,Tampa Bay Rays,,-110,1.91
2026-09-05T16:51:26.719692Z,822850,2026-09-05T23:05:00Z,Texas Rangers,Tampa Bay Rays,Production consensus,h2h,Texas Rangers,,-108,1.93
2026-09-05T16:51:26.719692Z,822850,2026-09-05T23:05:00Z,Texas Rangers,Tampa Bay Rays,Production consensus,spreads,Tampa Bay Rays,-1.5,162,2.62
2026-09-05T16:51:26.719692Z,822850,2026-09-05T23:05:00Z,Texas Rangers,Tampa Bay Rays,Production consensus,spreads,Texas Rangers,1.5,-189,1.53
2026-09-05T16:51:26.719692Z,822850,2026-09-05T23:05:00Z,Texas Rangers,Tampa Bay Rays,Production consensus,totals,Over,6.5,-123,1.81
2026-09-05T16:51:26.719692Z,822850,2026-09-05T23:05:00Z,Texas Rangers,Tampa Bay Rays,Production consensus,totals,Under,6.5,102,2.02
2026-09-05T16:51:26.719692Z,824795,2026-09-05T23:05:00Z,Baltimore Orioles,Boston Red Sox,Production consensus,h2h,Baltimore Orioles,,109,2.09
2026-09-05T16:51:26.719692Z,824795,2026-09-05T23:05:00Z,Baltimore Orioles,Boston Red Sox,Production consensus,h2h,Boston Red Sox,,-130,1.77
2026-09-05T16:51:26.719692Z,824795,2026-09-05T23:05:00Z,Baltimore Orioles,Boston Red Sox,Production consensus,spreads,Baltimore Orioles,1.5,-154,1.65
2026-09-05T16:51:26.719692Z,824795,2026-09-05T23:05:00Z,Baltimore Orioles,Boston Red Sox,Production consensus,spreads,Boston Red Sox,-1.5,131,2.31
2026-09-05T16:51:26.719692Z,824795,2026-09-05T23:05:00Z,Baltimore Orioles,Boston Red Sox,Production consensus,totals,Over,8.0,-114,1.88
2026-09-05T16:51:26.719692Z,824795,2026-09-05T23:05:00Z,Baltimore Orioles,Boston Red Sox,Production consensus,totals,Under,8.0,-105,1.95
2026-09-05T16:51:26.719692Z,824066,2026-09-05T23:10:00Z,Kansas City Royals,Toronto Blue Jays,Production consensus,h2h,Kansas City Royals,,-110,1.91
2026-09-05T16:51:26.719692Z,824066,2026-09-05T23:10:00Z,Kansas City Royals,Toronto Blue Jays,Production consensus,h2h,Toronto Blue Jays,,-106,1.94
2026-09-05T16:51:26.719692Z,824066,2026-09-05T23:10:00Z,Kansas City Royals,Toronto Blue Jays,Production consensus,spreads,Kansas City Royals,1.5,-175,1.57
2026-09-05T16:51:26.719692Z,824066,2026-09-05T23:10:00Z,Kansas City Royals,Toronto Blue Jays,Production consensus,spreads,Toronto Blue Jays,-1.5,145,2.45
2026-09-05T16:51:26.719692Z,824066,2026-09-05T23:10:00Z,Kansas City Royals,Toronto Blue Jays,Production consensus,totals,Over,9.5,-105,1.95
2026-09-05T16:51:26.719692Z,824066,2026-09-05T23:10:00Z,Kansas City Royals,Toronto Blue Jays,Production consensus,totals,Under,9.5,-115,1.87
2026-09-05T16:51:26.719692Z,824553,2026-09-05T23:10:00Z,Chicago White Sox,Minnesota Twins,Production consensus,h2h,Chicago White Sox,,-123,1.81
2026-09-05T16:51:26.719692Z,824553,2026-09-05T23:10:00Z,Chicago White Sox,Minnesota Twins,Production consensus,h2h,Minnesota Twins,,105,2.05
2026-09-05T16:51:26.719692Z,824553,2026-09-05T23:10:00Z,Chicago White Sox,Minnesota Twins,Production consensus,spreads,Chicago White Sox,-1.5,167,2.67
2026-09-05T16:51:26.719692Z,824553,2026-09-05T23:10:00Z,Chicago White Sox,Minnesota Twins,Production consensus,spreads,Minnesota Twins,1.5,-196,1.51
2026-09-05T16:51:26.719692Z,824553,2026-09-05T23:10:00Z,Chicago White Sox,Minnesota Twins,Production consensus,totals,Over,8.0,-118,1.85
2026-09-05T16:51:26.719692Z,824553,2026-09-05T23:10:00Z,Chicago White Sox,Minnesota Twins,Production consensus,totals,Under,8.0,-102,1.98
2026-09-05T16:51:26.719692Z,823257,2026-09-05T23:15:00Z,San Diego Padres,New York Yankees,Production consensus,h2h,New York Yankees,,110,2.1
2026-09-05T16:51:26.719692Z,823257,2026-09-05T23:15:00Z,San Diego Padres,New York Yankees,Production consensus,h2h,San Diego Padres,,-130,1.77
2026-09-05T16:51:26.719692Z,823257,2026-09-05T23:15:00Z,San Diego Padres,New York Yankees,Production consensus,spreads,New York Yankees,1.5,-200,1.5
2026-09-05T16:51:26.719692Z,823257,2026-09-05T23:15:00Z,San Diego Padres,New York Yankees,Production consensus,spreads,San Diego Padres,-1.5,167,2.67
2026-09-05T16:51:26.719692Z,823257,2026-09-05T23:15:00Z,San Diego Padres,New York Yankees,Production consensus,totals,Over,7.5,-118,1.85
2026-09-05T16:51:26.719692Z,823257,2026-09-05T23:15:00Z,San Diego Padres,New York Yankees,Production consensus,totals,Under,7.5,-103,1.97
2026-09-05T16:51:26.719692Z,824145,2026-09-05T23:15:00Z,Houston Astros,Arizona Diamondbacks,Production consensus,h2h,Arizona Diamondbacks,,-108,1.93
2026-09-05T16:51:26.719692Z,824145,2026-09-05T23:15:00Z,Houston Astros,Arizona Diamondbacks,Production consensus,h2h,Houston Astros,,-110,1.91
2026-09-05T16:51:26.719692Z,824145,2026-09-05T23:15:00Z,Houston Astros,Arizona Diamondbacks,Production consensus,spreads,Arizona Diamondbacks,-1.5,150,2.5
2026-09-05T16:51:26.719692Z,824145,2026-09-05T23:15:00Z,Houston Astros,Arizona Diamondbacks,Production consensus,spreads,Houston Astros,1.5,-179,1.56
2026-09-05T16:51:26.719692Z,824145,2026-09-05T23:15:00Z,Houston Astros,Arizona Diamondbacks,Production consensus,totals,Over,8.5,-120,1.83
2026-09-05T16:51:26.719692Z,824145,2026-09-05T23:15:00Z,Houston Astros,Arizona Diamondbacks,Production consensus,totals,Under,8.5,100,2.0
2026-09-05T16:51:26.719692Z,824310,2026-09-06T00:10:00Z,Colorado Rockies,St. Louis Cardinals,Production consensus,h2h,Colorado Rockies,,105,2.05
2026-09-05T16:51:26.719692Z,824310,2026-09-06T00:10:00Z,Colorado Rockies,St. Louis Cardinals,Production consensus,h2h,St. Louis Cardinals,,-122,1.82
2026-09-05T16:51:26.719692Z,824310,2026-09-06T00:10:00Z,Colorado Rockies,St. Louis Cardinals,Production consensus,spreads,Colorado Rockies,1.5,-147,1.68
2026-09-05T16:51:26.719692Z,824310,2026-09-06T00:10:00Z,Colorado Rockies,St. Louis Cardinals,Production consensus,spreads,St. Louis Cardinals,-1.5,124,2.24
2026-09-05T16:51:26.719692Z,824310,2026-09-06T00:10:00Z,Colorado Rockies,St. Louis Cardinals,Production consensus,totals,Over,11.0,-101,1.99
2026-09-05T16:51:26.719692Z,824310,2026-09-06T00:10:00Z,Colorado Rockies,St. Louis Cardinals,Production consensus,totals,Under,11.0,-120,1.83
2026-09-05T19:04:11.039035Z,823577,2026-09-05T20:10:00Z,New York Mets,San Francisco Giants,Production consensus,h2h,New York Mets,,-167,1.6
2026-09-05T19:04:11.039035Z,823577,2026-09-05T20:10:00Z,New York Mets,San Francisco Giants,Production consensus,h2h,San Francisco Giants,,142,2.42
2026-09-05T19:04:11.039035Z,823577,2026-09-05T20:10:00Z,New York Mets,San Francisco Giants,Production consensus,spreads,New York Mets,-1.5,130,2.3
2026-09-05T19:04:11.039035Z,823577,2026-09-05T20:10:00Z,New York Mets,San Francisco Giants,Production consensus,spreads,San Francisco Giants,1.5,-152,1.66
2026-09-05T19:04:11.039035Z,823577,2026-09-05T20:10:00Z,New York Mets,San Francisco Giants,Production consensus,totals,Over,8.0,-110,1.91
2026-09-05T19:04:11.039035Z,823577,2026-09-05T20:10:00Z,New York Mets,San Francisco Giants,Production consensus,totals,Under,8.0,-112,1.89
2026-09-05T19:04:11.039035Z,823823,2026-09-05T20:10:00Z,Miami Marlins,Chicago Cubs,Production consensus,h2h,Chicago Cubs,,-127,1.79
2026-09-05T19:04:11.039035Z,823823,2026-09-05T20:10:00Z,Miami Marlins,Chicago Cubs,Production consensus,h2h,Miami Marlins,,110,2.1
2026-09-05T19:04:11.039035Z,823823,2026-09-05T20:10:00Z,Miami Marlins,Chicago Cubs,Production consensus,spreads,Chicago Cubs,-1.5,130,2.3
2026-09-05T19:04:11.039035Z,823823,2026-09-05T20:10:00Z,Miami Marlins,Chicago Cubs,Production consensus,spreads,Miami Marlins,1.5,-154,1.65
2026-09-05T19:04:11.039035Z,823823,2026-09-05T20:10:00Z,Miami Marlins,Chicago Cubs,Production consensus,totals,Over,8.5,-102,1.98
2026-09-05T19:04:11.039035Z,823823,2026-09-05T20:10:00Z,Miami Marlins,Chicago Cubs,Production consensus,totals,Under,8.5,-118,1.85
2026-09-05T19:04:11.039035Z,823419,2026-09-05T22:05:00Z,Philadelphia Phillies,Atlanta Braves,Production consensus,h2h,Atlanta Braves,,136,2.36
2026-09-05T19:04:11.039035Z,823419,2026-09-05T22:05:00Z,Philadelphia Phillies,Atlanta Braves,Production consensus,h2h,Philadelphia Phillies,,-161,1.62
2026-09-05T19:04:11.039035Z,823419,2026-09-05T22:05:00Z,Philadelphia Phillies,Atlanta Braves,Production consensus,spreads,Atlanta Braves,1.5,-154,1.65
2026-09-05T19:04:11.039035Z,823419,2026-09-05T22:05:00Z,Philadelphia Phillies,Atlanta Braves,Production consensus,spreads,Philadelphia Phillies,-1.5,130,2.3
2026-09-05T19:04:11.039035Z,823419,2026-09-05T22:05:00Z,Philadelphia Phillies,Atlanta Braves,Production consensus,totals,Over,8.0,-115,1.87
2026-09-05T19:04:11.039035Z,823419,2026-09-05T22:05:00Z,Philadelphia Phillies,Atlanta Braves,Production consensus,totals,Under,8.0,-105,1.95
2026-09-05T19:04:11.039035Z,824389,2026-09-05T22:10:00Z,Cleveland Guardians,Detroit Tigers,Production consensus,h2h,Cleveland Guardians,,-159,1.63
2026-09-05T19:04:11.039035Z,824389,2026-09-05T22:10:00Z,Cleveland Guardians,Detroit Tigers,Production consensus,h2h,Detroit Tigers,,135,2.35
2026-09-05T19:04:11.039035Z,824389,2026-09-05T22:10:00Z,Cleveland Guardians,Detroit Tigers,Production consensus,spreads,Cleveland Guardians,-1.5,140,2.4
2026-09-05T19:04:11.039035Z,824389,2026-09-05T22:10:00Z,Cleveland Guardians,Detroit Tigers,Production consensus,spreads,Detroit Tigers,1.5,-164,1.61
2026-09-05T19:04:11.039035Z,824389,2026-09-05T22:10:00Z,Cleveland Guardians,Detroit Tigers,Production consensus,totals,Over,7.0,100,2.0
2026-09-05T19:04:11.039035Z,824389,2026-09-05T22:10:00Z,Cleveland Guardians,Detroit Tigers,Production consensus,totals,Under,7.0,-120,1.83
2026-09-05T19:04:11.039035Z,823335,2026-09-05T22:40:00Z,Pittsburgh Pirates,Los Angeles Angels,Production consensus,h2h,Los Angeles Angels,,158,2.58
2026-09-05T19:04:11.039035Z,823335,2026-09-05T22:40:00Z,Pittsburgh Pirates,Los Angeles Angels,Production consensus,h2h,Pittsburgh Pirates,,-189,1.53
2026-09-05T19:04:11.039035Z,823335,2026-09-05T22:40:00Z,Pittsburgh Pirates,Los Angeles Angels,Production consensus,spreads,Los Angeles Angels,1.5,-141,1.71
2026-09-05T19:04:11.039035Z,823335,2026-09-05T22:40:00Z,Pittsburgh Pirates,Los Angeles Angels,Production consensus,spreads,Pittsburgh Pirates,-1.5,120,2.2
2026-09-05T19:04:11.039035Z,823335,2026-09-05T22:40:00Z,Pittsburgh Pirates,Los Angeles Angels,Production consensus,totals,Over,7.5,-115,1.87
2026-09-05T19:04:11.039035Z,823335,2026-09-05T22:40:00Z,Pittsburgh Pirates,Los Angeles Angels,Production consensus,totals,Under,7.5,-105,1.95
2026-09-05T19:04:11.039035Z,824468,2026-09-05T22:40:00Z,Cincinnati Reds,Milwaukee Brewers,Production consensus,h2h,Cincinnati Reds,,135,2.35
2026-09-05T19:04:11.039035Z,824468,2026-09-05T22:40:00Z,Cincinnati Reds,Milwaukee Brewers,Production consensus,h2h,Milwaukee Brewers,,-156,1.64
2026-09-05T19:04:11.039035Z,824468,2026-09-05T22:40:00Z,Cincinnati Reds,Milwaukee Brewers,Production consensus,spreads,Cincinnati Reds,1.5,-122,1.82
2026-09-05T19:04:11.039035Z,824468,2026-09-05T22:40:00Z,Cincinnati Reds,Milwaukee Brewers,Production consensus,spreads,Milwaukee Brewers,-1.5,102,2.02
2026-09-05T19:04:11.039035Z,824468,2026-09-05T22:40:00Z,Cincinnati Reds,Milwaukee Brewers,Production consensus,totals,Over,9.0,-114,1.88
2026-09-05T19:04:11.039035Z,824468,2026-09-05T22:40:00Z,Cincinnati Reds,Milwaukee Brewers,Production consensus,totals,Under,9.0,-105,1.95
2026-09-05T19:04:11.039035Z,822850,2026-09-05T23:05:00Z,Texas Rangers,Tampa Bay Rays,Production consensus,h2h,Tampa Bay Rays,,-108,1.93
2026-09-05T19:04:11.039035Z,822850,2026-09-05T23:05:00Z,Texas Rangers,Tampa Bay Rays,Production consensus,h2h,Texas Rangers,,-108,1.93
2026-09-05T19:04:11.039035Z,822850,2026-09-05T23:05:00Z,Texas Rangers,Tampa Bay Rays,Production consensus,spreads,Tampa Bay Rays,-1.5,158,2.58
2026-09-05T19:04:11.039035Z,822850,2026-09-05T23:05:00Z,Texas Rangers,Tampa Bay Rays,Production consensus,spreads,Texas Rangers,1.5,-189,1.53
2026-09-05T19:04:11.039035Z,822850,2026-09-05T23:05:00Z,Texas Rangers,Tampa Bay Rays,Production consensus,totals,Over,6.5,-123,1.81
2026-09-05T19:04:11.039035Z,822850,2026-09-05T23:05:00Z,Texas Rangers,Tampa Bay Rays,Production consensus,totals,Under,6.5,102,2.02
2026-09-05T19:04:11.039035Z,824795,2026-09-05T23:05:00Z,Baltimore Orioles,Boston Red Sox,Production consensus,h2h,Baltimore Orioles,,111,2.11
2026-09-05T19:04:11.039035Z,824795,2026-09-05T23:05:00Z,Baltimore Orioles,Boston Red Sox,Production consensus,h2h,Boston Red Sox,,-130,1.77
2026-09-05T19:04:11.039035Z,824795,2026-09-05T23:05:00Z,Baltimore Orioles,Boston Red Sox,Production consensus,spreads,Baltimore Orioles,1.5,-154,1.65
2026-09-05T19:04:11.039035Z,824795,2026-09-05T23:05:00Z,Baltimore Orioles,Boston Red Sox,Production consensus,spreads,Boston Red Sox,-1.5,130,2.3
2026-09-05T19:04:11.039035Z,824795,2026-09-05T23:05:00Z,Baltimore Orioles,Boston Red Sox,Production consensus,totals,Over,8.0,-114,1.88
2026-09-05T19:04:11.039035Z,824795,2026-09-05T23:05:00Z,Baltimore Orioles,Boston Red Sox,Production consensus,totals,Under,8.0,-106,1.94
2026-09-05T19:04:11.039035Z,824066,2026-09-05T23:10:00Z,Kansas City Royals,Toronto Blue Jays,Production consensus,h2h,Kansas City Royals,,-110,1.91
2026-09-05T19:04:11.039035Z,824066,2026-09-05T23:10:00Z,Kansas City Royals,Toronto Blue Jays,Production consensus,h2h,Toronto Blue Jays,,-106,1.94
2026-09-05T19:04:11.039035Z,824066,2026-09-05T23:10:00Z,Kansas City Royals,Toronto Blue Jays,Production consensus,spreads,Kansas City Royals,1.5,-179,1.56
2026-09-05T19:04:11.039035Z,824066,2026-09-05T23:10:00Z,Kansas City Royals,Toronto Blue Jays,Production consensus,spreads,Toronto Blue Jays,-1.5,147,2.47
2026-09-05T19:04:11.039035Z,824066,2026-09-05T23:10:00Z,Kansas City Royals,Toronto Blue Jays,Production consensus,totals,Over,9.5,-102,1.98
2026-09-05T19:04:11.039035Z,824066,2026-09-05T23:10:00Z,Kansas City Royals,Toronto Blue Jays,Production consensus,totals,Under,9.5,-118,1.85
2026-09-05T19:04:11.039035Z,824553,2026-09-05T23:10:00Z,Chicago White Sox,Minnesota Twins,Production consensus,h2h,Chicago White Sox,,-123,1.81
2026-09-05T19:04:11.039035Z,824553,2026-09-05T23:10:00Z,Chicago White Sox,Minnesota Twins,Production consensus,h2h,Minnesota Twins,,105,2.05
2026-09-05T19:04:11.039035Z,824553,2026-09-05T23:10:00Z,Chicago White Sox,Minnesota Twins,Production consensus,spreads,Chicago White Sox,-1.5,170,2.7
2026-09-05T19:04:11.039035Z,824553,2026-09-05T23:10:00Z,Chicago White Sox,Minnesota Twins,Production consensus,spreads,Minnesota Twins,1.5,-204,1.49
2026-09-05T19:04:11.039035Z,824553,2026-09-05T23:10:00Z,Chicago White Sox,Minnesota Twins,Production consensus,totals,Over,8.0,-118,1.85
2026-09-05T19:04:11.039035Z,824553,2026-09-05T23:10:00Z,Chicago White Sox,Minnesota Twins,Production consensus,totals,Under,8.0,-104,1.96
2026-09-05T19:04:11.039035Z,823257,2026-09-05T23:15:00Z,San Diego Padres,New York Yankees,Production consensus,h2h,New York Yankees,,109,2.09
2026-09-05T19:04:11.039035Z,823257,2026-09-05T23:15:00Z,San Diego Padres,New York Yankees,Production consensus,h2h,San Diego Padres,,-127,1.79
2026-09-05T19:04:11.039035Z,823257,2026-09-05T23:15:00Z,San Diego Padres,New York Yankees,Production consensus,spreads,New York Yankees,1.5,-196,1.51
2026-09-05T19:04:11.039035Z,823257,2026-09-05T23:15:00Z,San Diego Padres,New York Yankees,Production consensus,spreads,San Diego Padres,-1.5,164,2.64
2026-09-05T19:04:11.039035Z,823257,2026-09-05T23:15:00Z,San Diego Padres,New York Yankees,Production consensus,totals,Over,7.5,-118,1.85
2026-09-05T19:04:11.039035Z,823257,2026-09-05T23:15:00Z,San Diego Padres,New York Yankees,Production consensus,totals,Under,7.5,-103,1.97
2026-09-05T19:04:11.039035Z,824145,2026-09-05T23:15:00Z,Houston Astros,Arizona Diamondbacks,Production consensus,h2h,Arizona Diamondbacks,,-108,1.93
2026-09-05T19:04:11.039035Z,824145,2026-09-05T23:15:00Z,Houston Astros,Arizona Diamondbacks,Production consensus,h2h,Houston Astros,,-110,1.91
2026-09-05T19:04:11.039035Z,824145,2026-09-05T23:15:00Z,Houston Astros,Arizona Diamondbacks,Production consensus,spreads,Arizona Diamondbacks,-1.5,150,2.5
2026-09-05T19:04:11.039035Z,824145,2026-09-05T23:15:00Z,Houston Astros,Arizona Diamondbacks,Production consensus,spreads,Houston Astros,1.5,-179,1.56
2026-09-05T19:04:11.039035Z,824145,2026-09-05T23:15:00Z,Houston Astros,Arizona Diamondbacks,Production consensus,totals,Over,8.5,-123,1.81
2026-09-05T19:04:11.039035Z,824145,2026-09-05T23:15:00Z,Houston Astros,Arizona Diamondbacks,Production consensus,totals,Under,8.5,101,2.01
2026-09-05T19:04:11.039035Z,824310,2026-09-06T00:10:00Z,Colorado Rockies,St. Louis Cardinals,Production consensus,h2h,Colorado Rockies,,106,2.06
2026-09-05T19:04:11.039035Z,824310,2026-09-06T00:10:00Z,Colorado Rockies,St. Louis Cardinals,Production consensus,h2h,St. Louis Cardinals,,-125,1.8
2026-09-05T19:04:11.039035Z,824310,2026-09-06T00:10:00Z,Colorado Rockies,St. Louis Cardinals,Production consensus,spreads,Colorado Rockies,1.5,-147,1.68
2026-09-05T19:04:11.039035Z,824310,2026-09-06T00:10:00Z,Colorado Rockies,St. Louis Cardinals,Production consensus,spreads,St. Louis Cardinals,-1.5,123,2.23
2026-09-05T19:04:11.039035Z,824310,2026-09-06T00:10:00Z,Colorado Rockies,St. Louis Cardinals,Production consensus,totals,Over,11.0,-102,1.98
2026-09-05T19:04:11.039035Z,824310,2026-09-06T00:10:00Z,Colorado Rockies,St. Louis Cardinals,Production consensus,totals,Under,11.0,-118,1.85
2026-09-05T19:04:11.039035Z,823904,2026-09-06T01:10:00Z,Los Angeles Dodgers,Washington Nationals,Production consensus,h2h,Los Angeles Dodgers,,-217,1.46
2026-09-05T19:04:11.039035Z,823904,2026-09-06T01:10:00Z,Los Angeles Dodgers,Washington Nationals,Production consensus,h2h,Washington Nationals,,183,2.83
2026-09-05T19:04:11.039035Z,823904,2026-09-06T01:10:00Z,Los Angeles Dodgers,Washington Nationals,Production consensus,spreads,Los Angeles Dodgers,-1.5,105,2.05
2026-09-05T19:04:11.039035Z,823904,2026-09-06T01:10:00Z,Los Angeles Dodgers,Washington Nationals,Production consensus,spreads,Washington Nationals,1.5,-125,1.8
2026-09-05T19:04:11.039035Z,823904,2026-09-06T01:10:00Z,Los Angeles Dodgers,Washington Nationals,Production consensus,totals,Over,7.0,-116,1.86
2026-09-05T19:04:11.039035Z,823904,2026-09-06T01:10:00Z,Los Angeles Dodgers,Washington Nationals,Production consensus,totals,Under,7.0,-103,1.97
2026-09-05T19:04:11.039035Z,823094,2026-09-06T01:40:00Z,Seattle Mariners,Athletics,Production consensus,h2h,Athletics,,200,3.0
2026-09-05T19:04:11.039035Z,823094,2026-09-06T01:40:00Z,Seattle Mariners,Athletics,Production consensus,h2h,Seattle Mariners,,-250,1.4
2026-09-05T19:04:11.039035Z,823094,2026-09-06T01:40:00Z,Seattle Mariners,Athletics,Production consensus,spreads,Athletics,1.5,-110,1.91
2026-09-05T19:04:11.039035Z,823094,2026-09-06T01:40:00Z,Seattle Mariners,Athletics,Production consensus,spreads,Seattle Mariners,-1.5,-110,1.91
2026-09-05T19:04:11.039035Z,823094,2026-09-06T01:40:00Z,Seattle Mariners,Athletics,Production consensus,totals,Over,7.5,-110,1.91
2026-09-05T19:04:11.039035Z,823094,2026-09-06T01:40:00Z,Seattle Mariners,Athletics,Production consensus,totals,Under,7.5,-110,1.91
2026-09-05T21:18:15.478503Z,823419,2026-09-05T22:05:00Z,Philadelphia Phillies,Atlanta Braves,Production consensus,h2h,Atlanta Braves,,136,2.36
2026-09-05T21:18:15.478503Z,823419,2026-09-05T22:05:00Z,Philadelphia Phillies,Atlanta Braves,Production consensus,h2h,Philadelphia Phillies,,-159,1.63
2026-09-05T21:18:15.478503Z,823419,2026-09-05T22:05:00Z,Philadelphia Phillies,Atlanta Braves,Production consensus,spreads,Atlanta Braves,1.5,-156,1.64
2026-09-05T21:18:15.478503Z,823419,2026-09-05T22:05:00Z,Philadelphia Phillies,Atlanta Braves,Production consensus,spreads,Philadelphia Phillies,-1.5,132,2.32
2026-09-05T21:18:15.478503Z,823419,2026-09-05T22:05:00Z,Philadelphia Phillies,Atlanta Braves,Production consensus,totals,Over,8.0,-115,1.87
2026-09-05T21:18:15.478503Z,823419,2026-09-05T22:05:00Z,Philadelphia Phillies,Atlanta Braves,Production consensus,totals,Under,8.0,-105,1.95
2026-09-05T21:18:15.478503Z,824389,2026-09-05T22:10:00Z,Cleveland Guardians,Detroit Tigers,Production consensus,h2h,Cleveland Guardians,,-161,1.62
2026-09-05T21:18:15.478503Z,824389,2026-09-05T22:10:00Z,Cleveland Guardians,Detroit Tigers,Production consensus,h2h,Detroit Tigers,,138,2.38
2026-09-05T21:18:15.478503Z,824389,2026-09-05T22:10:00Z,Cleveland Guardians,Detroit Tigers,Production consensus,spreads,Cleveland Guardians,-1.5,138,2.38
2026-09-05T21:18:15.478503Z,824389,2026-09-05T22:10:00Z,Cleveland Guardians,Detroit Tigers,Production consensus,spreads,Detroit Tigers,1.5,-164,1.61
2026-09-05T21:18:15.478503Z,824389,2026-09-05T22:10:00Z,Cleveland Guardians,Detroit Tigers,Production consensus,totals,Over,7.0,-102,1.98
2026-09-05T21:18:15.478503Z,824389,2026-09-05T22:10:00Z,Cleveland Guardians,Detroit Tigers,Production consensus,totals,Under,7.0,-119,1.84
2026-09-05T21:18:15.478503Z,823335,2026-09-05T22:40:00Z,Pittsburgh Pirates,Los Angeles Angels,Production consensus,h2h,Los Angeles Angels,,156,2.56
2026-09-05T21:18:15.478503Z,823335,2026-09-05T22:40:00Z,Pittsburgh Pirates,Los Angeles Angels,Production consensus,h2h,Pittsburgh Pirates,,-185,1.54
2026-09-05T21:18:15.478503Z,823335,2026-09-05T22:40:00Z,Pittsburgh Pirates,Los Angeles Angels,Production consensus,spreads,Los Angeles Angels,1.5,-141,1.71
2026-09-05T21:18:15.478503Z,823335,2026-09-05T22:40:00Z,Pittsburgh Pirates,Los Angeles Angels,Production consensus,spreads,Pittsburgh Pirates,-1.5,118,2.18
2026-09-05T21:18:15.478503Z,823335,2026-09-05T22:40:00Z,Pittsburgh Pirates,Los Angeles Angels,Production consensus,totals,Over,7.5,-114,1.88
2026-09-05T21:18:15.478503Z,823335,2026-09-05T22:40:00Z,Pittsburgh Pirates,Los Angeles Angels,Production consensus,totals,Under,7.5,-105,1.95
2026-09-05T21:18:15.478503Z,824468,2026-09-05T22:40:00Z,Cincinnati Reds,Milwaukee Brewers,Production consensus,h2h,Cincinnati Reds,,132,2.32
2026-09-05T21:18:15.478503Z,824468,2026-09-05T22:40:00Z,Cincinnati Reds,Milwaukee Brewers,Production consensus,h2h,Milwaukee Brewers,,-156,1.64
2026-09-05T21:18:15.478503Z,824468,2026-09-05T22:40:00Z,Cincinnati Reds,Milwaukee Brewers,Production consensus,spreads,Cincinnati Reds,1.5,-125,1.8
2026-09-05T21:18:15.478503Z,824468,2026-09-05T22:40:00Z,Cincinnati Reds,Milwaukee Brewers,Production consensus,spreads,Milwaukee Brewers,-1.5,104,2.04
2026-09-05T21:18:15.478503Z,824468,2026-09-05T22:40:00Z,Cincinnati Reds,Milwaukee Brewers,Production consensus,totals,Over,9.0,-114,1.88
2026-09-05T21:18:15.478503Z,824468,2026-09-05T22:40:00Z,Cincinnati Reds,Milwaukee Brewers,Production consensus,totals,Under,9.0,-106,1.94
2026-09-05T21:18:15.478503Z,822850,2026-09-05T23:05:00Z,Texas Rangers,Tampa Bay Rays,Production consensus,h2h,Tampa Bay Rays,,-108,1.93
2026-09-05T21:18:15.478503Z,822850,2026-09-05T23:05:00Z,Texas Rangers,Tampa Bay Rays,Production consensus,h2h,Texas Rangers,,-110,1.91
2026-09-05T21:18:15.478503Z,822850,2026-09-05T23:05:00Z,Texas Rangers,Tampa Bay Rays,Production consensus,spreads,Tampa Bay Rays,-1.5,155,2.55
2026-09-05T21:18:15.478503Z,822850,2026-09-05T23:05:00Z,Texas Rangers,Tampa Bay Rays,Production consensus,spreads,Texas Rangers,1.5,-189,1.53
2026-09-05T21:18:15.478503Z,822850,2026-09-05T23:05:00Z,Texas Rangers,Tampa Bay Rays,Production consensus,totals,Over,6.5,-123,1.81
2026-09-05T21:18:15.478503Z,822850,2026-09-05T23:05:00Z,Texas Rangers,Tampa Bay Rays,Production consensus,totals,Under,6.5,102,2.02
2026-09-05T21:18:15.478503Z,824795,2026-09-05T23:05:00Z,Baltimore Orioles,Boston Red Sox,Production consensus,h2h,Baltimore Orioles,,112,2.12
2026-09-05T21:18:15.478503Z,824795,2026-09-05T23:05:00Z,Baltimore Orioles,Boston Red Sox,Production consensus,h2h,Boston Red Sox,,-128,1.78
2026-09-05T21:18:15.478503Z,824795,2026-09-05T23:05:00Z,Baltimore Orioles,Boston Red Sox,Production consensus,spreads,Baltimore Orioles,1.5,-154,1.65
2026-09-05T21:18:15.478503Z,824795,2026-09-05T23:05:00Z,Baltimore Orioles,Boston Red Sox,Production consensus,spreads,Boston Red Sox,-1.5,128,2.28
2026-09-05T21:18:15.478503Z,824795,2026-09-05T23:05:00Z,Baltimore Orioles,Boston Red Sox,Production consensus,totals,Over,7.5,-118,1.85
2026-09-05T21:18:15.478503Z,824795,2026-09-05T23:05:00Z,Baltimore Orioles,Boston Red Sox,Production consensus,totals,Under,7.5,-102,1.98
2026-09-05T21:18:15.478503Z,824066,2026-09-05T23:10:00Z,Kansas City Royals,Toronto Blue Jays,Production consensus,h2h,Kansas City Royals,,-108,1.93
2026-09-05T21:18:15.478503Z,824066,2026-09-05T23:10:00Z,Kansas City Royals,Toronto Blue Jays,Production consensus,h2h,Toronto Blue Jays,,-110,1.91
2026-09-05T21:18:15.478503Z,824066,2026-09-05T23:10:00Z,Kansas City Royals,Toronto Blue Jays,Production consensus,spreads,Kansas City Royals,1.5,-172,1.58
2026-09-05T21:18:15.478503Z,824066,2026-09-05T23:10:00Z,Kansas City Royals,Toronto Blue Jays,Production consensus,spreads,Toronto Blue Jays,-1.5,145,2.45
2026-09-05T21:18:15.478503Z,824066,2026-09-05T23:10:00Z,Kansas City Royals,Toronto Blue Jays,Production consensus,totals,Over,9.5,-105,1.95
2026-09-05T21:18:15.478503Z,824066,2026-09-05T23:10:00Z,Kansas City Royals,Toronto Blue Jays,Production consensus,totals,Under,9.5,-115,1.87
2026-09-05T21:18:15.478503Z,824553,2026-09-05T23:10:00Z,Chicago White Sox,Minnesota Twins,Production consensus,h2h,Chicago White Sox,,-125,1.8
2026-09-05T21:18:15.478503Z,824553,2026-09-05T23:10:00Z,Chicago White Sox,Minnesota Twins,Production consensus,h2h,Minnesota Twins,,106,2.06
2026-09-05T21:18:15.478503Z,824553,2026-09-05T23:10:00Z,Chicago White Sox,Minnesota Twins,Production consensus,spreads,Chicago White Sox,-1.5,166,2.66
2026-09-05T21:18:15.478503Z,824553,2026-09-05T23:10:00Z,Chicago White Sox,Minnesota Twins,Production consensus,spreads,Minnesota Twins,1.5,-200,1.5
2026-09-05T21:18:15.478503Z,824553,2026-09-05T23:10:00Z,Chicago White Sox,Minnesota Twins,Production consensus,totals,Over,8.0,-118,1.85
2026-09-05T21:18:15.478503Z,824553,2026-09-05T23:10:00Z,Chicago White Sox,Minnesota Twins,Production consensus,totals,Under,8.0,-104,1.96
2026-09-05T21:18:15.478503Z,823257,2026-09-05T23:15:00Z,San Diego Padres,New York Yankees,Production consensus,h2h,New York Yankees,,109,2.09
2026-09-05T21:18:15.478503Z,823257,2026-09-05T23:15:00Z,San Diego Padres,New York Yankees,Production consensus,h2h,San Diego Padres,,-127,1.79
2026-09-05T21:18:15.478503Z,823257,2026-09-05T23:15:00Z,San Diego Padres,New York Yankees,Production consensus,spreads,New York Yankees,1.5,-196,1.51
2026-09-05T21:18:15.478503Z,823257,2026-09-05T23:15:00Z,San Diego Padres,New York Yankees,Production consensus,spreads,San Diego Padres,-1.5,165,2.65
2026-09-05T21:18:15.478503Z,823257,2026-09-05T23:15:00Z,San Diego Padres,New York Yankees,Production consensus,totals,Over,7.5,-115,1.87
2026-09-05T21:18:15.478503Z,823257,2026-09-05T23:15:00Z,San Diego Padres,New York Yankees,Production consensus,totals,Under,7.5,-105,1.95
2026-09-05T21:18:15.478503Z,824145,2026-09-05T23:15:00Z,Houston Astros,Arizona Diamondbacks,Production consensus,h2h,Arizona Diamondbacks,,-108,1.93
2026-09-05T21:18:15.478503Z,824145,2026-09-05T23:15:00Z,Houston Astros,Arizona Diamondbacks,Production consensus,h2h,Houston Astros,,-108,1.93
2026-09-05T21:18:15.478503Z,824145,2026-09-05T23:15:00Z,Houston Astros,Arizona Diamondbacks,Production consensus,spreads,Arizona Diamondbacks,-1.5,149,2.49
2026-09-05T21:18:15.478503Z,824145,2026-09-05T23:15:00Z,Houston Astros,Arizona Diamondbacks,Production consensus,spreads,Houston Astros,1.5,-179,1.56
2026-09-05T21:18:15.478503Z,824145,2026-09-05T23:15:00Z,Houston Astros,Arizona Diamondbacks,Production consensus,totals,Over,8.5,-123,1.81
2026-09-05T21:18:15.478503Z,824145,2026-09-05T23:15:00Z,Houston Astros,Arizona Diamondbacks,Production consensus,totals,Under,8.5,102,2.02
2026-09-05T21:18:15.478503Z,824310,2026-09-06T00:10:00Z,Colorado Rockies,St. Louis Cardinals,Production consensus,h2h,Colorado Rockies,,108,2.08
2026-09-05T21:18:15.478503Z,824310,2026-09-06T00:10:00Z,Colorado Rockies,St. Louis Cardinals,Production consensus,h2h,St. Louis Cardinals,,-125,1.8
2026-09-05T21:18:15.478503Z,824310,2026-09-06T00:10:00Z,Colorado Rockies,St. Louis Cardinals,Production consensus,spreads,Colorado Rockies,1.5,-145,1.69
2026-09-05T21:18:15.478503Z,824310,2026-09-06T00:10:00Z,Colorado Rockies,St. Louis Cardinals,Production consensus,spreads,St. Louis Cardinals,-1.5,122,2.22
2026-09-05T21:18:15.478503Z,824310,2026-09-06T00:10:00Z,Colorado Rockies,St. Louis Cardinals,Production consensus,totals,Over,10.5,-120,1.83
2026-09-05T21:18:15.478503Z,824310,2026-09-06T00:10:00Z,Colorado Rockies,St. Louis Cardinals,Production consensus,totals,Under,10.5,100,2.0
2026-09-05T21:18:15.478503Z,823904,2026-09-06T01:10:00Z,Los Angeles Dodgers,Washington Nationals,Production consensus,h2h,Los Angeles Dodgers,,-217,1.46
2026-09-05T21:18:15.478503Z,823904,2026-09-06T01:10:00Z,Los Angeles Dodgers,Washington Nationals,Production consensus,h2h,Washington Nationals,,180,2.8
2026-09-05T21:18:15.478503Z,823904,2026-09-06T01:10:00Z,Los Angeles Dodgers,Washington Nationals,Production consensus,spreads,Los Angeles Dodgers,-1.5,107,2.07
2026-09-05T21:18:15.478503Z,823904,2026-09-06T01:10:00Z,Los Angeles Dodgers,Washington Nationals,Production consensus,spreads,Washington Nationals,1.5,-127,1.79
2026-09-05T21:18:15.478503Z,823904,2026-09-06T01:10:00Z,Los Angeles Dodgers,Washington Nationals,Production consensus,totals,Over,7.0,-111,1.9
2026-09-05T21:18:15.478503Z,823904,2026-09-06T01:10:00Z,Los Angeles Dodgers,Washington Nationals,Production consensus,totals,Under,7.0,-108,1.93
2026-09-05T21:18:15.478503Z,823094,2026-09-06T01:40:00Z,Seattle Mariners,Athletics,Production consensus,h2h,Athletics,,200,3.0
2026-09-05T21:18:15.478503Z,823094,2026-09-06T01:40:00Z,Seattle Mariners,Athletics,Production consensus,h2h,Seattle Mariners,,-250,1.4
2026-09-05T21:18:15.478503Z,823094,2026-09-06T01:40:00Z,Seattle Mariners,Athletics,Production consensus,spreads,Athletics,1.5,-109,1.92
2026-09-05T21:18:15.478503Z,823094,2026-09-06T01:40:00Z,Seattle Mariners,Athletics,Production consensus,spreads,Seattle Mariners,-1.5,-110,1.91
2026-09-05T21:18:15.478503Z,823094,2026-09-06T01:40:00Z,Seattle Mariners,Athletics,Production consensus,totals,Over,7.5,-110,1.91
2026-09-05T21:18:15.478503Z,823094,2026-09-06T01:40:00Z,Seattle Mariners,Athletics,Production consensus,totals,Under,7.5,-110,1.91
2026-09-05T23:56:28.740064Z,824310,2026-09-06T00:10:00Z,Colorado Rockies,St. Louis Cardinals,Production consensus,h2h,Colorado Rockies,,109,2.09
2026-09-05T23:56:28.740064Z,824310,2026-09-06T00:10:00Z,Colorado Rockies,St. Louis Cardinals,Production consensus,h2h,St. Louis Cardinals,,-125,1.8
2026-09-05T23:56:28.740064Z,824310,2026-09-06T00:10:00Z,Colorado Rockies,St. Louis Cardinals,Production consensus,spreads,Colorado Rockies,1.5,-143,1.7
2026-09-05T23:56:28.740064Z,824310,2026-09-06T00:10:00Z,Colorado Rockies,St. Louis Cardinals,Production consensus,spreads,St. Louis Cardinals,-1.5,120,2.2
2026-09-05T23:56:28.740064Z,824310,2026-09-06T00:10:00Z,Colorado Rockies,St. Louis Cardinals,Production consensus,totals,Over,11.0,-105,1.95
2026-09-05T23:56:28.740064Z,824310,2026-09-06T00:10:00Z,Colorado Rockies,St. Louis Cardinals,Production consensus,totals,Under,11.0,-115,1.87
2026-09-05T23:56:28.740064Z,823904,2026-09-06T01:10:00Z,Los Angeles Dodgers,Washington Nationals,Production consensus,h2h,Los Angeles Dodgers,,-189,1.53
2026-09-05T23:56:28.740064Z,823904,2026-09-06T01:10:00Z,Los Angeles Dodgers,Washington Nationals,Production consensus,h2h,Washington Nationals,,160,2.6
2026-09-05T23:56:28.740064Z,823904,2026-09-06T01:10:00Z,Los Angeles Dodgers,Washington Nationals,Production consensus,spreads,Los Angeles Dodgers,-1.5,121,2.21
2026-09-05T23:56:28.740064Z,823904,2026-09-06T01:10:00Z,Los Angeles Dodgers,Washington Nationals,Production consensus,spreads,Washington Nationals,1.5,-145,1.69
2026-09-05T23:56:28.740064Z,823904,2026-09-06T01:10:00Z,Los Angeles Dodgers,Washington Nationals,Production consensus,totals,Over,7.0,-105,1.95
2026-09-05T23:56:28.740064Z,823904,2026-09-06T01:10:00Z,Los Angeles Dodgers,Washington Nationals,Production consensus,totals,Under,7.0,-115,1.87
2026-09-05T23:56:28.740064Z,823094,2026-09-06T01:40:00Z,Seattle Mariners,Athletics,Production consensus,h2h,Athletics,,192,2.92
2026-09-05T23:56:28.740064Z,823094,2026-09-06T01:40:00Z,Seattle Mariners,Athletics,Production consensus,h2h,Seattle Mariners,,-233,1.43
2026-09-05T23:56:28.740064Z,823094,2026-09-06T01:40:00Z,Seattle Mariners,Athletics,Production consensus,spreads,Athletics,1.5,-112,1.89
2026-09-05T23:56:28.740064Z,823094,2026-09-06T01:40:00Z,Seattle Mariners,Athletics,Production consensus,spreads,Seattle Mariners,-1.5,-108,1.93
2026-09-05T23:56:28.740064Z,823094,2026-09-06T01:40:00Z,Seattle Mariners,Athletics,Production consensus,totals,Over,7.5,-109,1.92
2026-09-05T23:56:28.740064Z,823094,2026-09-06T01:40:00Z,Seattle Mariners,Athletics,Production consensus,totals,Under,7.5,-110,1.91
2026-09-06T09:28:27.805842Z,824469,2026-09-06T16:10:00Z,Cincinnati Reds,Milwaukee Brewers,Production consensus,h2h,Cincinnati Reds,,136,2.36
2026-09-06T09:28:27.805842Z,824469,2026-09-06T16:10:00Z,Cincinnati Reds,Milwaukee Brewers,Production consensus,h2h,Milwaukee Brewers,,-164,1.61
2026-09-06T09:28:27.805842Z,824469,2026-09-06T16:10:00Z,Cincinnati Reds,Milwaukee Brewers,Production consensus,spreads,Cincinnati Reds,1.5,-120,1.83
2026-09-06T09:28:27.805842Z,824469,2026-09-06T16:10:00Z,Cincinnati Reds,Milwaukee Brewers,Production consensus,spreads,Milwaukee Brewers,-1.5,100,2.0
2026-09-06T09:28:27.805842Z,824469,2026-09-06T16:10:00Z,Cincinnati Reds,Milwaukee Brewers,Production consensus,totals,Over,9.0,-103,1.97
2026-09-06T09:28:27.805842Z,824469,2026-09-06T16:10:00Z,Cincinnati Reds,Milwaukee Brewers,Production consensus,totals,Under,9.0,-118,1.85
2026-09-06T09:28:27.805842Z,823417,2026-09-06T17:10:00Z,Philadelphia Phillies,Atlanta Braves,Production consensus,h2h,Atlanta Braves,,-108,1.93
2026-09-06T09:28:27.805842Z,823417,2026-09-06T17:10:00Z,Philadelphia Phillies,Atlanta Braves,Production consensus,h2h,Philadelphia Phillies,,-110,1.91
2026-09-06T09:28:27.805842Z,823417,2026-09-06T17:10:00Z,Philadelphia Phillies,Atlanta Braves,Production consensus,spreads,Atlanta Braves,-1.5,152,2.52
2026-09-06T09:28:27.805842Z,823417,2026-09-06T17:10:00Z,Philadelphia Phillies,Atlanta Braves,Production consensus,spreads,Philadelphia Phillies,1.5,-185,1.54
2026-09-06T09:28:27.805842Z,823417,2026-09-06T17:10:00Z,Philadelphia Phillies,Atlanta Braves,Production consensus,totals,Over,8.0,-115,1.87
2026-09-06T09:28:27.805842Z,823417,2026-09-06T17:10:00Z,Philadelphia Phillies,Atlanta Braves,Production consensus,totals,Under,8.0,-105,1.95
2026-09-06T13:42:09.504170Z,824469,2026-09-06T16:10:00Z,Cincinnati Reds,Milwaukee Brewers,Production consensus,h2h,Cincinnati Reds,,122,2.22
2026-09-06T13:42:09.504170Z,824469,2026-09-06T16:10:00Z,Cincinnati Reds,Milwaukee Brewers,Production consensus,h2h,Milwaukee Brewers,,-145,1.69
2026-09-06T13:42:09.504170Z,824469,2026-09-06T16:10:00Z,Cincinnati Reds,Milwaukee Brewers,Production consensus,spreads,Cincinnati Reds,1.5,-135,1.74
2026-09-06T13:42:09.504170Z,824469,2026-09-06T16:10:00Z,Cincinnati Reds,Milwaukee Brewers,Production consensus,spreads,Milwaukee Brewers,-1.5,114,2.14
2026-09-06T13:42:09.504170Z,824469,2026-09-06T16:10:00Z,Cincinnati Reds,Milwaukee Brewers,Production consensus,totals,Over,8.5,-110,1.91
2026-09-06T13:42:09.504170Z,824469,2026-09-06T16:10:00Z,Cincinnati Reds,Milwaukee Brewers,Production consensus,totals,Under,8.5,-108,1.93
2026-09-06T13:42:09.504170Z,823417,2026-09-06T17:10:00Z,Philadelphia Phillies,Atlanta Braves,Production consensus,h2h,Atlanta Braves,,-108,1.93
2026-09-06T13:42:09.504170Z,823417,2026-09-06T17:10:00Z,Philadelphia Phillies,Atlanta Braves,Production consensus,h2h,Philadelphia Phillies,,-110,1.91
2026-09-06T13:42:09.504170Z,823417,2026-09-06T17:10:00Z,Philadelphia Phillies,Atlanta Braves,Production consensus,spreads,Atlanta Braves,-1.5,152,2.52
2026-09-06T13:42:09.504170Z,823417,2026-09-06T17:10:00Z,Philadelphia Phillies,Atlanta Braves,Production consensus,spreads,Philadelphia Phillies,1.5,-185,1.54
2026-09-06T13:42:09.504170Z,823417,2026-09-06T17:10:00Z,Philadelphia Phillies,Atlanta Braves,Production consensus,totals,Over,8.0,-115,1.87
2026-09-06T13:42:09.504170Z,823417,2026-09-06T17:10:00Z,Philadelphia Phillies,Atlanta Braves,Production consensus,totals,Under,8.0,-105,1.95
2026-09-06T13:42:09.504170Z,823336,2026-09-06T17:35:00Z,Pittsburgh Pirates,Los Angeles Angels,Production consensus,h2h,Los Angeles Angels,,164,2.64
2026-09-06T13:42:09.504170Z,823336,2026-09-06T17:35:00Z,Pittsburgh Pirates,Los Angeles Angels,Production consensus,h2h,Pittsburgh Pirates,,-196,1.51
2026-09-06T13:42:09.504170Z,823336,2026-09-06T17:35:00Z,Pittsburgh Pirates,Los Angeles Angels,Production consensus,spreads,Los Angeles Angels,1.5,-135,1.74
2026-09-06T13:42:09.504170Z,823336,2026-09-06T17:35:00Z,Pittsburgh Pirates,Los Angeles Angels,Production consensus,spreads,Pittsburgh Pirates,-1.5,115,2.15
2026-09-06T13:42:09.504170Z,823336,2026-09-06T17:35:00Z,Pittsburgh Pirates,Los Angeles Angels,Production consensus,totals,Over,7.5,100,2.0
2026-09-06T13:42:09.504170Z,823336,2026-09-06T17:35:00Z,Pittsburgh Pirates,Los Angeles Angels,Production consensus,totals,Under,7.5,-120,1.83
2026-09-06T13:42:09.504170Z,824794,2026-09-06T17:35:00Z,Baltimore Orioles,Boston Red Sox,Production consensus,h2h,Baltimore Orioles,,119,2.19
2026-09-06T13:42:09.504170Z,824794,2026-09-06T17:35:00Z,Baltimore Orioles,Boston Red Sox,Production consensus,h2h,Boston Red Sox,,-141,1.71
2026-09-06T13:42:09.504170Z,824794,2026-09-06T17:35:00Z,Baltimore Orioles,Boston Red Sox,Production consensus,spreads,Baltimore Orioles,1.5,-145,1.69
2026-09-06T13:42:09.504170Z,824794,2026-09-06T17:35:00Z,Baltimore Orioles,Boston Red Sox,Production consensus,spreads,Boston Red Sox,-1.5,125,2.25
2026-09-06T13:42:09.504170Z,824794,2026-09-06T17:35:00Z,Baltimore Orioles,Boston Red Sox,Production consensus,totals,Over,7.5,100,2.0
2026-09-06T13:42:09.504170Z,824794,2026-09-06T17:35:00Z,Baltimore Orioles,Boston Red Sox,Production consensus,totals,Under,7.5,-120,1.83
2026-09-06T13:42:09.504170Z,823578,2026-09-06T17:40:00Z,New York Mets,San Francisco Giants,Production consensus,h2h,New York Mets,,-156,1.64
2026-09-06T13:42:09.504170Z,823578,2026-09-06T17:40:00Z,New York Mets,San Francisco Giants,Production consensus,h2h,San Francisco Giants,,134,2.34
2026-09-06T13:42:09.504170Z,823578,2026-09-06T17:40:00Z,New York Mets,San Francisco Giants,Production consensus,spreads,New York Mets,-1.5,135,2.35
2026-09-06T13:42:09.504170Z,823578,2026-09-06T17:40:00Z,New York Mets,San Francisco Giants,Production consensus,spreads,San Francisco Giants,1.5,-161,1.62
2026-09-06T13:42:09.504170Z,823578,2026-09-06T17:40:00Z,New York Mets,San Francisco Giants,Production consensus,totals,Over,8.0,-108,1.93
2026-09-06T13:42:09.504170Z,823578,2026-09-06T17:40:00Z,New York Mets,San Francisco Giants,Production consensus,totals,Under,8.0,-114,1.88
2026-09-06T13:42:09.504170Z,823822,2026-09-06T17:40:00Z,Miami Marlins,Chicago Cubs,Production consensus,h2h,Chicago Cubs,,-147,1.68
2026-09-06T13:42:09.504170Z,823822,2026-09-06T17:40:00Z,Miami Marlins,Chicago Cubs,Production consensus,h2h,Miami Marlins,,125,2.25
2026-09-06T13:42:09.504170Z,823822,2026-09-06T17:40:00Z,Miami Marlins,Chicago Cubs,Production consensus,spreads,Chicago Cubs,-1.5,111,2.11
2026-09-06T13:42:09.504170Z,823822,2026-09-06T17:40:00Z,Miami Marlins,Chicago Cubs,Production consensus,spreads,Miami Marlins,1.5,-133,1.75
2026-09-06T13:42:09.504170Z,823822,2026-09-06T17:40:00Z,Miami Marlins,Chicago Cubs,Production consensus,totals,Over,8.0,-115,1.87
2026-09-06T13:42:09.504170Z,823822,2026-09-06T17:40:00Z,Miami Marlins,Chicago Cubs,Production consensus,totals,Under,8.0,-105,1.95
2026-09-06T13:42:09.504170Z,824385,2026-09-06T17:40:00Z,Cleveland Guardians,Detroit Tigers,Production consensus,h2h,Cleveland Guardians,,-169,1.59
2026-09-06T13:42:09.504170Z,824385,2026-09-06T17:40:00Z,Cleveland Guardians,Detroit Tigers,Production consensus,h2h,Detroit Tigers,,143,2.43
2026-09-06T13:42:09.504170Z,824385,2026-09-06T17:40:00Z,Cleveland Guardians,Detroit Tigers,Production consensus,spreads,Cleveland Guardians,-1.5,131,2.31
2026-09-06T13:42:09.504170Z,824385,2026-09-06T17:40:00Z,Cleveland Guardians,Detroit Tigers,Production consensus,spreads,Detroit Tigers,1.5,-156,1.64
2026-09-06T13:42:09.504170Z,824385,2026-09-06T17:40:00Z,Cleveland Guardians,Detroit Tigers,Production consensus,totals,Over,7.0,-110,1.91
2026-09-06T13:42:09.504170Z,824385,2026-09-06T17:40:00Z,Cleveland Guardians,Detroit Tigers,Production consensus,totals,Under,7.0,-109,1.92
2026-09-06T13:42:09.504170Z,824065,2026-09-06T18:10:00Z,Kansas City Royals,Toronto Blue Jays,Production consensus,h2h,Kansas City Royals,,103,2.03
2026-09-06T13:42:09.504170Z,824065,2026-09-06T18:10:00Z,Kansas City Royals,Toronto Blue Jays,Production consensus,h2h,Toronto Blue Jays,,-120,1.83
2026-09-06T13:42:09.504170Z,824065,2026-09-06T18:10:00Z,Kansas City Royals,Toronto Blue Jays,Production consensus,spreads,Kansas City Royals,1.5,-154,1.65
2026-09-06T13:42:09.504170Z,824065,2026-09-06T18:10:00Z,Kansas City Royals,Toronto Blue Jays,Production consensus,spreads,Toronto Blue Jays,-1.5,130,2.3
2026-09-06T13:42:09.504170Z,824065,2026-09-06T18:10:00Z,Kansas City Royals,Toronto Blue Jays,Production consensus,totals,Over,9.5,-105,1.95
2026-09-06T13:42:09.504170Z,824065,2026-09-06T18:10:00Z,Kansas City Royals,Toronto Blue Jays,Production consensus,totals,Under,9.5,-115,1.87
2026-09-06T13:42:09.504170Z,824142,2026-09-06T18:10:00Z,Houston Astros,Arizona Diamondbacks,Production consensus,h2h,Arizona Diamondbacks,,-106,1.94
2026-09-06T13:42:09.504170Z,824142,2026-09-06T18:10:00Z,Houston Astros,Arizona Diamondbacks,Production consensus,h2h,Houston Astros,,-110,1.91
2026-09-06T13:42:09.504170Z,824142,2026-09-06T18:10:00Z,Houston Astros,Arizona Diamondbacks,Production consensus,spreads,Arizona Diamondbacks,-1.5,150,2.5
2026-09-06T13:42:09.504170Z,824142,2026-09-06T18:10:00Z,Houston Astros,Arizona Diamondbacks,Production consensus,spreads,Houston Astros,1.5,-185,1.54
2026-09-06T13:42:09.504170Z,824142,2026-09-06T18:10:00Z,Houston Astros,Arizona Diamondbacks,Production consensus,totals,Over,8.0,-108,1.93
2026-09-06T13:42:09.504170Z,824142,2026-09-06T18:10:00Z,Houston Astros,Arizona Diamondbacks,Production consensus,totals,Under,8.0,-112,1.89
2026-09-06T13:42:09.504170Z,822848,2026-09-06T18:35:00Z,Texas Rangers,Tampa Bay Rays,Production consensus,h2h,Tampa Bay Rays,,-108,1.93
2026-09-06T13:42:09.504170Z,822848,2026-09-06T18:35:00Z,Texas Rangers,Tampa Bay Rays,Production consensus,h2h,Texas Rangers,,-110,1.91
2026-09-06T13:42:09.504170Z,822848,2026-09-06T18:35:00Z,Texas Rangers,Tampa Bay Rays,Production consensus,spreads,Tampa Bay Rays,-1.5,160,2.6
2026-09-06T13:42:09.504170Z,822848,2026-09-06T18:35:00Z,Texas Rangers,Tampa Bay Rays,Production consensus,spreads,Texas Rangers,1.5,-192,1.52
2026-09-06T13:42:09.504170Z,822848,2026-09-06T18:35:00Z,Texas Rangers,Tampa Bay Rays,Production consensus,totals,Over,7.5,-110,1.91
2026-09-06T13:42:09.504170Z,822848,2026-09-06T18:35:00Z,Texas Rangers,Tampa Bay Rays,Production consensus,totals,Under,7.5,-110,1.91
2026-09-06T13:42:09.504170Z,824309,2026-09-06T19:10:00Z,Colorado Rockies,St. Louis Cardinals,Production consensus,h2h,Colorado Rockies,,114,2.14
2026-09-06T13:42:09.504170Z,824309,2026-09-06T19:10:00Z,Colorado Rockies,St. Louis Cardinals,Production consensus,h2h,St. Louis Cardinals,,-133,1.75
2026-09-06T13:42:09.504170Z,824309,2026-09-06T19:10:00Z,Colorado Rockies,St. Louis Cardinals,Production consensus,spreads,Colorado Rockies,1.5,-130,1.77
2026-09-06T13:42:09.504170Z,824309,2026-09-06T19:10:00Z,Colorado Rockies,St. Louis Cardinals,Production consensus,spreads,St. Louis Cardinals,-1.5,110,2.1
2026-09-06T13:42:09.504170Z,824309,2026-09-06T19:10:00Z,Colorado Rockies,St. Louis Cardinals,Production consensus,totals,Over,11.0,-115,1.87
2026-09-06T13:42:09.504170Z,824309,2026-09-06T19:10:00Z,Colorado Rockies,St. Louis Cardinals,Production consensus,totals,Under,11.0,-105,1.95
2026-09-06T13:42:09.504170Z,823091,2026-09-06T20:10:00Z,Seattle Mariners,Athletics,Production consensus,h2h,Athletics,,167,2.67
2026-09-06T13:42:09.504170Z,823091,2026-09-06T20:10:00Z,Seattle Mariners,Athletics,Production consensus,h2h,Seattle Mariners,,-200,1.5
2026-09-06T13:42:09.504170Z,823091,2026-09-06T20:10:00Z,Seattle Mariners,Athletics,Production consensus,spreads,Athletics,1.5,-132,1.76
2026-09-06T13:42:09.504170Z,823091,2026-09-06T20:10:00Z,Seattle Mariners,Athletics,Production consensus,spreads,Seattle Mariners,-1.5,112,2.12
2026-09-06T13:42:09.504170Z,823091,2026-09-06T20:10:00Z,Seattle Mariners,Athletics,Production consensus,totals,Over,7.0,-116,1.86
2026-09-06T13:42:09.504170Z,823091,2026-09-06T20:10:00Z,Seattle Mariners,Athletics,Production consensus,totals,Under,7.0,-104,1.96
2026-09-06T13:42:09.504170Z,823253,2026-09-06T20:10:00Z,San Diego Padres,New York Yankees,Production consensus,h2h,New York Yankees,,-114,1.88
2026-09-06T13:42:09.504170Z,823253,2026-09-06T20:10:00Z,San Diego Padres,New York Yankees,Production consensus,h2h,San Diego Padres,,-104,1.96
2026-09-06T13:42:09.504170Z,823253,2026-09-06T20:10:00Z,San Diego Padres,New York Yankees,Production consensus,spreads,New York Yankees,-1.5,153,2.53
2026-09-06T13:42:09.504170Z,823253,2026-09-06T20:10:00Z,San Diego Padres,New York Yankees,Production consensus,spreads,San Diego Padres,1.5,-185,1.54
2026-09-06T13:42:09.504170Z,823253,2026-09-06T20:10:00Z,San Diego Padres,New York Yankees,Production consensus,totals,Over,7.0,-110,1.91
2026-09-06T13:42:09.504170Z,823253,2026-09-06T20:10:00Z,San Diego Padres,New York Yankees,Production consensus,totals,Under,7.0,-110,1.91
2026-09-06T17:06:22.176195Z,823417,2026-09-06T17:10:00Z,Philadelphia Phillies,Atlanta Braves,Production consensus,h2h,Atlanta Braves,,-105,1.95
2026-09-06T17:06:22.176195Z,823417,2026-09-06T17:10:00Z,Philadelphia Phillies,Atlanta Braves,Production consensus,h2h,Philadelphia Phillies,,-110,1.91
2026-09-06T17:06:22.176195Z,823417,2026-09-06T17:10:00Z,Philadelphia Phillies,Atlanta Braves,Production consensus,spreads,Atlanta Braves,-1.5,154,2.54
2026-09-06T17:06:22.176195Z,823417,2026-09-06T17:10:00Z,Philadelphia Phillies,Atlanta Braves,Production consensus,spreads,Philadelphia Phillies,1.5,-189,1.53
2026-09-06T17:06:22.176195Z,823417,2026-09-06T17:10:00Z,Philadelphia Phillies,Atlanta Braves,Production consensus,totals,Over,8.0,-115,1.87
2026-09-06T17:06:22.176195Z,823417,2026-09-06T17:10:00Z,Philadelphia Phillies,Atlanta Braves,Production consensus,totals,Under,8.0,-105,1.95
2026-09-06T17:06:22.176195Z,823336,2026-09-06T17:35:00Z,Pittsburgh Pirates,Los Angeles Angels,Production consensus,h2h,Los Angeles Angels,,150,2.5
2026-09-06T17:06:22.176195Z,823336,2026-09-06T17:35:00Z,Pittsburgh Pirates,Los Angeles Angels,Production consensus,h2h,Pittsburgh Pirates,,-179,1.56
2026-09-06T17:06:22.176195Z,823336,2026-09-06T17:35:00Z,Pittsburgh Pirates,Los Angeles Angels,Production consensus,spreads,Los Angeles Angels,1.5,-149,1.67
2026-09-06T17:06:22.176195Z,823336,2026-09-06T17:35:00Z,Pittsburgh Pirates,Los Angeles Angels,Production consensus,spreads,Pittsburgh Pirates,-1.5,125,2.25
2026-09-06T17:06:22.176195Z,823336,2026-09-06T17:35:00Z,Pittsburgh Pirates,Los Angeles Angels,Production consensus,totals,Over,7.0,-119,1.84
2026-09-06T17:06:22.176195Z,823336,2026-09-06T17:35:00Z,Pittsburgh Pirates,Los Angeles Angels,Production consensus,totals,Under,7.0,-102,1.98
2026-09-06T17:06:22.176195Z,824794,2026-09-06T17:35:00Z,Baltimore Orioles,Boston Red Sox,Production consensus,h2h,Baltimore Orioles,,112,2.12
2026-09-06T17:06:22.176195Z,824794,2026-09-06T17:35:00Z,Baltimore Orioles,Boston Red Sox,Production consensus,h2h,Boston Red Sox,,-133,1.75
2026-09-06T17:06:22.176195Z,824794,2026-09-06T17:35:00Z,Baltimore Orioles,Boston Red Sox,Production consensus,spreads,Baltimore Orioles,1.5,-154,1.65
2026-09-06T17:06:22.176195Z,824794,2026-09-06T17:35:00Z,Baltimore Orioles,Boston Red Sox,Production consensus,spreads,Boston Red Sox,-1.5,130,2.3
2026-09-06T17:06:22.176195Z,824794,2026-09-06T17:35:00Z,Baltimore Orioles,Boston Red Sox,Production consensus,totals,Over,7.0,-120,1.83
2026-09-06T17:06:22.176195Z,824794,2026-09-06T17:35:00Z,Baltimore Orioles,Boston Red Sox,Production consensus,totals,Under,7.0,100,2.0
2026-09-06T17:06:22.176195Z,823578,2026-09-06T17:40:00Z,New York Mets,San Francisco Giants,Production consensus,h2h,New York Mets,,-167,1.6
2026-09-06T17:06:22.176195Z,823578,2026-09-06T17:40:00Z,New York Mets,San Francisco Giants,Production consensus,h2h,San Francisco Giants,,142,2.42
2026-09-06T17:06:22.176195Z,823578,2026-09-06T17:40:00Z,New York Mets,San Francisco Giants,Production consensus,spreads,New York Mets,-1.5,126,2.26
2026-09-06T17:06:22.176195Z,823578,2026-09-06T17:40:00Z,New York Mets,San Francisco Giants,Production consensus,spreads,San Francisco Giants,1.5,-149,1.67
2026-09-06T17:06:22.176195Z,823578,2026-09-06T17:40:00Z,New York Mets,San Francisco Giants,Production consensus,totals,Over,8.0,-110,1.91
2026-09-06T17:06:22.176195Z,823578,2026-09-06T17:40:00Z,New York Mets,San Francisco Giants,Production consensus,totals,Under,8.0,-110,1.91
2026-09-06T17:06:22.176195Z,823822,2026-09-06T17:40:00Z,Miami Marlins,Chicago Cubs,Production consensus,h2h,Chicago Cubs,,-145,1.69
2026-09-06T17:06:22.176195Z,823822,2026-09-06T17:40:00Z,Miami Marlins,Chicago Cubs,Production consensus,h2h,Miami Marlins,,123,2.23
2026-09-06T17:06:22.176195Z,823822,2026-09-06T17:40:00Z,Miami Marlins,Chicago Cubs,Production consensus,spreads,Chicago Cubs,-1.5,113,2.13
2026-09-06T17:06:22.176195Z,823822,2026-09-06T17:40:00Z,Miami Marlins,Chicago Cubs,Production consensus,spreads,Miami Marlins,1.5,-135,1.74
2026-09-06T17:06:22.176195Z,823822,2026-09-06T17:40:00Z,Miami Marlins,Chicago Cubs,Production consensus,totals,Over,8.0,-118,1.85
2026-09-06T17:06:22.176195Z,823822,2026-09-06T17:40:00Z,Miami Marlins,Chicago Cubs,Production consensus,totals,Under,8.0,-102,1.98
2026-09-06T17:06:22.176195Z,824385,2026-09-06T17:40:00Z,Cleveland Guardians,Detroit Tigers,Production consensus,h2h,Cleveland Guardians,,-169,1.59
2026-09-06T17:06:22.176195Z,824385,2026-09-06T17:40:00Z,Cleveland Guardians,Detroit Tigers,Production consensus,h2h,Detroit Tigers,,142,2.42
2026-09-06T17:06:22.176195Z,824385,2026-09-06T17:40:00Z,Cleveland Guardians,Detroit Tigers,Production consensus,spreads,Cleveland Guardians,-1.5,134,2.34
2026-09-06T17:06:22.176195Z,824385,2026-09-06T17:40:00Z,Cleveland Guardians,Detroit Tigers,Production consensus,spreads,Detroit Tigers,1.5,-156,1.64
2026-09-06T17:06:22.176195Z,824385,2026-09-06T17:40:00Z,Cleveland Guardians,Detroit Tigers,Production consensus,totals,Over,7.0,-103,1.97
2026-09-06T17:06:22.176195Z,824385,2026-09-06T17:40:00Z,Cleveland Guardians,Detroit Tigers,Production consensus,totals,Under,7.0,-118,1.85
2026-09-06T17:06:22.176195Z,824065,2026-09-06T18:10:00Z,Kansas City Royals,Toronto Blue Jays,Production consensus,h2h,Kansas City Royals,,104,2.04
2026-09-06T17:06:22.176195Z,824065,2026-09-06T18:10:00Z,Kansas City Royals,Toronto Blue Jays,Production consensus,h2h,Toronto Blue Jays,,-122,1.82
2026-09-06T17:06:22.176195Z,824065,2026-09-06T18:10:00Z,Kansas City Royals,Toronto Blue Jays,Production consensus,spreads,Kansas City Royals,1.5,-154,1.65
2026-09-06T17:06:22.176195Z,824065,2026-09-06T18:10:00Z,Kansas City Royals,Toronto Blue Jays,Production consensus,spreads,Toronto Blue Jays,-1.5,128,2.28
2026-09-06T17:06:22.176195Z,824065,2026-09-06T18:10:00Z,Kansas City Royals,Toronto Blue Jays,Production consensus,totals,Over,9.5,-102,1.98
2026-09-06T17:06:22.176195Z,824065,2026-09-06T18:10:00Z,Kansas City Royals,Toronto Blue Jays,Production consensus,totals,Under,9.5,-118,1.85
2026-09-06T17:06:22.176195Z,824142,2026-09-06T18:10:00Z,Houston Astros,Arizona Diamondbacks,Production consensus,h2h,Arizona Diamondbacks,,-105,1.95
2026-09-06T17:06:22.176195Z,824142,2026-09-06T18:10:00Z,Houston Astros,Arizona Diamondbacks,Production consensus,h2h,Houston Astros,,-112,1.89
2026-09-06T17:06:22.176195Z,824142,2026-09-06T18:10:00Z,Houston Astros,Arizona Diamondbacks,Production consensus,spreads,Arizona Diamondbacks,-1.5,155,2.55
2026-09-06T17:06:22.176195Z,824142,2026-09-06T18:10:00Z,Houston Astros,Arizona Diamondbacks,Production consensus,spreads,Houston Astros,1.5,-189,1.53
2026-09-06T17:06:22.176195Z,824142,2026-09-06T18:10:00Z,Houston Astros,Arizona Diamondbacks,Production consensus,totals,Over,8.0,-110,1.91
2026-09-06T17:06:22.176195Z,824142,2026-09-06T18:10:00Z,Houston Astros,Arizona Diamondbacks,Production consensus,totals,Under,8.0,-110,1.91
2026-09-06T17:06:22.176195Z,822848,2026-09-06T18:35:00Z,Texas Rangers,Tampa Bay Rays,Production consensus,h2h,Tampa Bay Rays,,-109,1.92
2026-09-06T17:06:22.176195Z,822848,2026-09-06T18:35:00Z,Texas Rangers,Tampa Bay Rays,Production consensus,h2h,Texas Rangers,,-108,1.93
2026-09-06T17:06:22.176195Z,822848,2026-09-06T18:35:00Z,Texas Rangers,Tampa Bay Rays,Production consensus,spreads,Tampa Bay Rays,-1.5,152,2.52
2026-09-06T17:06:22.176195Z,822848,2026-09-06T18:35:00Z,Texas Rangers,Tampa Bay Rays,Production consensus,spreads,Texas Rangers,1.5,-185,1.54
2026-09-06T17:06:22.176195Z,822848,2026-09-06T18:35:00Z,Texas Rangers,Tampa Bay Rays,Production consensus,totals,Over,7.5,-108,1.93
2026-09-06T17:06:22.176195Z,822848,2026-09-06T18:35:00Z,Texas Rangers,Tampa Bay Rays,Production consensus,totals,Under,7.5,-112,1.89
2026-09-06T17:06:22.176195Z,824309,2026-09-06T19:10:00Z,Colorado Rockies,St. Louis Cardinals,Production consensus,h2h,Colorado Rockies,,117,2.17
2026-09-06T17:06:22.176195Z,824309,2026-09-06T19:10:00Z,Colorado Rockies,St. Louis Cardinals,Production consensus,h2h,St. Louis Cardinals,,-135,1.74
2026-09-06T17:06:22.176195Z,824309,2026-09-06T19:10:00Z,Colorado Rockies,St. Louis Cardinals,Production consensus,spreads,Colorado Rockies,1.5,-130,1.77
2026-09-06T17:06:22.176195Z,824309,2026-09-06T19:10:00Z,Colorado Rockies,St. Louis Cardinals,Production consensus,spreads,St. Louis Cardinals,-1.5,110,2.1
2026-09-06T17:06:22.176195Z,824309,2026-09-06T19:10:00Z,Colorado Rockies,St. Louis Cardinals,Production consensus,totals,Over,11.0,-110,1.91
2026-09-06T17:06:22.176195Z,824309,2026-09-06T19:10:00Z,Colorado Rockies,St. Louis Cardinals,Production consensus,totals,Under,11.0,-109,1.92
2026-09-06T17:06:22.176195Z,823091,2026-09-06T20:10:00Z,Seattle Mariners,Athletics,Production consensus,h2h,Athletics,,167,2.67
2026-09-06T17:06:22.176195Z,823091,2026-09-06T20:10:00Z,Seattle Mariners,Athletics,Production consensus,h2h,Seattle Mariners,,-200,1.5
2026-09-06T17:06:22.176195Z,823091,2026-09-06T20:10:00Z,Seattle Mariners,Athletics,Production consensus,spreads,Athletics,1.5,-135,1.74
2026-09-06T17:06:22.176195Z,823091,2026-09-06T20:10:00Z,Seattle Mariners,Athletics,Production consensus,spreads,Seattle Mariners,-1.5,112,2.12
2026-09-06T17:06:22.176195Z,823091,2026-09-06T20:10:00Z,Seattle Mariners,Athletics,Production consensus,totals,Over,7.0,-118,1.85
2026-09-06T17:06:22.176195Z,823091,2026-09-06T20:10:00Z,Seattle Mariners,Athletics,Production consensus,totals,Under,7.0,-102,1.98
2026-09-06T17:06:22.176195Z,823253,2026-09-06T20:10:00Z,San Diego Padres,New York Yankees,Production consensus,h2h,New York Yankees,,-110,1.91
2026-09-06T17:06:22.176195Z,823253,2026-09-06T20:10:00Z,San Diego Padres,New York Yankees,Production consensus,h2h,San Diego Padres,,-108,1.93
2026-09-06T17:06:22.176195Z,823253,2026-09-06T20:10:00Z,San Diego Padres,New York Yankees,Production consensus,spreads,New York Yankees,-1.5,158,2.58
2026-09-06T17:06:22.176195Z,823253,2026-09-06T20:10:00Z,San Diego Padres,New York Yankees,Production consensus,spreads,San Diego Padres,1.5,-189,1.53
2026-09-06T17:06:22.176195Z,823253,2026-09-06T20:10:00Z,San Diego Padres,New York Yankees,Production consensus,totals,Over,7.0,-108,1.93
2026-09-06T17:06:22.176195Z,823253,2026-09-06T20:10:00Z,San Diego Padres,New York Yankees,Production consensus,totals,Under,7.0,-114,1.88
2026-09-06T17:06:22.176195Z,824552,2026-09-06T22:20:00Z,Chicago White Sox,Minnesota Twins,Production consensus,h2h,Chicago White Sox,,-147,1.68
2026-09-06T17:06:22.176195Z,824552,2026-09-06T22:20:00Z,Chicago White Sox,Minnesota Twins,Production consensus,h2h,Minnesota Twins,,125,2.25
2026-09-06T17:06:22.176195Z,824552,2026-09-06T22:20:00Z,Chicago White Sox,Minnesota Twins,Production consensus,spreads,Chicago White Sox,-1.5,142,2.42
2026-09-06T17:06:22.176195Z,824552,2026-09-06T22:20:00Z,Chicago White Sox,Minnesota Twins,Production consensus,spreads,Minnesota Twins,1.5,-169,1.59
2026-09-06T17:06:22.176195Z,824552,2026-09-06T22:20:00Z,Chicago White Sox,Minnesota Twins,Production consensus,totals,Over,8.5,-111,1.9
2026-09-06T17:06:22.176195Z,824552,2026-09-06T22:20:00Z,Chicago White Sox,Minnesota Twins,Production consensus,totals,Under,8.5,-108,1.93
2026-09-06T19:14:46.667870Z,823091,2026-09-06T20:10:00Z,Seattle Mariners,Athletics,Production consensus,h2h,Athletics,,170,2.7
2026-09-06T19:14:46.667870Z,823091,2026-09-06T20:10:00Z,Seattle Mariners,Athletics,Production consensus,h2h,Seattle Mariners,,-204,1.49
2026-09-06T19:14:46.667870Z,823091,2026-09-06T20:10:00Z,Seattle Mariners,Athletics,Production consensus,spreads,Athletics,1.5,-130,1.77
2026-09-06T19:14:46.667870Z,823091,2026-09-06T20:10:00Z,Seattle Mariners,Athletics,Production consensus,spreads,Seattle Mariners,-1.5,109,2.09
2026-09-06T19:14:46.667870Z,823091,2026-09-06T20:10:00Z,Seattle Mariners,Athletics,Production consensus,totals,Over,7.0,-118,1.85
2026-09-06T19:14:46.667870Z,823091,2026-09-06T20:10:00Z,Seattle Mariners,Athletics,Production consensus,totals,Under,7.0,-102,1.98
2026-09-06T19:14:46.667870Z,823253,2026-09-06T20:10:00Z,San Diego Padres,New York Yankees,Production consensus,h2h,New York Yankees,,-102,1.98
2026-09-06T19:14:46.667870Z,823253,2026-09-06T20:10:00Z,San Diego Padres,New York Yankees,Production consensus,h2h,San Diego Padres,,-116,1.86
2026-09-06T19:14:46.667870Z,823253,2026-09-06T20:10:00Z,San Diego Padres,New York Yankees,Production consensus,spreads,New York Yankees,-1.5,163,2.63
2026-09-06T19:14:46.667870Z,823253,2026-09-06T20:10:00Z,San Diego Padres,New York Yankees,Production consensus,spreads,San Diego Padres,1.5,-200,1.5
2026-09-06T19:14:46.667870Z,823253,2026-09-06T20:10:00Z,San Diego Padres,New York Yankees,Production consensus,totals,Over,7.0,-105,1.95
2026-09-06T19:14:46.667870Z,823253,2026-09-06T20:10:00Z,San Diego Padres,New York Yankees,Production consensus,totals,Under,7.0,-115,1.87
2026-09-06T19:14:46.667870Z,824552,2026-09-06T22:20:00Z,Chicago White Sox,Minnesota Twins,Production consensus,h2h,Chicago White Sox,,-147,1.68
2026-09-06T19:14:46.667870Z,824552,2026-09-06T22:20:00Z,Chicago White Sox,Minnesota Twins,Production consensus,h2h,Minnesota Twins,,124,2.24
2026-09-06T19:14:46.667870Z,824552,2026-09-06T22:20:00Z,Chicago White Sox,Minnesota Twins,Production consensus,spreads,Chicago White Sox,-1.5,140,2.4
2026-09-06T19:14:46.667870Z,824552,2026-09-06T22:20:00Z,Chicago White Sox,Minnesota Twins,Production consensus,spreads,Minnesota Twins,1.5,-169,1.59
2026-09-06T19:14:46.667870Z,824552,2026-09-06T22:20:00Z,Chicago White Sox,Minnesota Twins,Production consensus,totals,Over,8.5,-110,1.91
2026-09-06T19:14:46.667870Z,824552,2026-09-06T22:20:00Z,Chicago White Sox,Minnesota Twins,Production consensus,totals,Under,8.5,-108,1.93
2026-09-06T19:14:46.667870Z,823903,2026-09-07T02:10:00Z,Los Angeles Dodgers,Washington Nationals,Production consensus,h2h,Los Angeles Dodgers,,-200,1.5
2026-09-06T19:14:46.667870Z,823903,2026-09-07T02:10:00Z,Los Angeles Dodgers,Washington Nationals,Production consensus,h2h,Washington Nationals,,167,2.67
2026-09-06T19:14:46.667870Z,823903,2026-09-07T02:10:00Z,Los Angeles Dodgers,Washington Nationals,Production consensus,spreads,Los Angeles Dodgers,-1.5,110,2.1
2026-09-06T19:14:46.667870Z,823903,2026-09-07T02:10:00Z,Los Angeles Dodgers,Washington Nationals,Production consensus,spreads,Washington Nationals,1.5,-132,1.76
2026-09-06T19:14:46.667870Z,823903,2026-09-07T02:10:00Z,Los Angeles Dodgers,Washington Nationals,Production consensus,totals,Over,8.5,100,2.0
2026-09-06T19:14:46.667870Z,823903,2026-09-07T02:10:00Z,Los Angeles Dodgers,Washington Nationals,Production consensus,totals,Under,8.5,-120,1.83
2026-09-06T21:26:09.011921Z,824552,2026-09-06T22:20:00Z,Chicago White Sox,Minnesota Twins,Production consensus,h2h,Chicago White Sox,,-145,1.69
2026-09-06T21:26:09.011921Z,824552,2026-09-06T22:20:00Z,Chicago White Sox,Minnesota Twins,Production consensus,h2h,Minnesota Twins,,125,2.25
2026-09-06T21:26:09.011921Z,824552,2026-09-06T22:20:00Z,Chicago White Sox,Minnesota Twins,Production consensus,spreads,Chicago White Sox,-1.5,140,2.4
2026-09-06T21:26:09.011921Z,824552,2026-09-06T22:20:00Z,Chicago White Sox,Minnesota Twins,Production consensus,spreads,Minnesota Twins,1.5,-169,1.59
2026-09-06T21:26:09.011921Z,824552,2026-09-06T22:20:00Z,Chicago White Sox,Minnesota Twins,Production consensus,totals,Over,8.5,-115,1.87
2026-09-06T21:26:09.011921Z,824552,2026-09-06T22:20:00Z,Chicago White Sox,Minnesota Twins,Production consensus,totals,Under,8.5,-105,1.95
2026-09-06T21:26:09.011921Z,823903,2026-09-07T02:10:00Z,Los Angeles Dodgers,Washington Nationals,Production consensus,h2h,Los Angeles Dodgers,,-200,1.5
2026-09-06T21:26:09.011921Z,823903,2026-09-07T02:10:00Z,Los Angeles Dodgers,Washington Nationals,Production consensus,h2h,Washington Nationals,,168,2.68
2026-09-06T21:26:09.011921Z,823903,2026-09-07T02:10:00Z,Los Angeles Dodgers,Washington Nationals,Production consensus,spreads,Los Angeles Dodgers,-1.5,106,2.06
2026-09-06T21:26:09.011921Z,823903,2026-09-07T02:10:00Z,Los Angeles Dodgers,Washington Nationals,Production consensus,spreads,Washington Nationals,1.5,-128,1.78
2026-09-06T21:26:09.011921Z,823903,2026-09-07T02:10:00Z,Los Angeles Dodgers,Washington Nationals,Production consensus,totals,Over,8.5,10000,101.0
2026-09-06T21:26:09.011921Z,823903,2026-09-07T02:10:00Z,Los Angeles Dodgers,Washington Nationals,Production consensus,totals,Under,8.5,-120,1.83
2026-09-06T23:58:14.931108Z,823903,2026-09-07T02:10:00Z,Los Angeles Dodgers,Washington Nationals,Production consensus,h2h,Los Angeles Dodgers,,-200,1.5
2026-09-06T23:58:14.931108Z,823903,2026-09-07T02:10:00Z,Los Angeles Dodgers,Washington Nationals,Production consensus,h2h,Washington Nationals,,170,2.7
2026-09-06T23:58:14.931108Z,823903,2026-09-07T02:10:00Z,Los Angeles Dodgers,Washington Nationals,Production consensus,spreads,Los Angeles Dodgers,-1.5,105,2.05
2026-09-06T23:58:14.931108Z,823903,2026-09-07T02:10:00Z,Los Angeles Dodgers,Washington Nationals,Production consensus,spreads,Washington Nationals,1.5,-127,1.79
2026-09-06T23:58:14.931108Z,823903,2026-09-07T02:10:00Z,Los Angeles Dodgers,Washington Nationals,Production consensus,totals,Over,8.0,-118,1.85
2026-09-06T23:58:14.931108Z,823903,2026-09-07T02:10:00Z,Los Angeles Dodgers,Washington Nationals,Production consensus,totals,Under,8.0,-102,1.98
2026-09-07T10:23:36.472682Z,823415,2026-09-07T17:05:00Z,Philadelphia Phillies,Atlanta Braves,Production consensus,h2h,Atlanta Braves,,141,2.41
2026-09-07T10:23:36.472682Z,823415,2026-09-07T17:05:00Z,Philadelphia Phillies,Atlanta Braves,Production consensus,h2h,Philadelphia Phillies,,-167,1.6
2026-09-07T10:23:36.472682Z,823415,2026-09-07T17:05:00Z,Philadelphia Phillies,Atlanta Braves,Production consensus,spreads,Atlanta Braves,1.5,-152,1.66
2026-09-07T10:23:36.472682Z,823415,2026-09-07T17:05:00Z,Philadelphia Phillies,Atlanta Braves,Production consensus,spreads,Philadelphia Phillies,-1.5,128,2.28
2026-09-07T10:23:36.472682Z,823415,2026-09-07T17:05:00Z,Philadelphia Phillies,Atlanta Braves,Production consensus,totals,Over,8.0,-110,1.91
2026-09-07T10:23:36.472682Z,823415,2026-09-07T17:05:00Z,Philadelphia Phillies,Atlanta Braves,Production consensus,totals,Under,8.0,-110,1.91
2026-09-07T10:23:36.472682Z,823820,2026-09-07T17:10:00Z,Miami Marlins,New York Mets,Production consensus,h2h,Miami Marlins,,-119,1.84
2026-09-07T10:23:36.472682Z,823820,2026-09-07T17:10:00Z,Miami Marlins,New York Mets,Production consensus,h2h,New York Mets,,100,2.0
2026-09-07T10:23:36.472682Z,823820,2026-09-07T17:10:00Z,Miami Marlins,New York Mets,Production consensus,spreads,Miami Marlins,-1.5,168,2.68
2026-09-07T10:23:36.472682Z,823820,2026-09-07T17:10:00Z,Miami Marlins,New York Mets,Production consensus,spreads,New York Mets,1.5,-200,1.5
2026-09-07T10:23:36.472682Z,823820,2026-09-07T17:10:00Z,Miami Marlins,New York Mets,Production consensus,totals,Over,8.0,-106,1.94
2026-09-07T10:23:36.472682Z,823820,2026-09-07T17:10:00Z,Miami Marlins,New York Mets,Production consensus,totals,Under,8.0,-114,1.88
2026-09-07T10:23:36.472682Z,824715,2026-09-07T17:35:00Z,Boston Red Sox,Los Angeles Angels,Production consensus,h2h,Boston Red Sox,,-175,1.57
2026-09-07T10:23:36.472682Z,824715,2026-09-07T17:35:00Z,Boston Red Sox,Los Angeles Angels,Production consensus,h2h,Los Angeles Angels,,150,2.5
2026-09-07T10:23:36.472682Z,824715,2026-09-07T17:35:00Z,Boston Red Sox,Los Angeles Angels,Production consensus,spreads,Boston Red Sox,-1.5,121,2.21
2026-09-07T10:23:36.472682Z,824715,2026-09-07T17:35:00Z,Boston Red Sox,Los Angeles Angels,Production consensus,spreads,Los Angeles Angels,1.5,-145,1.69
2026-09-07T10:23:36.472682Z,824715,2026-09-07T17:35:00Z,Boston Red Sox,Los Angeles Angels,Production consensus,totals,Over,8.5,-115,1.87
2026-09-07T10:23:36.472682Z,824715,2026-09-07T17:35:00Z,Boston Red Sox,Los Angeles Angels,Production consensus,totals,Under,8.5,-105,1.95
2026-09-07T10:23:36.472682Z,824793,2026-09-07T17:35:00Z,Baltimore Orioles,Cleveland Guardians,Production consensus,h2h,Baltimore Orioles,,-127,1.79
2026-09-07T10:23:36.472682Z,824793,2026-09-07T17:35:00Z,Baltimore Orioles,Cleveland Guardians,Production consensus,h2h,Cleveland Guardians,,108,2.08
2026-09-07T10:23:36.472682Z,824793,2026-09-07T17:35:00Z,Baltimore Orioles,Cleveland Guardians,Production consensus,spreads,Baltimore Orioles,-1.5,165,2.65
2026-09-07T10:23:36.472682Z,824793,2026-09-07T17:35:00Z,Baltimore Orioles,Cleveland Guardians,Production consensus,spreads,Cleveland Guardians,1.5,-200,1.5
2026-09-07T10:23:36.472682Z,824793,2026-09-07T17:35:00Z,Baltimore Orioles,Cleveland Guardians,Production consensus,totals,Over,8.5,-102,1.98
2026-09-07T10:23:36.472682Z,824793,2026-09-07T17:35:00Z,Baltimore Orioles,Cleveland Guardians,Production consensus,totals,Under,8.5,-118,1.85
2026-09-07T10:23:36.472682Z,823742,2026-09-07T18:10:00Z,Milwaukee Brewers,Chicago Cubs,Production consensus,h2h,Chicago Cubs,,106,2.06
2026-09-07T10:23:36.472682Z,823742,2026-09-07T18:10:00Z,Milwaukee Brewers,Chicago Cubs,Production consensus,h2h,Milwaukee Brewers,,-125,1.8
2026-09-07T10:23:36.472682Z,823742,2026-09-07T18:10:00Z,Milwaukee Brewers,Chicago Cubs,Production consensus,spreads,Chicago Cubs,1.5,-196,1.51
2026-09-07T10:23:36.472682Z,823742,2026-09-07T18:10:00Z,Milwaukee Brewers,Chicago Cubs,Production consensus,spreads,Milwaukee Brewers,-1.5,165,2.65
2026-09-07T10:23:36.472682Z,823742,2026-09-07T18:10:00Z,Milwaukee Brewers,Chicago Cubs,Production consensus,totals,Over,8.5,-108,1.93
2026-09-07T10:23:36.472682Z,823742,2026-09-07T18:10:00Z,Milwaukee Brewers,Chicago Cubs,Production consensus,totals,Under,8.5,-114,1.88
2026-09-07T10:23:36.472682Z,824062,2026-09-07T18:10:00Z,Kansas City Royals,Arizona Diamondbacks,Production consensus,h2h,Arizona Diamondbacks,,-105,1.95
2026-09-07T10:23:36.472682Z,824062,2026-09-07T18:10:00Z,Kansas City Royals,Arizona Diamondbacks,Production consensus,h2h,Kansas City Royals,,-114,1.88
2026-09-07T10:23:36.472682Z,824062,2026-09-07T18:10:00Z,Kansas City Royals,Arizona Diamondbacks,Production consensus,spreads,Arizona Diamondbacks,-1.5,152,2.52
2026-09-07T10:23:36.472682Z,824062,2026-09-07T18:10:00Z,Kansas City Royals,Arizona Diamondbacks,Production consensus,spreads,Kansas City Royals,1.5,-185,1.54
2026-09-07T10:23:36.472682Z,824062,2026-09-07T18:10:00Z,Kansas City Royals,Arizona Diamondbacks,Production consensus,totals,Over,9.0,-120,1.83
2026-09-07T10:23:36.472682Z,824062,2026-09-07T18:10:00Z,Kansas City Royals,Arizona Diamondbacks,Production consensus,totals,Under,9.0,100,2.0
2026-09-07T16:30:28.040132Z,823415,2026-09-07T17:05:00Z,Philadelphia Phillies,Atlanta Braves,Production consensus,h2h,Atlanta Braves,,154,2.54
2026-09-07T16:30:28.040132Z,823415,2026-09-07T17:05:00Z,Philadelphia Phillies,Atlanta Braves,Production consensus,h2h,Philadelphia Phillies,,-185,1.54
2026-09-07T16:30:28.040132Z,823415,2026-09-07T17:05:00Z,Philadelphia Phillies,Atlanta Braves,Production consensus,spreads,Atlanta Braves,1.5,-141,1.71
2026-09-07T16:30:28.040132Z,823415,2026-09-07T17:05:00Z,Philadelphia Phillies,Atlanta Braves,Production consensus,spreads,Philadelphia Phillies,-1.5,118,2.18
2026-09-07T16:30:28.040132Z,823415,2026-09-07T17:05:00Z,Philadelphia Phillies,Atlanta Braves,Production consensus,totals,Over,8.0,-110,1.91
2026-09-07T16:30:28.040132Z,823415,2026-09-07T17:05:00Z,Philadelphia Phillies,Atlanta Braves,Production consensus,totals,Under,8.0,-110,1.91
2026-09-07T16:30:28.040132Z,823820,2026-09-07T17:10:00Z,Miami Marlins,New York Mets,Production consensus,h2h,Miami Marlins,,-132,1.76
2026-09-07T16:30:28.040132Z,823820,2026-09-07T17:10:00Z,Miami Marlins,New York Mets,Production consensus,h2h,New York Mets,,116,2.16
2026-09-07T16:30:28.040132Z,823820,2026-09-07T17:10:00Z,Miami Marlins,New York Mets,Production consensus,spreads,Miami Marlins,-1.5,150,2.5
2026-09-07T16:30:28.040132Z,823820,2026-09-07T17:10:00Z,Miami Marlins,New York Mets,Production consensus,spreads,New York Mets,1.5,-175,1.57
2026-09-07T16:30:28.040132Z,823820,2026-09-07T17:10:00Z,Miami Marlins,New York Mets,Production consensus,totals,Over,8.0,-115,1.87
2026-09-07T16:30:28.040132Z,823820,2026-09-07T17:10:00Z,Miami Marlins,New York Mets,Production consensus,totals,Under,8.0,-105,1.95
2026-09-07T16:30:28.040132Z,824715,2026-09-07T17:35:00Z,Boston Red Sox,Los Angeles Angels,Production consensus,h2h,Boston Red Sox,,-175,1.57
2026-09-07T16:30:28.040132Z,824715,2026-09-07T17:35:00Z,Boston Red Sox,Los Angeles Angels,Production consensus,h2h,Los Angeles Angels,,148,2.48
2026-09-07T16:30:28.040132Z,824715,2026-09-07T17:35:00Z,Boston Red Sox,Los Angeles Angels,Production consensus,spreads,Boston Red Sox,-1.5,119,2.19
2026-09-07T16:30:28.040132Z,824715,2026-09-07T17:35:00Z,Boston Red Sox,Los Angeles Angels,Production consensus,spreads,Los Angeles Angels,1.5,-145,1.69
2026-09-07T16:30:28.040132Z,824715,2026-09-07T17:35:00Z,Boston Red Sox,Los Angeles Angels,Production consensus,totals,Over,8.5,-102,1.98
2026-09-07T16:30:28.040132Z,824715,2026-09-07T17:35:00Z,Boston Red Sox,Los Angeles Angels,Production consensus,totals,Under,8.5,-118,1.85
2026-09-07T16:30:28.040132Z,824793,2026-09-07T17:35:00Z,Baltimore Orioles,Cleveland Guardians,Production consensus,h2h,Baltimore Orioles,,-135,1.74
2026-09-07T16:30:28.040132Z,824793,2026-09-07T17:35:00Z,Baltimore Orioles,Cleveland Guardians,Production consensus,h2h,Cleveland Guardians,,115,2.15
2026-09-07T16:30:28.040132Z,824793,2026-09-07T17:35:00Z,Baltimore Orioles,Cleveland Guardians,Production consensus,spreads,Baltimore Orioles,-1.5,160,2.6
2026-09-07T16:30:28.040132Z,824793,2026-09-07T17:35:00Z,Baltimore Orioles,Cleveland Guardians,Production consensus,spreads,Cleveland Guardians,1.5,-189,1.53
2026-09-07T16:30:28.040132Z,824793,2026-09-07T17:35:00Z,Baltimore Orioles,Cleveland Guardians,Production consensus,totals,Over,7.0,-120,1.83
2026-09-07T16:30:28.040132Z,824793,2026-09-07T17:35:00Z,Baltimore Orioles,Cleveland Guardians,Production consensus,totals,Under,7.0,100,2.0
2026-09-07T16:30:28.040132Z,823742,2026-09-07T18:10:00Z,Milwaukee Brewers,Chicago Cubs,Production consensus,h2h,Chicago Cubs,,105,2.05
2026-09-07T16:30:28.040132Z,823742,2026-09-07T18:10:00Z,Milwaukee Brewers,Chicago Cubs,Production consensus,h2h,Milwaukee Brewers,,-123,1.81
2026-09-07T16:30:28.040132Z,823742,2026-09-07T18:10:00Z,Milwaukee Brewers,Chicago Cubs,Production consensus,spreads,Chicago Cubs,1.5,-192,1.52
2026-09-07T16:30:28.040132Z,823742,2026-09-07T18:10:00Z,Milwaukee Brewers,Chicago Cubs,Production consensus,spreads,Milwaukee Brewers,-1.5,162,2.62
2026-09-07T16:30:28.040132Z,823742,2026-09-07T18:10:00Z,Milwaukee Brewers,Chicago Cubs,Production consensus,totals,Over,8.5,-109,1.92
2026-09-07T16:30:28.040132Z,823742,2026-09-07T18:10:00Z,Milwaukee Brewers,Chicago Cubs,Production consensus,totals,Under,8.5,-111,1.9
2026-09-07T16:30:28.040132Z,824062,2026-09-07T18:10:00Z,Kansas City Royals,Arizona Diamondbacks,Production consensus,h2h,Arizona Diamondbacks,,-104,1.96
2026-09-07T16:30:28.040132Z,824062,2026-09-07T18:10:00Z,Kansas City Royals,Arizona Diamondbacks,Production consensus,h2h,Kansas City Royals,,-112,1.89
2026-09-07T16:30:28.040132Z,824062,2026-09-07T18:10:00Z,Kansas City Royals,Arizona Diamondbacks,Production consensus,spreads,Arizona Diamondbacks,-1.5,150,2.5
2026-09-07T16:30:28.040132Z,824062,2026-09-07T18:10:00Z,Kansas City Royals,Arizona Diamondbacks,Production consensus,spreads,Kansas City Royals,1.5,-185,1.54
2026-09-07T16:30:28.040132Z,824062,2026-09-07T18:10:00Z,Kansas City Royals,Arizona Diamondbacks,Production consensus,totals,Over,9.0,-119,1.84
2026-09-07T16:30:28.040132Z,824062,2026-09-07T18:10:00Z,Kansas City Royals,Arizona Diamondbacks,Production consensus,totals,Under,9.0,100,2.0
2026-09-07T16:30:28.040132Z,824229,2026-09-07T19:10:00Z,Detroit Tigers,Minnesota Twins,Production consensus,h2h,Detroit Tigers,,-120,1.83
2026-09-07T16:30:28.040132Z,824229,2026-09-07T19:10:00Z,Detroit Tigers,Minnesota Twins,Production consensus,h2h,Minnesota Twins,,102,2.02
2026-09-07T16:30:28.040132Z,824229,2026-09-07T19:10:00Z,Detroit Tigers,Minnesota Twins,Production consensus,spreads,Detroit Tigers,1.5,-204,1.49
2026-09-07T16:30:28.040132Z,824229,2026-09-07T19:10:00Z,Detroit Tigers,Minnesota Twins,Production consensus,spreads,Minnesota Twins,-1.5,168,2.68
2026-09-07T16:30:28.040132Z,824229,2026-09-07T19:10:00Z,Detroit Tigers,Minnesota Twins,Production consensus,totals,Over,7.5,-118,1.85
2026-09-07T16:30:28.040132Z,824229,2026-09-07T19:10:00Z,Detroit Tigers,Minnesota Twins,Production consensus,totals,Under,7.5,-104,1.96
2026-09-07T16:30:28.040132Z,823254,2026-09-07T21:10:00Z,San Diego Padres,Washington Nationals,Production consensus,h2h,San Diego Padres,,-196,1.51
2026-09-07T16:30:28.040132Z,823254,2026-09-07T21:10:00Z,San Diego Padres,Washington Nationals,Production consensus,h2h,Washington Nationals,,166,2.66
2026-09-07T16:30:28.040132Z,823254,2026-09-07T21:10:00Z,San Diego Padres,Washington Nationals,Production consensus,spreads,San Diego Padres,-1.5,106,2.06
2026-09-07T16:30:28.040132Z,823254,2026-09-07T21:10:00Z,San Diego Padres,Washington Nationals,Production consensus,spreads,Washington Nationals,1.5,-125,1.8
2026-09-07T16:30:28.040132Z,823254,2026-09-07T21:10:00Z,San Diego Padres,Washington Nationals,Production consensus,totals,Over,8.0,-110,1.91
2026-09-07T16:30:28.040132Z,823254,2026-09-07T21:10:00Z,San Diego Padres,Washington Nationals,Production consensus,totals,Under,8.0,-110,1.91
2026-09-07T16:30:28.040132Z,823175,2026-09-08T00:10:00Z,San Francisco Giants,St. Louis Cardinals,Production consensus,h2h,San Francisco Giants,,-130,1.77
2026-09-07T16:30:28.040132Z,823175,2026-09-08T00:10:00Z,San Francisco Giants,St. Louis Cardinals,Production consensus,h2h,St. Louis Cardinals,,110,2.1
2026-09-07T16:30:28.040132Z,823175,2026-09-08T00:10:00Z,San Francisco Giants,St. Louis Cardinals,Production consensus,spreads,San Francisco Giants,-1.5,162,2.62
2026-09-07T16:30:28.040132Z,823175,2026-09-08T00:10:00Z,San Francisco Giants,St. Louis Cardinals,Production consensus,spreads,St. Louis Cardinals,1.5,-189,1.53
2026-09-07T16:30:28.040132Z,823175,2026-09-08T00:10:00Z,San Francisco Giants,St. Louis Cardinals,Production consensus,totals,Over,7.5,-116,1.86
2026-09-07T16:30:28.040132Z,823175,2026-09-08T00:10:00Z,San Francisco Giants,St. Louis Cardinals,Production consensus,totals,Under,7.5,-103,1.97
2026-09-07T20:36:58.765632Z,823254,2026-09-07T21:10:00Z,San Diego Padres,Washington Nationals,Production consensus,h2h,San Diego Padres,,-196,1.51
2026-09-07T20:36:58.765632Z,823254,2026-09-07T21:10:00Z,San Diego Padres,Washington Nationals,Production consensus,h2h,Washington Nationals,,166,2.66
2026-09-07T20:36:58.765632Z,823254,2026-09-07T21:10:00Z,San Diego Padres,Washington Nationals,Production consensus,spreads,San Diego Padres,-1.5,105,2.05
2026-09-07T20:36:58.765632Z,823254,2026-09-07T21:10:00Z,San Diego Padres,Washington Nationals,Production consensus,spreads,Washington Nationals,1.5,-130,1.77
2026-09-07T20:36:58.765632Z,823254,2026-09-07T21:10:00Z,San Diego Padres,Washington Nationals,Production consensus,totals,Over,8.0,-114,1.88
2026-09-07T20:36:58.765632Z,823254,2026-09-07T21:10:00Z,San Diego Padres,Washington Nationals,Production consensus,totals,Under,8.0,-105,1.95
2026-09-07T20:36:58.765632Z,823175,2026-09-08T00:10:00Z,San Francisco Giants,St. Louis Cardinals,Production consensus,h2h,San Francisco Giants,,-128,1.78
2026-09-07T20:36:58.765632Z,823175,2026-09-08T00:10:00Z,San Francisco Giants,St. Louis Cardinals,Production consensus,h2h,St. Louis Cardinals,,110,2.1
2026-09-07T20:36:58.765632Z,823175,2026-09-08T00:10:00Z,San Francisco Giants,St. Louis Cardinals,Production consensus,spreads,San Francisco Giants,-1.5,161,2.61
2026-09-07T20:36:58.765632Z,823175,2026-09-08T00:10:00Z,San Francisco Giants,St. Louis Cardinals,Production consensus,spreads,St. Louis Cardinals,1.5,-192,1.52
2026-09-07T20:36:58.765632Z,823175,2026-09-08T00:10:00Z,San Francisco Giants,St. Louis Cardinals,Production consensus,totals,Over,7.5,-118,1.85
2026-09-07T20:36:58.765632Z,823175,2026-09-08T00:10:00Z,San Francisco Giants,St. Louis Cardinals,Production consensus,totals,Under,7.5,-102,1.98
2026-09-07T20:36:58.765632Z,823902,2026-09-08T01:10:00Z,Los Angeles Dodgers,Cincinnati Reds,Production consensus,h2h,Cincinnati Reds,,152,2.52
2026-09-07T20:36:58.765632Z,823902,2026-09-08T01:10:00Z,Los Angeles Dodgers,Cincinnati Reds,Production consensus,h2h,Los Angeles Dodgers,,-179,1.56
2026-09-07T20:36:58.765632Z,823902,2026-09-08T01:10:00Z,Los Angeles Dodgers,Cincinnati Reds,Production consensus,spreads,Cincinnati Reds,1.5,-141,1.71
2026-09-07T20:36:58.765632Z,823902,2026-09-08T01:10:00Z,Los Angeles Dodgers,Cincinnati Reds,Production consensus,spreads,Los Angeles Dodgers,-1.5,119,2.19
2026-09-07T20:36:58.765632Z,823902,2026-09-08T01:10:00Z,Los Angeles Dodgers,Cincinnati Reds,Production consensus,totals,Over,8.5,-105,1.95
2026-09-07T20:36:58.765632Z,823902,2026-09-08T01:10:00Z,Los Angeles Dodgers,Cincinnati Reds,Production consensus,totals,Under,8.5,-115,1.87
2026-09-07T20:36:58.765632Z,824958,2026-09-08T02:05:00Z,Athletics,Toronto Blue Jays,Production consensus,h2h,Athletics,,170,2.7
2026-09-07T20:36:58.765632Z,824958,2026-09-08T02:05:00Z,Athletics,Toronto Blue Jays,Production consensus,h2h,Toronto Blue Jays,,-200,1.5
2026-09-07T20:36:58.765632Z,824958,2026-09-08T02:05:00Z,Athletics,Toronto Blue Jays,Production consensus,spreads,Athletics,1.5,104,2.04
2026-09-07T20:36:58.765632Z,824958,2026-09-08T02:05:00Z,Athletics,Toronto Blue Jays,Production consensus,spreads,Toronto Blue Jays,-1.5,-125,1.8
2026-09-07T20:36:58.765632Z,824958,2026-09-08T02:05:00Z,Athletics,Toronto Blue Jays,Production consensus,totals,Over,8.5,-105,1.95
2026-09-07T20:36:58.765632Z,824958,2026-09-08T02:05:00Z,Athletics,Toronto Blue Jays,Production consensus,totals,Under,8.5,-115,1.87
2026-09-07T23:32:41.485288Z,823175,2026-09-08T00:10:00Z,San Francisco Giants,St. Louis Cardinals,Production consensus,h2h,San Francisco Giants,,-128,1.78
2026-09-07T23:32:41.485288Z,823175,2026-09-08T00:10:00Z,San Francisco Giants,St. Louis Cardinals,Production consensus,h2h,St. Louis Cardinals,,109,2.09
2026-09-07T23:32:41.485288Z,823175,2026-09-08T00:10:00Z,San Francisco Giants,St. Louis Cardinals,Production consensus,spreads,San Francisco Giants,-1.5,161,2.61
2026-09-07T23:32:41.485288Z,823175,2026-09-08T00:10:00Z,San Francisco Giants,St. Louis Cardinals,Production consensus,spreads,St. Louis Cardinals,1.5,-192,1.52
2026-09-07T23:32:41.485288Z,823175,2026-09-08T00:10:00Z,San Francisco Giants,St. Louis Cardinals,Production consensus,totals,Over,8.0,-110,1.91
2026-09-07T23:32:41.485288Z,823175,2026-09-08T00:10:00Z,San Francisco Giants,St. Louis Cardinals,Production consensus,totals,Under,8.0,-112,1.89
2026-09-07T23:32:41.485288Z,823902,2026-09-08T01:10:00Z,Los Angeles Dodgers,Cincinnati Reds,Production consensus,h2h,Cincinnati Reds,,152,2.52
2026-09-07T23:32:41.485288Z,823902,2026-09-08T01:10:00Z,Los Angeles Dodgers,Cincinnati Reds,Production consensus,h2h,Los Angeles Dodgers,,-185,1.54
2026-09-07T23:32:41.485288Z,823902,2026-09-08T01:10:00Z,Los Angeles Dodgers,Cincinnati Reds,Production consensus,spreads,Cincinnati Reds,1.5,-143,1.7
2026-09-07T23:32:41.485288Z,823902,2026-09-08T01:10:00Z,Los Angeles Dodgers,Cincinnati Reds,Production consensus,spreads,Los Angeles Dodgers,-1.5,120,2.2
2026-09-07T23:32:41.485288Z,823902,2026-09-08T01:10:00Z,Los Angeles Dodgers,Cincinnati Reds,Production consensus,totals,Over,8.5,-104,1.96
2026-09-07T23:32:41.485288Z,823902,2026-09-08T01:10:00Z,Los Angeles Dodgers,Cincinnati Reds,Production consensus,totals,Under,8.5,-115,1.87
2026-09-07T23:32:41.485288Z,824958,2026-09-08T02:05:00Z,Athletics,Toronto Blue Jays,Production consensus,h2h,Athletics,,168,2.68
2026-09-07T23:32:41.485288Z,824958,2026-09-08T02:05:00Z,Athletics,Toronto Blue Jays,Production consensus,h2h,Toronto Blue Jays,,-200,1.5
2026-09-07T23:32:41.485288Z,824958,2026-09-08T02:05:00Z,Athletics,Toronto Blue Jays,Production consensus,spreads,Athletics,1.5,105,2.05
2026-09-07T23:32:41.485288Z,824958,2026-09-08T02:05:00Z,Athletics,Toronto Blue Jays,Production consensus,spreads,Toronto Blue Jays,-1.5,-125,1.8
2026-09-07T23:32:41.485288Z,824958,2026-09-08T02:05:00Z,Athletics,Toronto Blue Jays,Production consensus,totals,Over,8.5,-105,1.95
2026-09-07T23:32:41.485288Z,824958,2026-09-08T02:05:00Z,Athletics,Toronto Blue Jays,Production consensus,totals,Under,8.5,-115,1.87
2026-09-08T14:35:56.447154Z,824792,2026-09-08T22:35:00Z,Baltimore Orioles,Cleveland Guardians,Production consensus,h2h,Baltimore Orioles,,-122,1.82
2026-09-08T14:35:56.447154Z,824792,2026-09-08T22:35:00Z,Baltimore Orioles,Cleveland Guardians,Production consensus,h2h,Cleveland Guardians,,104,2.04
2026-09-08T14:35:56.447154Z,824792,2026-09-08T22:35:00Z,Baltimore Orioles,Cleveland Guardians,Production consensus,spreads,Baltimore Orioles,-1.5,168,2.68
2026-09-08T14:35:56.447154Z,824792,2026-09-08T22:35:00Z,Baltimore Orioles,Cleveland Guardians,Production consensus,spreads,Cleveland Guardians,1.5,-200,1.5
2026-09-08T14:35:56.447154Z,824792,2026-09-08T22:35:00Z,Baltimore Orioles,Cleveland Guardians,Production consensus,totals,Over,8.5,-103,1.97
2026-09-08T14:35:56.447154Z,824792,2026-09-08T22:35:00Z,Baltimore Orioles,Cleveland Guardians,Production consensus,totals,Under,8.5,-118,1.85
2026-09-08T18:44:12.975263Z,824792,2026-09-08T22:35:00Z,Baltimore Orioles,Cleveland Guardians,Production consensus,h2h,Baltimore Orioles,,-118,1.85
2026-09-08T18:44:12.975263Z,824792,2026-09-08T22:35:00Z,Baltimore Orioles,Cleveland Guardians,Production consensus,h2h,Cleveland Guardians,,100,2.0
2026-09-08T18:44:12.975263Z,824792,2026-09-08T22:35:00Z,Baltimore Orioles,Cleveland Guardians,Production consensus,spreads,Baltimore Orioles,-1.5,170,2.7
2026-09-08T18:44:12.975263Z,824792,2026-09-08T22:35:00Z,Baltimore Orioles,Cleveland Guardians,Production consensus,spreads,Cleveland Guardians,1.5,-200,1.5
2026-09-08T18:44:12.975263Z,824792,2026-09-08T22:35:00Z,Baltimore Orioles,Cleveland Guardians,Production consensus,totals,Over,8.0,-115,1.87
2026-09-08T18:44:12.975263Z,824792,2026-09-08T22:35:00Z,Baltimore Orioles,Cleveland Guardians,Production consensus,totals,Under,8.0,-105,1.95
2026-09-08T18:44:12.975263Z,823414,2026-09-08T22:40:00Z,Philadelphia Phillies,Houston Astros,Production consensus,h2h,Houston Astros,,120,2.2
2026-09-08T18:44:12.975263Z,823414,2026-09-08T22:40:00Z,Philadelphia Phillies,Houston Astros,Production consensus,h2h,Philadelphia Phillies,,-143,1.7
2026-09-08T18:44:12.975263Z,823414,2026-09-08T22:40:00Z,Philadelphia Phillies,Houston Astros,Production consensus,spreads,Houston Astros,1.5,-169,1.59
2026-09-08T18:44:12.975263Z,823414,2026-09-08T22:40:00Z,Philadelphia Phillies,Houston Astros,Production consensus,spreads,Philadelphia Phillies,-1.5,144,2.44
2026-09-08T18:44:12.975263Z,823414,2026-09-08T22:40:00Z,Philadelphia Phillies,Houston Astros,Production consensus,totals,Over,8.5,-118,1.85
2026-09-08T18:44:12.975263Z,823414,2026-09-08T22:40:00Z,Philadelphia Phillies,Houston Astros,Production consensus,totals,Under,8.5,-102,1.98
2026-09-08T18:44:12.975263Z,823821,2026-09-08T22:40:00Z,Miami Marlins,New York Mets,Production consensus,h2h,Miami Marlins,,-123,1.81
2026-09-08T18:44:12.975263Z,823821,2026-09-08T22:40:00Z,Miami Marlins,New York Mets,Production consensus,h2h,New York Mets,,106,2.06
2026-09-08T18:44:12.975263Z,823821,2026-09-08T22:40:00Z,Miami Marlins,New York Mets,Production consensus,spreads,Miami Marlins,-1.5,165,2.65
2026-09-08T18:44:12.975263Z,823821,2026-09-08T22:40:00Z,Miami Marlins,New York Mets,Production consensus,spreads,New York Mets,1.5,-196,1.51
2026-09-08T18:44:12.975263Z,823821,2026-09-08T22:40:00Z,Miami Marlins,New York Mets,Production consensus,totals,Over,8.0,-115,1.87
2026-09-08T18:44:12.975263Z,823821,2026-09-08T22:40:00Z,Miami Marlins,New York Mets,Production consensus,totals,Under,8.0,-105,1.95
2026-09-08T18:44:12.975263Z,824228,2026-09-08T22:40:00Z,Detroit Tigers,Minnesota Twins,Production consensus,h2h,Detroit Tigers,,-133,1.75
2026-09-08T18:44:12.975263Z,824228,2026-09-08T22:40:00Z,Detroit Tigers,Minnesota Twins,Production consensus,h2h,Minnesota Twins,,114,2.14
2026-09-08T18:44:12.975263Z,824228,2026-09-08T22:40:00Z,Detroit Tigers,Minnesota Twins,Production consensus,spreads,Detroit Tigers,-1.5,152,2.52
2026-09-08T18:44:12.975263Z,824228,2026-09-08T22:40:00Z,Detroit Tigers,Minnesota Twins,Production consensus,spreads,Minnesota Twins,1.5,-185,1.54
2026-09-08T18:44:12.975263Z,824228,2026-09-08T22:40:00Z,Detroit Tigers,Minnesota Twins,Production consensus,totals,Over,8.5,-102,1.98
2026-09-08T18:44:12.975263Z,824228,2026-09-08T22:40:00Z,Detroit Tigers,Minnesota Twins,Production consensus,totals,Under,8.5,-115,1.87
2026-09-08T18:44:12.975263Z,824714,2026-09-08T22:45:00Z,Boston Red Sox,Los Angeles Angels,Production consensus,h2h,Boston Red Sox,,-145,1.69
2026-09-08T18:44:12.975263Z,824714,2026-09-08T22:45:00Z,Boston Red Sox,Los Angeles Angels,Production consensus,h2h,Los Angeles Angels,,123,2.23
2026-09-08T18:44:12.975263Z,824714,2026-09-08T22:45:00Z,Boston Red Sox,Los Angeles Angels,Production consensus,spreads,Boston Red Sox,-1.5,148,2.48
2026-09-08T18:44:12.975263Z,824714,2026-09-08T22:45:00Z,Boston Red Sox,Los Angeles Angels,Production consensus,spreads,Los Angeles Angels,1.5,-175,1.57
2026-09-08T18:44:12.975263Z,824714,2026-09-08T22:45:00Z,Boston Red Sox,Los Angeles Angels,Production consensus,totals,Over,7.5,-114,1.88
2026-09-08T18:44:12.975263Z,824714,2026-09-08T22:45:00Z,Boston Red Sox,Los Angeles Angels,Production consensus,totals,Under,7.5,-108,1.93
2026-09-08T18:44:12.975263Z,823500,2026-09-08T23:05:00Z,New York Yankees,Colorado Rockies,Production consensus,h2h,Colorado Rockies,,267,3.67
2026-09-08T18:44:12.975263Z,823500,2026-09-08T23:05:00Z,New York Yankees,Colorado Rockies,Production consensus,h2h,New York Yankees,,-333,1.3
2026-09-08T18:44:12.975263Z,823500,2026-09-08T23:05:00Z,New York Yankees,Colorado Rockies,Production consensus,spreads,Colorado Rockies,1.5,128,2.28
2026-09-08T18:44:12.975263Z,823500,2026-09-08T23:05:00Z,New York Yankees,Colorado Rockies,Production consensus,spreads,New York Yankees,-1.5,-147,1.68
2026-09-08T18:44:12.975263Z,823500,2026-09-08T23:05:00Z,New York Yankees,Colorado Rockies,Production consensus,totals,Over,8.0,100,2.0
2026-09-08T18:44:12.975263Z,823500,2026-09-08T23:05:00Z,New York Yankees,Colorado Rockies,Production consensus,totals,Under,8.0,-120,1.83
2026-09-08T18:44:12.975263Z,824875,2026-09-08T23:15:00Z,Atlanta Braves,Tampa Bay Rays,Production consensus,h2h,Atlanta Braves,,-115,1.87
2026-09-08T18:44:12.975263Z,824875,2026-09-08T23:15:00Z,Atlanta Braves,Tampa Bay Rays,Production consensus,h2h,Tampa Bay Rays,,-102,1.98
2026-09-08T18:44:12.975263Z,824875,2026-09-08T23:15:00Z,Atlanta Braves,Tampa Bay Rays,Production consensus,spreads,Atlanta Braves,1.5,-189,1.53
2026-09-08T18:44:12.975263Z,824875,2026-09-08T23:15:00Z,Atlanta Braves,Tampa Bay Rays,Production consensus,spreads,Tampa Bay Rays,-1.5,156,2.56
2026-09-08T18:44:12.975263Z,824875,2026-09-08T23:15:00Z,Atlanta Braves,Tampa Bay Rays,Production consensus,totals,Over,8.5,-115,1.87
2026-09-08T18:44:12.975263Z,824875,2026-09-08T23:15:00Z,Atlanta Braves,Tampa Bay Rays,Production consensus,totals,Under,8.5,-105,1.95
2026-09-08T18:44:12.975263Z,823738,2026-09-08T23:40:00Z,Milwaukee Brewers,Chicago Cubs,Production consensus,h2h,Chicago Cubs,,178,2.78
2026-09-08T18:44:12.975263Z,823738,2026-09-08T23:40:00Z,Milwaukee Brewers,Chicago Cubs,Production consensus,h2h,Milwaukee Brewers,,-213,1.47
2026-09-08T18:44:12.975263Z,823738,2026-09-08T23:40:00Z,Milwaukee Brewers,Chicago Cubs,Production consensus,spreads,Chicago Cubs,1.5,-120,1.83
2026-09-08T18:44:12.975263Z,823738,2026-09-08T23:40:00Z,Milwaukee Brewers,Chicago Cubs,Production consensus,spreads,Milwaukee Brewers,-1.5,102,2.02
2026-09-08T18:44:12.975263Z,823738,2026-09-08T23:40:00Z,Milwaukee Brewers,Chicago Cubs,Production consensus,totals,Over,7.0,-122,1.82
2026-09-08T18:44:12.975263Z,823738,2026-09-08T23:40:00Z,Milwaukee Brewers,Chicago Cubs,Production consensus,totals,Under,7.0,100,2.0
2026-09-08T18:44:12.975263Z,824063,2026-09-08T23:40:00Z,Kansas City Royals,Arizona Diamondbacks,Production consensus,h2h,Arizona Diamondbacks,,-120,1.83
2026-09-08T18:44:12.975263Z,824063,2026-09-08T23:40:00Z,Kansas City Royals,Arizona Diamondbacks,Production consensus,h2h,Kansas City Royals,,-101,1.99
2026-09-08T18:44:12.975263Z,824063,2026-09-08T23:40:00Z,Kansas City Royals,Arizona Diamondbacks,Production consensus,spreads,Arizona Diamondbacks,-1.5,135,2.35
2026-09-08T18:44:12.975263Z,824063,2026-09-08T23:40:00Z,Kansas City Royals,Arizona Diamondbacks,Production consensus,spreads,Kansas City Royals,1.5,-164,1.61
2026-09-08T18:44:12.975263Z,824063,2026-09-08T23:40:00Z,Kansas City Royals,Arizona Diamondbacks,Production consensus,totals,Over,9.0,-118,1.85
2026-09-08T18:44:12.975263Z,824063,2026-09-08T23:40:00Z,Kansas City Royals,Arizona Diamondbacks,Production consensus,totals,Under,9.0,-103,1.97
2026-09-08T18:44:12.975263Z,824551,2026-09-08T23:40:00Z,Chicago White Sox,Pittsburgh Pirates,Production consensus,h2h,Chicago White Sox,,-145,1.69
2026-09-08T18:44:12.975263Z,824551,2026-09-08T23:40:00Z,Chicago White Sox,Pittsburgh Pirates,Production consensus,h2h,Pittsburgh Pirates,,122,2.22
2026-09-08T18:44:12.975263Z,824551,2026-09-08T23:40:00Z,Chicago White Sox,Pittsburgh Pirates,Production consensus,spreads,Chicago White Sox,-1.5,146,2.46
2026-09-08T18:44:12.975263Z,824551,2026-09-08T23:40:00Z,Chicago White Sox,Pittsburgh Pirates,Production consensus,spreads,Pittsburgh Pirates,1.5,-175,1.57
2026-09-08T18:44:12.975263Z,824551,2026-09-08T23:40:00Z,Chicago White Sox,Pittsburgh Pirates,Production consensus,totals,Over,8.5,-105,1.95
2026-09-08T18:44:12.975263Z,824551,2026-09-08T23:40:00Z,Chicago White Sox,Pittsburgh Pirates,Production consensus,totals,Under,8.5,-114,1.88
2026-09-08T18:44:12.975263Z,823092,2026-09-09T01:40:00Z,Seattle Mariners,Texas Rangers,Production consensus,h2h,Seattle Mariners,,-139,1.72
2026-09-08T18:44:12.975263Z,823092,2026-09-09T01:40:00Z,Seattle Mariners,Texas Rangers,Production consensus,h2h,Texas Rangers,,115,2.15
2026-09-08T18:44:12.975263Z,823092,2026-09-09T01:40:00Z,Seattle Mariners,Texas Rangers,Production consensus,spreads,Seattle Mariners,-1.5,151,2.51
2026-09-08T18:44:12.975263Z,823092,2026-09-09T01:40:00Z,Seattle Mariners,Texas Rangers,Production consensus,spreads,Texas Rangers,1.5,-185,1.54
2026-09-08T18:44:12.975263Z,823092,2026-09-09T01:40:00Z,Seattle Mariners,Texas Rangers,Production consensus,totals,Over,8.0,-110,1.91
2026-09-08T18:44:12.975263Z,823092,2026-09-09T01:40:00Z,Seattle Mariners,Texas Rangers,Production consensus,totals,Under,8.0,-110,1.91
2026-09-08T18:44:12.975263Z,823250,2026-09-09T01:40:00Z,San Diego Padres,Washington Nationals,Production consensus,h2h,San Diego Padres,,-185,1.54
2026-09-08T18:44:12.975263Z,823250,2026-09-09T01:40:00Z,San Diego Padres,Washington Nationals,Production consensus,h2h,Washington Nationals,,157,2.57
2026-09-08T18:44:12.975263Z,823250,2026-09-09T01:40:00Z,San Diego Padres,Washington Nationals,Production consensus,spreads,San Diego Padres,-1.5,118,2.18
2026-09-08T18:44:12.975263Z,823250,2026-09-09T01:40:00Z,San Diego Padres,Washington Nationals,Production consensus,spreads,Washington Nationals,1.5,-141,1.71
2026-09-08T18:44:12.975263Z,823250,2026-09-09T01:40:00Z,San Diego Padres,Washington Nationals,Production consensus,totals,Over,8.0,-105,1.95
2026-09-08T18:44:12.975263Z,823250,2026-09-09T01:40:00Z,San Diego Padres,Washington Nationals,Production consensus,totals,Under,8.0,-115,1.87
2026-09-08T18:44:12.975263Z,824957,2026-09-09T01:40:00Z,Athletics,Toronto Blue Jays,Production consensus,h2h,Athletics,,153,2.53
2026-09-08T18:44:12.975263Z,824957,2026-09-09T01:40:00Z,Athletics,Toronto Blue Jays,Production consensus,h2h,Toronto Blue Jays,,-182,1.55
2026-09-08T18:44:12.975263Z,824957,2026-09-09T01:40:00Z,Athletics,Toronto Blue Jays,Production consensus,spreads,Athletics,1.5,-105,1.95
2026-09-08T18:44:12.975263Z,824957,2026-09-09T01:40:00Z,Athletics,Toronto Blue Jays,Production consensus,spreads,Toronto Blue Jays,-1.5,-115,1.87
2026-09-08T18:44:12.975263Z,824957,2026-09-09T01:40:00Z,Athletics,Toronto Blue Jays,Production consensus,totals,Over,9.5,-102,1.98
2026-09-08T18:44:12.975263Z,824957,2026-09-09T01:40:00Z,Athletics,Toronto Blue Jays,Production consensus,totals,Under,9.5,-118,1.85
2026-09-08T18:44:12.975263Z,823174,2026-09-09T01:45:00Z,San Francisco Giants,St. Louis Cardinals,Production consensus,h2h,San Francisco Giants,,-108,1.93
2026-09-08T18:44:12.975263Z,823174,2026-09-09T01:45:00Z,San Francisco Giants,St. Louis Cardinals,Production consensus,h2h,St. Louis Cardinals,,-109,1.92
2026-09-08T18:44:12.975263Z,823174,2026-09-09T01:45:00Z,San Francisco Giants,St. Louis Cardinals,Production consensus,spreads,San Francisco Giants,1.5,-182,1.55
2026-09-08T18:44:12.975263Z,823174,2026-09-09T01:45:00Z,San Francisco Giants,St. Louis Cardinals,Production consensus,spreads,St. Louis Cardinals,-1.5,155,2.55
2026-09-08T18:44:12.975263Z,823174,2026-09-09T01:45:00Z,San Francisco Giants,St. Louis Cardinals,Production consensus,totals,Over,7.5,-116,1.86
2026-09-08T18:44:12.975263Z,823174,2026-09-09T01:45:00Z,San Francisco Giants,St. Louis Cardinals,Production consensus,totals,Under,7.5,-104,1.96
2026-09-08T18:44:12.975263Z,823901,2026-09-09T02:10:00Z,Los Angeles Dodgers,Cincinnati Reds,Production consensus,h2h,Cincinnati Reds,,259,3.59
2026-09-08T18:44:12.975263Z,823901,2026-09-09T02:10:00Z,Los Angeles Dodgers,Cincinnati Reds,Production consensus,h2h,Los Angeles Dodgers,,-312,1.32
2026-09-08T18:44:12.975263Z,823901,2026-09-09T02:10:00Z,Los Angeles Dodgers,Cincinnati Reds,Production consensus,spreads,Cincinnati Reds,1.5,120,2.2
2026-09-08T18:44:12.975263Z,823901,2026-09-09T02:10:00Z,Los Angeles Dodgers,Cincinnati Reds,Production consensus,spreads,Los Angeles Dodgers,-1.5,-141,1.71
2026-09-08T18:44:12.975263Z,823901,2026-09-09T02:10:00Z,Los Angeles Dodgers,Cincinnati Reds,Production consensus,totals,Over,8.0,-111,1.9
2026-09-08T18:44:12.975263Z,823901,2026-09-09T02:10:00Z,Los Angeles Dodgers,Cincinnati Reds,Production consensus,totals,Under,8.0,-109,1.92
2026-09-08T21:54:00.553960Z,824792,2026-09-08T22:35:00Z,Baltimore Orioles,Cleveland Guardians,Production consensus,h2h,Baltimore Orioles,,-118,1.85
2026-09-08T21:54:00.553960Z,824792,2026-09-08T22:35:00Z,Baltimore Orioles,Cleveland Guardians,Production consensus,h2h,Cleveland Guardians,,100,2.0
2026-09-08T21:54:00.553960Z,824792,2026-09-08T22:35:00Z,Baltimore Orioles,Cleveland Guardians,Production consensus,spreads,Baltimore Orioles,1.5,-196,1.51
2026-09-08T21:54:00.553960Z,824792,2026-09-08T22:35:00Z,Baltimore Orioles,Cleveland Guardians,Production consensus,spreads,Cleveland Guardians,-1.5,162,2.62
2026-09-08T21:54:00.553960Z,824792,2026-09-08T22:35:00Z,Baltimore Orioles,Cleveland Guardians,Production consensus,totals,Over,8.0,-102,1.98
2026-09-08T21:54:00.553960Z,824792,2026-09-08T22:35:00Z,Baltimore Orioles,Cleveland Guardians,Production consensus,totals,Under,8.0,-118,1.85
2026-09-08T21:54:00.553960Z,823414,2026-09-08T22:40:00Z,Philadelphia Phillies,Houston Astros,Production consensus,h2h,Houston Astros,,116,2.16
2026-09-08T21:54:00.553960Z,823414,2026-09-08T22:40:00Z,Philadelphia Phillies,Houston Astros,Production consensus,h2h,Philadelphia Phillies,,-139,1.72
2026-09-08T21:54:00.553960Z,823414,2026-09-08T22:40:00Z,Philadelphia Phillies,Houston Astros,Production consensus,spreads,Houston Astros,1.5,-172,1.58
2026-09-08T21:54:00.553960Z,823414,2026-09-08T22:40:00Z,Philadelphia Phillies,Houston Astros,Production consensus,spreads,Philadelphia Phillies,-1.5,144,2.44
2026-09-08T21:54:00.553960Z,823414,2026-09-08T22:40:00Z,Philadelphia Phillies,Houston Astros,Production consensus,totals,Over,8.5,-119,1.84
2026-09-08T21:54:00.553960Z,823414,2026-09-08T22:40:00Z,Philadelphia Phillies,Houston Astros,Production consensus,totals,Under,8.5,-102,1.98
2026-09-08T21:54:00.553960Z,823821,2026-09-08T22:40:00Z,Miami Marlins,New York Mets,Production consensus,h2h,Miami Marlins,,-115,1.87
2026-09-08T21:54:00.553960Z,823821,2026-09-08T22:40:00Z,Miami Marlins,New York Mets,Production consensus,h2h,New York Mets,,-103,1.97
2026-09-08T21:54:00.553960Z,823821,2026-09-08T22:40:00Z,Miami Marlins,New York Mets,Production consensus,spreads,Miami Marlins,1.5,-185,1.54
2026-09-08T21:54:00.553960Z,823821,2026-09-08T22:40:00Z,Miami Marlins,New York Mets,Production consensus,spreads,New York Mets,-1.5,150,2.5
2026-09-08T21:54:00.553960Z,823821,2026-09-08T22:40:00Z,Miami Marlins,New York Mets,Production consensus,totals,Over,8.0,-115,1.87
2026-09-08T21:54:00.553960Z,823821,2026-09-08T22:40:00Z,Miami Marlins,New York Mets,Production consensus,totals,Under,8.0,-105,1.95
2026-09-08T21:54:00.553960Z,824228,2026-09-08T22:40:00Z,Detroit Tigers,Minnesota Twins,Production consensus,h2h,Detroit Tigers,,-132,1.76
2026-09-08T21:54:00.553960Z,824228,2026-09-08T22:40:00Z,Detroit Tigers,Minnesota Twins,Production consensus,h2h,Minnesota Twins,,113,2.13
2026-09-08T21:54:00.553960Z,824228,2026-09-08T22:40:00Z,Detroit Tigers,Minnesota Twins,Production consensus,spreads,Detroit Tigers,-1.5,157,2.57
2026-09-08T21:54:00.553960Z,824228,2026-09-08T22:40:00Z,Detroit Tigers,Minnesota Twins,Production consensus,spreads,Minnesota Twins,1.5,-185,1.54
2026-09-08T21:54:00.553960Z,824228,2026-09-08T22:40:00Z,Detroit Tigers,Minnesota Twins,Production consensus,totals,Over,8.5,-108,1.93
2026-09-08T21:54:00.553960Z,824228,2026-09-08T22:40:00Z,Detroit Tigers,Minnesota Twins,Production consensus,totals,Under,8.5,-112,1.89
2026-09-08T21:54:00.553960Z,824714,2026-09-08T22:45:00Z,Boston Red Sox,Los Angeles Angels,Production consensus,h2h,Boston Red Sox,,-145,1.69
2026-09-08T21:54:00.553960Z,824714,2026-09-08T22:45:00Z,Boston Red Sox,Los Angeles Angels,Production consensus,h2h,Los Angeles Angels,,124,2.24
2026-09-08T21:54:00.553960Z,824714,2026-09-08T22:45:00Z,Boston Red Sox,Los Angeles Angels,Production consensus,spreads,Boston Red Sox,-1.5,148,2.48
2026-09-08T21:54:00.553960Z,824714,2026-09-08T22:45:00Z,Boston Red Sox,Los Angeles Angels,Production consensus,spreads,Los Angeles Angels,1.5,-175,1.57
2026-09-08T21:54:00.553960Z,824714,2026-09-08T22:45:00Z,Boston Red Sox,Los Angeles Angels,Production consensus,totals,Over,7.5,-110,1.91
2026-09-08T21:54:00.553960Z,824714,2026-09-08T22:45:00Z,Boston Red Sox,Los Angeles Angels,Production consensus,totals,Under,7.5,-110,1.91
2026-09-08T21:54:00.553960Z,823500,2026-09-08T23:05:00Z,New York Yankees,Colorado Rockies,Production consensus,h2h,Colorado Rockies,,278,3.78
2026-09-08T21:54:00.553960Z,823500,2026-09-08T23:05:00Z,New York Yankees,Colorado Rockies,Production consensus,h2h,New York Yankees,,-345,1.29
2026-09-08T21:54:00.553960Z,823500,2026-09-08T23:05:00Z,New York Yankees,Colorado Rockies,Production consensus,spreads,Colorado Rockies,1.5,126,2.26
2026-09-08T21:54:00.553960Z,823500,2026-09-08T23:05:00Z,New York Yankees,Colorado Rockies,Production consensus,spreads,New York Yankees,-1.5,-149,1.67
2026-09-08T21:54:00.553960Z,823500,2026-09-08T23:05:00Z,New York Yankees,Colorado Rockies,Production consensus,totals,Over,7.5,-115,1.87
2026-09-08T21:54:00.553960Z,823500,2026-09-08T23:05:00Z,New York Yankees,Colorado Rockies,Production consensus,totals,Under,7.5,-105,1.95
2026-09-08T21:54:00.553960Z,824875,2026-09-08T23:15:00Z,Atlanta Braves,Tampa Bay Rays,Production consensus,h2h,Atlanta Braves,,-116,1.86
2026-09-08T21:54:00.553960Z,824875,2026-09-08T23:15:00Z,Atlanta Braves,Tampa Bay Rays,Production consensus,h2h,Tampa Bay Rays,,-102,1.98
2026-09-08T21:54:00.553960Z,824875,2026-09-08T23:15:00Z,Atlanta Braves,Tampa Bay Rays,Production consensus,spreads,Atlanta Braves,1.5,-192,1.52
2026-09-08T21:54:00.553960Z,824875,2026-09-08T23:15:00Z,Atlanta Braves,Tampa Bay Rays,Production consensus,spreads,Tampa Bay Rays,-1.5,156,2.56
2026-09-08T21:54:00.553960Z,824875,2026-09-08T23:15:00Z,Atlanta Braves,Tampa Bay Rays,Production consensus,totals,Over,8.5,-115,1.87
2026-09-08T21:54:00.553960Z,824875,2026-09-08T23:15:00Z,Atlanta Braves,Tampa Bay Rays,Production consensus,totals,Under,8.5,-105,1.95
2026-09-08T21:54:00.553960Z,823738,2026-09-08T23:40:00Z,Milwaukee Brewers,Chicago Cubs,Production consensus,h2h,Chicago Cubs,,176,2.76
2026-09-08T21:54:00.553960Z,823738,2026-09-08T23:40:00Z,Milwaukee Brewers,Chicago Cubs,Production consensus,h2h,Milwaukee Brewers,,-204,1.49
2026-09-08T21:54:00.553960Z,823738,2026-09-08T23:40:00Z,Milwaukee Brewers,Chicago Cubs,Production consensus,spreads,Chicago Cubs,1.5,-120,1.83
2026-09-08T21:54:00.553960Z,823738,2026-09-08T23:40:00Z,Milwaukee Brewers,Chicago Cubs,Production consensus,spreads,Milwaukee Brewers,-1.5,100,2.0
2026-09-08T21:54:00.553960Z,823738,2026-09-08T23:40:00Z,Milwaukee Brewers,Chicago Cubs,Production consensus,totals,Over,7.5,5000,51.0
2026-09-08T21:54:00.553960Z,823738,2026-09-08T23:40:00Z,Milwaukee Brewers,Chicago Cubs,Production consensus,totals,Under,7.5,-120,1.83
2026-09-08T21:54:00.553960Z,824063,2026-09-08T23:40:00Z,Kansas City Royals,Arizona Diamondbacks,Production consensus,h2h,Arizona Diamondbacks,,-114,1.88
2026-09-08T21:54:00.553960Z,824063,2026-09-08T23:40:00Z,Kansas City Royals,Arizona Diamondbacks,Production consensus,h2h,Kansas City Royals,,-106,1.94
2026-09-08T21:54:00.553960Z,824063,2026-09-08T23:40:00Z,Kansas City Royals,Arizona Diamondbacks,Production consensus,spreads,Arizona Diamondbacks,-1.5,134,2.34
2026-09-08T21:54:00.553960Z,824063,2026-09-08T23:40:00Z,Kansas City Royals,Arizona Diamondbacks,Production consensus,spreads,Kansas City Royals,1.5,-164,1.61
2026-09-08T21:54:00.553960Z,824063,2026-09-08T23:40:00Z,Kansas City Royals,Arizona Diamondbacks,Production consensus,totals,Over,9.5,102,2.02
2026-09-08T21:54:00.553960Z,824063,2026-09-08T23:40:00Z,Kansas City Royals,Arizona Diamondbacks,Production consensus,totals,Under,9.5,-122,1.82
2026-09-08T21:54:00.553960Z,824551,2026-09-08T23:40:00Z,Chicago White Sox,Pittsburgh Pirates,Production consensus,h2h,Chicago White Sox,,-145,1.69
2026-09-08T21:54:00.553960Z,824551,2026-09-08T23:40:00Z,Chicago White Sox,Pittsburgh Pirates,Production consensus,h2h,Pittsburgh Pirates,,122,2.22
2026-09-08T21:54:00.553960Z,824551,2026-09-08T23:40:00Z,Chicago White Sox,Pittsburgh Pirates,Production consensus,spreads,Chicago White Sox,-1.5,146,2.46
2026-09-08T21:54:00.553960Z,824551,2026-09-08T23:40:00Z,Chicago White Sox,Pittsburgh Pirates,Production consensus,spreads,Pittsburgh Pirates,1.5,-172,1.58
2026-09-08T21:54:00.553960Z,824551,2026-09-08T23:40:00Z,Chicago White Sox,Pittsburgh Pirates,Production consensus,totals,Over,8.5,-105,1.95
2026-09-08T21:54:00.553960Z,824551,2026-09-08T23:40:00Z,Chicago White Sox,Pittsburgh Pirates,Production consensus,totals,Under,8.5,-114,1.88
2026-09-08T21:54:00.553960Z,823092,2026-09-09T01:40:00Z,Seattle Mariners,Texas Rangers,Production consensus,h2h,Seattle Mariners,,-133,1.75
2026-09-08T21:54:00.553960Z,823092,2026-09-09T01:40:00Z,Seattle Mariners,Texas Rangers,Production consensus,h2h,Texas Rangers,,111,2.11
2026-09-08T21:54:00.553960Z,823092,2026-09-09T01:40:00Z,Seattle Mariners,Texas Rangers,Production consensus,spreads,Seattle Mariners,-1.5,159,2.59
2026-09-08T21:54:00.553960Z,823092,2026-09-09T01:40:00Z,Seattle Mariners,Texas Rangers,Production consensus,spreads,Texas Rangers,1.5,-189,1.53
2026-09-08T21:54:00.553960Z,823092,2026-09-09T01:40:00Z,Seattle Mariners,Texas Rangers,Production consensus,totals,Over,8.0,-106,1.94
2026-09-08T21:54:00.553960Z,823092,2026-09-09T01:40:00Z,Seattle Mariners,Texas Rangers,Production consensus,totals,Under,8.0,-114,1.88
2026-09-08T21:54:00.553960Z,823250,2026-09-09T01:40:00Z,San Diego Padres,Washington Nationals,Production consensus,h2h,San Diego Padres,,-185,1.54
2026-09-08T21:54:00.553960Z,823250,2026-09-09T01:40:00Z,San Diego Padres,Washington Nationals,Production consensus,h2h,Washington Nationals,,158,2.58
2026-09-08T21:54:00.553960Z,823250,2026-09-09T01:40:00Z,San Diego Padres,Washington Nationals,Production consensus,spreads,San Diego Padres,-1.5,118,2.18
2026-09-08T21:54:00.553960Z,823250,2026-09-09T01:40:00Z,San Diego Padres,Washington Nationals,Production consensus,spreads,Washington Nationals,1.5,-141,1.71
2026-09-08T21:54:00.553960Z,823250,2026-09-09T01:40:00Z,San Diego Padres,Washington Nationals,Production consensus,totals,Over,8.0,-106,1.94
2026-09-08T21:54:00.553960Z,823250,2026-09-09T01:40:00Z,San Diego Padres,Washington Nationals,Production consensus,totals,Under,8.0,-114,1.88
2026-09-08T21:54:00.553960Z,824957,2026-09-09T01:40:00Z,Athletics,Toronto Blue Jays,Production consensus,h2h,Athletics,,154,2.54
2026-09-08T21:54:00.553960Z,824957,2026-09-09T01:40:00Z,Athletics,Toronto Blue Jays,Production consensus,h2h,Toronto Blue Jays,,-185,1.54
2026-09-08T21:54:00.553960Z,824957,2026-09-09T01:40:00Z,Athletics,Toronto Blue Jays,Production consensus,spreads,Athletics,1.5,-105,1.95
2026-09-08T21:54:00.553960Z,824957,2026-09-09T01:40:00Z,Athletics,Toronto Blue Jays,Production consensus,spreads,Toronto Blue Jays,-1.5,-115,1.87
2026-09-08T21:54:00.553960Z,824957,2026-09-09T01:40:00Z,Athletics,Toronto Blue Jays,Production consensus,totals,Over,9.0,-118,1.85
2026-09-08T21:54:00.553960Z,824957,2026-09-09T01:40:00Z,Athletics,Toronto Blue Jays,Production consensus,totals,Under,9.0,-102,1.98
2026-09-08T21:54:00.553960Z,823174,2026-09-09T01:45:00Z,San Francisco Giants,St. Louis Cardinals,Production consensus,h2h,San Francisco Giants,,-108,1.93
2026-09-08T21:54:00.553960Z,823174,2026-09-09T01:45:00Z,San Francisco Giants,St. Louis Cardinals,Production consensus,h2h,St. Louis Cardinals,,-109,1.92
2026-09-08T21:54:00.553960Z,823174,2026-09-09T01:45:00Z,San Francisco Giants,St. Louis Cardinals,Production consensus,spreads,San Francisco Giants,1.5,-182,1.55
2026-09-08T21:54:00.553960Z,823174,2026-09-09T01:45:00Z,San Francisco Giants,St. Louis Cardinals,Production consensus,spreads,St. Louis Cardinals,-1.5,155,2.55
2026-09-08T21:54:00.553960Z,823174,2026-09-09T01:45:00Z,San Francisco Giants,St. Louis Cardinals,Production consensus,totals,Over,7.5,-118,1.85
2026-09-08T21:54:00.553960Z,823174,2026-09-09T01:45:00Z,San Francisco Giants,St. Louis Cardinals,Production consensus,totals,Under,7.5,-102,1.98
2026-09-08T21:54:00.553960Z,823901,2026-09-09T02:10:00Z,Los Angeles Dodgers,Cincinnati Reds,Production consensus,h2h,Cincinnati Reds,,258,3.58
2026-09-08T21:54:00.553960Z,823901,2026-09-09T02:10:00Z,Los Angeles Dodgers,Cincinnati Reds,Production consensus,h2h,Los Angeles Dodgers,,-312,1.32
2026-09-08T21:54:00.553960Z,823901,2026-09-09T02:10:00Z,Los Angeles Dodgers,Cincinnati Reds,Production consensus,spreads,Cincinnati Reds,1.5,125,2.25
2026-09-08T21:54:00.553960Z,823901,2026-09-09T02:10:00Z,Los Angeles Dodgers,Cincinnati Reds,Production consensus,spreads,Los Angeles Dodgers,-1.5,-145,1.69
2026-09-08T21:54:00.553960Z,823901,2026-09-09T02:10:00Z,Los Angeles Dodgers,Cincinnati Reds,Production consensus,totals,Over,8.0,-110,1.91
2026-09-08T21:54:00.553960Z,823901,2026-09-09T02:10:00Z,Los Angeles Dodgers,Cincinnati Reds,Production consensus,totals,Under,8.0,-110,1.91
2026-09-09T00:18:26.354797Z,823092,2026-09-09T01:40:00Z,Seattle Mariners,Texas Rangers,Production consensus,h2h,Seattle Mariners,,-123,1.81
2026-09-09T00:18:26.354797Z,823092,2026-09-09T01:40:00Z,Seattle Mariners,Texas Rangers,Production consensus,h2h,Texas Rangers,,106,2.06
2026-09-09T00:18:26.354797Z,823092,2026-09-09T01:40:00Z,Seattle Mariners,Texas Rangers,Production consensus,spreads,Seattle Mariners,-1.5,165,2.65
2026-09-09T00:18:26.354797Z,823092,2026-09-09T01:40:00Z,Seattle Mariners,Texas Rangers,Production consensus,spreads,Texas Rangers,1.5,-196,1.51
2026-09-09T00:18:26.354797Z,823092,2026-09-09T01:40:00Z,Seattle Mariners,Texas Rangers,Production consensus,totals,Over,7.5,-110,1.91
2026-09-09T00:18:26.354797Z,823092,2026-09-09T01:40:00Z,Seattle Mariners,Texas Rangers,Production consensus,totals,Under,7.5,-110,1.91
2026-09-09T00:18:26.354797Z,823250,2026-09-09T01:40:00Z,San Diego Padres,Washington Nationals,Production consensus,h2h,San Diego Padres,,-189,1.53
2026-09-09T00:18:26.354797Z,823250,2026-09-09T01:40:00Z,San Diego Padres,Washington Nationals,Production consensus,h2h,Washington Nationals,,160,2.6
2026-09-09T00:18:26.354797Z,823250,2026-09-09T01:40:00Z,San Diego Padres,Washington Nationals,Production consensus,spreads,San Diego Padres,-1.5,114,2.14
2026-09-09T00:18:26.354797Z,823250,2026-09-09T01:40:00Z,San Diego Padres,Washington Nationals,Production consensus,spreads,Washington Nationals,1.5,-137,1.73
2026-09-09T00:18:26.354797Z,823250,2026-09-09T01:40:00Z,San Diego Padres,Washington Nationals,Production consensus,totals,Over,8.0,-114,1.88
2026-09-09T00:18:26.354797Z,823250,2026-09-09T01:40:00Z,San Diego Padres,Washington Nationals,Production consensus,totals,Under,8.0,-105,1.95
2026-09-09T00:18:26.354797Z,824957,2026-09-09T01:40:00Z,Athletics,Toronto Blue Jays,Production consensus,h2h,Athletics,,150,2.5
2026-09-09T00:18:26.354797Z,824957,2026-09-09T01:40:00Z,Athletics,Toronto Blue Jays,Production consensus,h2h,Toronto Blue Jays,,-179,1.56
2026-09-09T00:18:26.354797Z,824957,2026-09-09T01:40:00Z,Athletics,Toronto Blue Jays,Production consensus,spreads,Athletics,1.5,-108,1.93
2026-09-09T00:18:26.354797Z,824957,2026-09-09T01:40:00Z,Athletics,Toronto Blue Jays,Production consensus,spreads,Toronto Blue Jays,-1.5,-110,1.91
2026-09-09T00:18:26.354797Z,824957,2026-09-09T01:40:00Z,Athletics,Toronto Blue Jays,Production consensus,totals,Over,9.0,-118,1.85
2026-09-09T00:18:26.354797Z,824957,2026-09-09T01:40:00Z,Athletics,Toronto Blue Jays,Production consensus,totals,Under,9.0,100,2.0
2026-09-09T00:18:26.354797Z,823174,2026-09-09T01:45:00Z,San Francisco Giants,St. Louis Cardinals,Production consensus,h2h,San Francisco Giants,,-108,1.93
2026-09-09T00:18:26.354797Z,823174,2026-09-09T01:45:00Z,San Francisco Giants,St. Louis Cardinals,Production consensus,h2h,St. Louis Cardinals,,-110,1.91
2026-09-09T00:18:26.354797Z,823174,2026-09-09T01:45:00Z,San Francisco Giants,St. Louis Cardinals,Production consensus,spreads,San Francisco Giants,1.5,-179,1.56
2026-09-09T00:18:26.354797Z,823174,2026-09-09T01:45:00Z,San Francisco Giants,St. Louis Cardinals,Production consensus,spreads,St. Louis Cardinals,-1.5,152,2.52
2026-09-09T00:18:26.354797Z,823174,2026-09-09T01:45:00Z,San Francisco Giants,St. Louis Cardinals,Production consensus,totals,Over,7.5,-118,1.85
2026-09-09T00:18:26.354797Z,823174,2026-09-09T01:45:00Z,San Francisco Giants,St. Louis Cardinals,Production consensus,totals,Under,7.5,-102,1.98
2026-09-09T00:18:26.354797Z,823901,2026-09-09T02:10:00Z,Los Angeles Dodgers,Cincinnati Reds,Production consensus,h2h,Cincinnati Reds,,250,3.5
2026-09-09T00:18:26.354797Z,823901,2026-09-09T02:10:00Z,Los Angeles Dodgers,Cincinnati Reds,Production consensus,h2h,Los Angeles Dodgers,,-312,1.32
2026-09-09T00:18:26.354797Z,823901,2026-09-09T02:10:00Z,Los Angeles Dodgers,Cincinnati Reds,Production consensus,spreads,Cincinnati Reds,1.5,119,2.19
2026-09-09T00:18:26.354797Z,823901,2026-09-09T02:10:00Z,Los Angeles Dodgers,Cincinnati Reds,Production consensus,spreads,Los Angeles Dodgers,-1.5,-141,1.71
2026-09-09T00:18:26.354797Z,823901,2026-09-09T02:10:00Z,Los Angeles Dodgers,Cincinnati Reds,Production consensus,totals,Over,8.0,-105,1.95
2026-09-09T00:18:26.354797Z,823901,2026-09-09T02:10:00Z,Los Angeles Dodgers,Cincinnati Reds,Production consensus,totals,Under,8.0,-115,1.87
2026-09-09T11:28:42.991416Z,824226,2026-09-09T17:10:00Z,Detroit Tigers,Minnesota Twins,Production consensus,h2h,Detroit Tigers,,-132,1.76
2026-09-09T11:28:42.991416Z,824226,2026-09-09T17:10:00Z,Detroit Tigers,Minnesota Twins,Production consensus,h2h,Minnesota Twins,,112,2.12
2026-09-09T11:28:42.991416Z,824226,2026-09-09T17:10:00Z,Detroit Tigers,Minnesota Twins,Production consensus,spreads,Detroit Tigers,-1.5,158,2.58
2026-09-09T11:28:42.991416Z,824226,2026-09-09T17:10:00Z,Detroit Tigers,Minnesota Twins,Production consensus,spreads,Minnesota Twins,1.5,-189,1.53
2026-09-09T11:28:42.991416Z,824226,2026-09-09T17:10:00Z,Detroit Tigers,Minnesota Twins,Production consensus,totals,Over,8.5,-115,1.87
2026-09-09T11:28:42.991416Z,824226,2026-09-09T17:10:00Z,Detroit Tigers,Minnesota Twins,Production consensus,totals,Under,8.5,-105,1.95
2026-09-09T11:28:42.991416Z,824956,2026-09-09T19:05:00Z,Athletics,Toronto Blue Jays,Production consensus,h2h,Athletics,,154,2.54
2026-09-09T11:28:42.991416Z,824956,2026-09-09T19:05:00Z,Athletics,Toronto Blue Jays,Production consensus,h2h,Toronto Blue Jays,,-189,1.53
2026-09-09T11:28:42.991416Z,824956,2026-09-09T19:05:00Z,Athletics,Toronto Blue Jays,Production consensus,spreads,Athletics,1.5,-106,1.94
2026-09-09T11:28:42.991416Z,824956,2026-09-09T19:05:00Z,Athletics,Toronto Blue Jays,Production consensus,spreads,Toronto Blue Jays,-1.5,-115,1.87
2026-09-09T11:28:42.991416Z,824956,2026-09-09T19:05:00Z,Athletics,Toronto Blue Jays,Production consensus,totals,Over,9.5,108,2.08
2026-09-09T11:28:42.991416Z,824956,2026-09-09T19:05:00Z,Athletics,Toronto Blue Jays,Production consensus,totals,Under,9.5,-132,1.76
2026-09-09T16:42:09.585857Z,824226,2026-09-09T17:10:00Z,Detroit Tigers,Minnesota Twins,Production consensus,h2h,Detroit Tigers,,-127,1.79
2026-09-09T16:42:09.585857Z,824226,2026-09-09T17:10:00Z,Detroit Tigers,Minnesota Twins,Production consensus,h2h,Minnesota Twins,,107,2.07
2026-09-09T16:42:09.585857Z,824226,2026-09-09T17:10:00Z,Detroit Tigers,Minnesota Twins,Production consensus,spreads,Detroit Tigers,-1.5,164,2.64
2026-09-09T16:42:09.585857Z,824226,2026-09-09T17:10:00Z,Detroit Tigers,Minnesota Twins,Production consensus,spreads,Minnesota Twins,1.5,-192,1.52
2026-09-09T16:42:09.585857Z,824226,2026-09-09T17:10:00Z,Detroit Tigers,Minnesota Twins,Production consensus,totals,Over,8.5,-110,1.91
2026-09-09T16:42:09.585857Z,824226,2026-09-09T17:10:00Z,Detroit Tigers,Minnesota Twins,Production consensus,totals,Under,8.5,-110,1.91
2026-09-09T16:42:09.585857Z,824956,2026-09-09T19:05:00Z,Athletics,Toronto Blue Jays,Production consensus,h2h,Athletics,,145,2.45
2026-09-09T16:42:09.585857Z,824956,2026-09-09T19:05:00Z,Athletics,Toronto Blue Jays,Production consensus,h2h,Toronto Blue Jays,,-172,1.58
2026-09-09T16:42:09.585857Z,824956,2026-09-09T19:05:00Z,Athletics,Toronto Blue Jays,Production consensus,spreads,Athletics,1.5,-110,1.91
2026-09-09T16:42:09.585857Z,824956,2026-09-09T19:05:00Z,Athletics,Toronto Blue Jays,Production consensus,spreads,Toronto Blue Jays,-1.5,-110,1.91
2026-09-09T16:42:09.585857Z,824956,2026-09-09T19:05:00Z,Athletics,Toronto Blue Jays,Production consensus,totals,Over,9.5,-103,1.97
2026-09-09T16:42:09.585857Z,824956,2026-09-09T19:05:00Z,Athletics,Toronto Blue Jays,Production consensus,totals,Under,9.5,-116,1.86
2026-09-09T16:42:09.585857Z,823172,2026-09-09T19:45:00Z,San Francisco Giants,St. Louis Cardinals,Production consensus,h2h,San Francisco Giants,,-104,1.96
2026-09-09T16:42:09.585857Z,823172,2026-09-09T19:45:00Z,San Francisco Giants,St. Louis Cardinals,Production consensus,h2h,St. Louis Cardinals,,-114,1.88
2026-09-09T16:42:09.585857Z,823172,2026-09-09T19:45:00Z,San Francisco Giants,St. Louis Cardinals,Production consensus,spreads,San Francisco Giants,1.5,-169,1.59
2026-09-09T16:42:09.585857Z,823172,2026-09-09T19:45:00Z,San Francisco Giants,St. Louis Cardinals,Production consensus,spreads,St. Louis Cardinals,-1.5,144,2.44
2026-09-09T16:42:09.585857Z,823172,2026-09-09T19:45:00Z,San Francisco Giants,St. Louis Cardinals,Production consensus,totals,Over,8.5,-110,1.91
2026-09-09T16:42:09.585857Z,823172,2026-09-09T19:45:00Z,San Francisco Giants,St. Louis Cardinals,Production consensus,totals,Under,8.5,-110,1.91
2026-09-09T16:42:09.585857Z,823090,2026-09-09T20:10:00Z,Seattle Mariners,Texas Rangers,Production consensus,h2h,Seattle Mariners,,-154,1.65
2026-09-09T16:42:09.585857Z,823090,2026-09-09T20:10:00Z,Seattle Mariners,Texas Rangers,Production consensus,h2h,Texas Rangers,,128,2.28
2026-09-09T16:42:09.585857Z,823090,2026-09-09T20:10:00Z,Seattle Mariners,Texas Rangers,Production consensus,spreads,Seattle Mariners,-1.5,138,2.38
2026-09-09T16:42:09.585857Z,823090,2026-09-09T20:10:00Z,Seattle Mariners,Texas Rangers,Production consensus,spreads,Texas Rangers,1.5,-161,1.62
2026-09-09T16:42:09.585857Z,823090,2026-09-09T20:10:00Z,Seattle Mariners,Texas Rangers,Production consensus,totals,Over,7.5,-122,1.82
2026-09-09T16:42:09.585857Z,823090,2026-09-09T20:10:00Z,Seattle Mariners,Texas Rangers,Production consensus,totals,Under,7.5,102,2.02
2026-09-09T16:42:09.585857Z,823251,2026-09-09T20:10:00Z,San Diego Padres,Washington Nationals,Production consensus,h2h,San Diego Padres,,-179,1.56
2026-09-09T16:42:09.585857Z,823251,2026-09-09T20:10:00Z,San Diego Padres,Washington Nationals,Production consensus,h2h,Washington Nationals,,151,2.51
2026-09-09T16:42:09.585857Z,823251,2026-09-09T20:10:00Z,San Diego Padres,Washington Nationals,Production consensus,spreads,San Diego Padres,-1.5,119,2.19
2026-09-09T16:42:09.585857Z,823251,2026-09-09T20:10:00Z,San Diego Padres,Washington Nationals,Production consensus,spreads,Washington Nationals,1.5,-143,1.7
2026-09-09T16:42:09.585857Z,823251,2026-09-09T20:10:00Z,San Diego Padres,Washington Nationals,Production consensus,totals,Over,8.5,10000,101.0
2026-09-09T16:42:09.585857Z,823251,2026-09-09T20:10:00Z,San Diego Padres,Washington Nationals,Production consensus,totals,Under,8.5,-120,1.83
2026-09-09T16:42:09.585857Z,824791,2026-09-09T22:35:00Z,Baltimore Orioles,Cleveland Guardians,Production consensus,h2h,Baltimore Orioles,,-102,1.98
2026-09-09T16:42:09.585857Z,824791,2026-09-09T22:35:00Z,Baltimore Orioles,Cleveland Guardians,Production consensus,h2h,Cleveland Guardians,,-115,1.87
2026-09-09T16:42:09.585857Z,824791,2026-09-09T22:35:00Z,Baltimore Orioles,Cleveland Guardians,Production consensus,spreads,Baltimore Orioles,1.5,-175,1.57
2026-09-09T16:42:09.585857Z,824791,2026-09-09T22:35:00Z,Baltimore Orioles,Cleveland Guardians,Production consensus,spreads,Cleveland Guardians,-1.5,145,2.45
2026-09-09T16:42:09.585857Z,824791,2026-09-09T22:35:00Z,Baltimore Orioles,Cleveland Guardians,Production consensus,totals,Over,8.5,-120,1.83
2026-09-09T16:42:09.585857Z,824791,2026-09-09T22:35:00Z,Baltimore Orioles,Cleveland Guardians,Production consensus,totals,Under,8.5,100,2.0
2026-09-09T16:42:09.585857Z,823416,2026-09-09T22:40:00Z,Philadelphia Phillies,Houston Astros,Production consensus,h2h,Houston Astros,,130,2.3
2026-09-09T16:42:09.585857Z,823416,2026-09-09T22:40:00Z,Philadelphia Phillies,Houston Astros,Production consensus,h2h,Philadelphia Phillies,,-154,1.65
2026-09-09T16:42:09.585857Z,823416,2026-09-09T22:40:00Z,Philadelphia Phillies,Houston Astros,Production consensus,spreads,Houston Astros,1.5,-161,1.62
2026-09-09T16:42:09.585857Z,823416,2026-09-09T22:40:00Z,Philadelphia Phillies,Houston Astros,Production consensus,spreads,Philadelphia Phillies,-1.5,138,2.38
2026-09-09T16:42:09.585857Z,823416,2026-09-09T22:40:00Z,Philadelphia Phillies,Houston Astros,Production consensus,totals,Over,8.0,-114,1.88
2026-09-09T16:42:09.585857Z,823416,2026-09-09T22:40:00Z,Philadelphia Phillies,Houston Astros,Production consensus,totals,Under,8.0,-106,1.94
2026-09-09T16:42:09.585857Z,823818,2026-09-09T22:40:00Z,Miami Marlins,New York Mets,Production consensus,h2h,Miami Marlins,,-123,1.81
2026-09-09T16:42:09.585857Z,823818,2026-09-09T22:40:00Z,Miami Marlins,New York Mets,Production consensus,h2h,New York Mets,,106,2.06
2026-09-09T16:42:09.585857Z,823818,2026-09-09T22:40:00Z,Miami Marlins,New York Mets,Production consensus,spreads,Miami Marlins,-1.5,162,2.62
2026-09-09T16:42:09.585857Z,823818,2026-09-09T22:40:00Z,Miami Marlins,New York Mets,Production consensus,spreads,New York Mets,1.5,-192,1.52
2026-09-09T16:42:09.585857Z,823818,2026-09-09T22:40:00Z,Miami Marlins,New York Mets,Production consensus,totals,Over,8.5,-122,1.82
2026-09-09T16:42:09.585857Z,823818,2026-09-09T22:40:00Z,Miami Marlins,New York Mets,Production consensus,totals,Under,8.5,100,2.0
2026-09-09T16:42:09.585857Z,824713,2026-09-09T22:45:00Z,Boston Red Sox,Los Angeles Angels,Production consensus,h2h,Boston Red Sox,,-213,1.47
2026-09-09T16:42:09.585857Z,824713,2026-09-09T22:45:00Z,Boston Red Sox,Los Angeles Angels,Production consensus,h2h,Los Angeles Angels,,178,2.78
2026-09-09T16:42:09.585857Z,824713,2026-09-09T22:45:00Z,Boston Red Sox,Los Angeles Angels,Production consensus,spreads,Boston Red Sox,-1.5,-108,1.93
2026-09-09T16:42:09.585857Z,824713,2026-09-09T22:45:00Z,Boston Red Sox,Los Angeles Angels,Production consensus,spreads,Los Angeles Angels,1.5,-112,1.89
2026-09-09T16:42:09.585857Z,824713,2026-09-09T22:45:00Z,Boston Red Sox,Los Angeles Angels,Production consensus,totals,Over,9.0,-120,1.83
2026-09-09T16:42:09.585857Z,824713,2026-09-09T22:45:00Z,Boston Red Sox,Los Angeles Angels,Production consensus,totals,Under,9.0,100,2.0
2026-09-09T16:42:09.585857Z,823497,2026-09-09T23:05:00Z,New York Yankees,Colorado Rockies,Production consensus,h2h,Colorado Rockies,,202,3.02
2026-09-09T16:42:09.585857Z,823497,2026-09-09T23:05:00Z,New York Yankees,Colorado Rockies,Production consensus,h2h,New York Yankees,,-244,1.41
2026-09-09T16:42:09.585857Z,823497,2026-09-09T23:05:00Z,New York Yankees,Colorado Rockies,Production consensus,spreads,Colorado Rockies,1.5,-102,1.98
2026-09-09T16:42:09.585857Z,823497,2026-09-09T23:05:00Z,New York Yankees,Colorado Rockies,Production consensus,spreads,New York Yankees,-1.5,-116,1.86
2026-09-09T16:42:09.585857Z,823497,2026-09-09T23:05:00Z,New York Yankees,Colorado Rockies,Production consensus,totals,Over,9.0,-115,1.87
2026-09-09T16:42:09.585857Z,823497,2026-09-09T23:05:00Z,New York Yankees,Colorado Rockies,Production consensus,totals,Under,9.0,-103,1.97
2026-09-09T16:42:09.585857Z,824871,2026-09-09T23:15:00Z,Atlanta Braves,Tampa Bay Rays,Production consensus,h2h,Atlanta Braves,,-123,1.81
2026-09-09T16:42:09.585857Z,824871,2026-09-09T23:15:00Z,Atlanta Braves,Tampa Bay Rays,Production consensus,h2h,Tampa Bay Rays,,106,2.06
2026-09-09T16:42:09.585857Z,824871,2026-09-09T23:15:00Z,Atlanta Braves,Tampa Bay Rays,Production consensus,spreads,Atlanta Braves,-1.5,165,2.65
2026-09-09T16:42:09.585857Z,824871,2026-09-09T23:15:00Z,Atlanta Braves,Tampa Bay Rays,Production consensus,spreads,Tampa Bay Rays,1.5,-200,1.5
2026-09-09T16:42:09.585857Z,824871,2026-09-09T23:15:00Z,Atlanta Braves,Tampa Bay Rays,Production consensus,totals,Over,8.5,102,2.02
2026-09-09T16:42:09.585857Z,824871,2026-09-09T23:15:00Z,Atlanta Braves,Tampa Bay Rays,Production consensus,totals,Under,8.5,-123,1.81
2026-09-09T16:42:09.585857Z,823739,2026-09-09T23:40:00Z,Milwaukee Brewers,Chicago Cubs,Production consensus,h2h,Chicago Cubs,,112,2.12
2026-09-09T16:42:09.585857Z,823739,2026-09-09T23:40:00Z,Milwaukee Brewers,Chicago Cubs,Production consensus,h2h,Milwaukee Brewers,,-132,1.76
2026-09-09T16:42:09.585857Z,823739,2026-09-09T23:40:00Z,Milwaukee Brewers,Chicago Cubs,Production consensus,spreads,Chicago Cubs,1.5,-189,1.53
2026-09-09T16:42:09.585857Z,823739,2026-09-09T23:40:00Z,Milwaukee Brewers,Chicago Cubs,Production consensus,spreads,Milwaukee Brewers,-1.5,160,2.6
2026-09-09T16:42:09.585857Z,823739,2026-09-09T23:40:00Z,Milwaukee Brewers,Chicago Cubs,Production consensus,totals,Over,7.5,-110,1.91
2026-09-09T16:42:09.585857Z,823739,2026-09-09T23:40:00Z,Milwaukee Brewers,Chicago Cubs,Production consensus,totals,Under,7.5,-110,1.91
2026-09-09T16:42:09.585857Z,824064,2026-09-09T23:40:00Z,Kansas City Royals,Arizona Diamondbacks,Production consensus,h2h,Arizona Diamondbacks,,-119,1.84
2026-09-09T16:42:09.585857Z,824064,2026-09-09T23:40:00Z,Kansas City Royals,Arizona Diamondbacks,Production consensus,h2h,Kansas City Royals,,100,2.0
2026-09-09T16:42:09.585857Z,824064,2026-09-09T23:40:00Z,Kansas City Royals,Arizona Diamondbacks,Production consensus,spreads,Arizona Diamondbacks,-1.5,138,2.38
2026-09-09T16:42:09.585857Z,824064,2026-09-09T23:40:00Z,Kansas City Royals,Arizona Diamondbacks,Production consensus,spreads,Kansas City Royals,1.5,-164,1.61
2026-09-09T16:42:09.585857Z,824064,2026-09-09T23:40:00Z,Kansas City Royals,Arizona Diamondbacks,Production consensus,totals,Over,8.5,-120,1.83
2026-09-09T16:42:09.585857Z,824064,2026-09-09T23:40:00Z,Kansas City Royals,Arizona Diamondbacks,Production consensus,totals,Under,8.5,100,2.0
2026-09-09T16:42:09.585857Z,824549,2026-09-09T23:40:00Z,Chicago White Sox,Pittsburgh Pirates,Production consensus,h2h,Chicago White Sox,,-135,1.74
2026-09-09T16:42:09.585857Z,824549,2026-09-09T23:40:00Z,Chicago White Sox,Pittsburgh Pirates,Production consensus,h2h,Pittsburgh Pirates,,116,2.16
2026-09-09T16:42:09.585857Z,824549,2026-09-09T23:40:00Z,Chicago White Sox,Pittsburgh Pirates,Production consensus,spreads,Chicago White Sox,-1.5,148,2.48
2026-09-09T16:42:09.585857Z,824549,2026-09-09T23:40:00Z,Chicago White Sox,Pittsburgh Pirates,Production consensus,spreads,Pittsburgh Pirates,1.5,-179,1.56
2026-09-09T16:42:09.585857Z,824549,2026-09-09T23:40:00Z,Chicago White Sox,Pittsburgh Pirates,Production consensus,totals,Over,8.5,-120,1.83
2026-09-09T16:42:09.585857Z,824549,2026-09-09T23:40:00Z,Chicago White Sox,Pittsburgh Pirates,Production consensus,totals,Under,8.5,100,2.0
2026-09-09T19:48:26.924738Z,823090,2026-09-09T20:10:00Z,Seattle Mariners,Texas Rangers,Production consensus,h2h,Seattle Mariners,,-147,1.68
2026-09-09T19:48:26.924738Z,823090,2026-09-09T20:10:00Z,Seattle Mariners,Texas Rangers,Production consensus,h2h,Texas Rangers,,128,2.28
2026-09-09T19:48:26.924738Z,823090,2026-09-09T20:10:00Z,Seattle Mariners,Texas Rangers,Production consensus,spreads,Seattle Mariners,-1.5,144,2.44
2026-09-09T19:48:26.924738Z,823090,2026-09-09T20:10:00Z,Seattle Mariners,Texas Rangers,Production consensus,spreads,Texas Rangers,1.5,-169,1.59
2026-09-09T19:48:26.924738Z,823090,2026-09-09T20:10:00Z,Seattle Mariners,Texas Rangers,Production consensus,totals,Over,8.0,-110,1.91
2026-09-09T19:48:26.924738Z,823090,2026-09-09T20:10:00Z,Seattle Mariners,Texas Rangers,Production consensus,totals,Under,8.0,-110,1.91
2026-09-09T19:48:26.924738Z,823251,2026-09-09T20:10:00Z,San Diego Padres,Washington Nationals,Production consensus,h2h,San Diego Padres,,-192,1.52
2026-09-09T19:48:26.924738Z,823251,2026-09-09T20:10:00Z,San Diego Padres,Washington Nationals,Production consensus,h2h,Washington Nationals,,162,2.62
2026-09-09T19:48:26.924738Z,823251,2026-09-09T20:10:00Z,San Diego Padres,Washington Nationals,Production consensus,spreads,San Diego Padres,-1.5,116,2.16
2026-09-09T19:48:26.924738Z,823251,2026-09-09T20:10:00Z,San Diego Padres,Washington Nationals,Production consensus,spreads,Washington Nationals,1.5,-141,1.71
2026-09-09T19:48:26.924738Z,823251,2026-09-09T20:10:00Z,San Diego Padres,Washington Nationals,Production consensus,totals,Over,8.5,-112,1.89
2026-09-09T19:48:26.924738Z,823251,2026-09-09T20:10:00Z,San Diego Padres,Washington Nationals,Production consensus,totals,Under,8.5,-108,1.93
2026-09-09T19:48:26.924738Z,824791,2026-09-09T22:35:00Z,Baltimore Orioles,Cleveland Guardians,Production consensus,h2h,Baltimore Orioles,,-102,1.98
2026-09-09T19:48:26.924738Z,824791,2026-09-09T22:35:00Z,Baltimore Orioles,Cleveland Guardians,Production consensus,h2h,Cleveland Guardians,,-116,1.86
2026-09-09T19:48:26.924738Z,824791,2026-09-09T22:35:00Z,Baltimore Orioles,Cleveland Guardians,Production consensus,spreads,Baltimore Orioles,1.5,-169,1.59
2026-09-09T19:48:26.924738Z,824791,2026-09-09T22:35:00Z,Baltimore Orioles,Cleveland Guardians,Production consensus,spreads,Cleveland Guardians,-1.5,144,2.44
2026-09-09T19:48:26.924738Z,824791,2026-09-09T22:35:00Z,Baltimore Orioles,Cleveland Guardians,Production consensus,totals,Over,8.5,-116,1.86
2026-09-09T19:48:26.924738Z,824791,2026-09-09T22:35:00Z,Baltimore Orioles,Cleveland Guardians,Production consensus,totals,Under,8.5,-103,1.97
2026-09-09T19:48:26.924738Z,823416,2026-09-09T22:40:00Z,Philadelphia Phillies,Houston Astros,Production consensus,h2h,Houston Astros,,130,2.3
2026-09-09T19:48:26.924738Z,823416,2026-09-09T22:40:00Z,Philadelphia Phillies,Houston Astros,Production consensus,h2h,Philadelphia Phillies,,-154,1.65
2026-09-09T19:48:26.924738Z,823416,2026-09-09T22:40:00Z,Philadelphia Phillies,Houston Astros,Production consensus,spreads,Houston Astros,1.5,-161,1.62
2026-09-09T19:48:26.924738Z,823416,2026-09-09T22:40:00Z,Philadelphia Phillies,Houston Astros,Production consensus,spreads,Philadelphia Phillies,-1.5,135,2.35
2026-09-09T19:48:26.924738Z,823416,2026-09-09T22:40:00Z,Philadelphia Phillies,Houston Astros,Production consensus,totals,Over,8.0,-114,1.88
2026-09-09T19:48:26.924738Z,823416,2026-09-09T22:40:00Z,Philadelphia Phillies,Houston Astros,Production consensus,totals,Under,8.0,-106,1.94
2026-09-09T19:48:26.924738Z,823818,2026-09-09T22:40:00Z,Miami Marlins,New York Mets,Production consensus,h2h,Miami Marlins,,-123,1.81
2026-09-09T19:48:26.924738Z,823818,2026-09-09T22:40:00Z,Miami Marlins,New York Mets,Production consensus,h2h,New York Mets,,106,2.06
2026-09-09T19:48:26.924738Z,823818,2026-09-09T22:40:00Z,Miami Marlins,New York Mets,Production consensus,spreads,Miami Marlins,-1.5,162,2.62
2026-09-09T19:48:26.924738Z,823818,2026-09-09T22:40:00Z,Miami Marlins,New York Mets,Production consensus,spreads,New York Mets,1.5,-192,1.52
2026-09-09T19:48:26.924738Z,823818,2026-09-09T22:40:00Z,Miami Marlins,New York Mets,Production consensus,totals,Over,8.5,-120,1.83
2026-09-09T19:48:26.924738Z,823818,2026-09-09T22:40:00Z,Miami Marlins,New York Mets,Production consensus,totals,Under,8.5,100,2.0
2026-09-09T19:48:26.924738Z,824713,2026-09-09T22:45:00Z,Boston Red Sox,Los Angeles Angels,Production consensus,h2h,Boston Red Sox,,-213,1.47
2026-09-09T19:48:26.924738Z,824713,2026-09-09T22:45:00Z,Boston Red Sox,Los Angeles Angels,Production consensus,h2h,Los Angeles Angels,,180,2.8
2026-09-09T19:48:26.924738Z,824713,2026-09-09T22:45:00Z,Boston Red Sox,Los Angeles Angels,Production consensus,spreads,Boston Red Sox,-1.5,-108,1.93
2026-09-09T19:48:26.924738Z,824713,2026-09-09T22:45:00Z,Boston Red Sox,Los Angeles Angels,Production consensus,spreads,Los Angeles Angels,1.5,-112,1.89
2026-09-09T19:48:26.924738Z,824713,2026-09-09T22:45:00Z,Boston Red Sox,Los Angeles Angels,Production consensus,totals,Over,9.0,-120,1.83
2026-09-09T19:48:26.924738Z,824713,2026-09-09T22:45:00Z,Boston Red Sox,Los Angeles Angels,Production consensus,totals,Under,9.0,100,2.0
2026-09-09T19:48:26.924738Z,823497,2026-09-09T23:05:00Z,New York Yankees,Colorado Rockies,Production consensus,h2h,Colorado Rockies,,206,3.06
2026-09-09T19:48:26.924738Z,823497,2026-09-09T23:05:00Z,New York Yankees,Colorado Rockies,Production consensus,h2h,New York Yankees,,-250,1.4
2026-09-09T19:48:26.924738Z,823497,2026-09-09T23:05:00Z,New York Yankees,Colorado Rockies,Production consensus,spreads,Colorado Rockies,1.5,-102,1.98
2026-09-09T19:48:26.924738Z,823497,2026-09-09T23:05:00Z,New York Yankees,Colorado Rockies,Production consensus,spreads,New York Yankees,-1.5,-118,1.85
2026-09-09T19:48:26.924738Z,823497,2026-09-09T23:05:00Z,New York Yankees,Colorado Rockies,Production consensus,totals,Over,9.0,-119,1.84
2026-09-09T19:48:26.924738Z,823497,2026-09-09T23:05:00Z,New York Yankees,Colorado Rockies,Production consensus,totals,Under,9.0,-101,1.99
2026-09-09T19:48:26.924738Z,824871,2026-09-09T23:15:00Z,Atlanta Braves,Tampa Bay Rays,Production consensus,h2h,Atlanta Braves,,-120,1.83
2026-09-09T19:48:26.924738Z,824871,2026-09-09T23:15:00Z,Atlanta Braves,Tampa Bay Rays,Production consensus,h2h,Tampa Bay Rays,,105,2.05
2026-09-09T19:48:26.924738Z,824871,2026-09-09T23:15:00Z,Atlanta Braves,Tampa Bay Rays,Production consensus,spreads,Atlanta Braves,-1.5,165,2.65
2026-09-09T19:48:26.924738Z,824871,2026-09-09T23:15:00Z,Atlanta Braves,Tampa Bay Rays,Production consensus,spreads,Tampa Bay Rays,1.5,-200,1.5
2026-09-09T19:48:26.924738Z,824871,2026-09-09T23:15:00Z,Atlanta Braves,Tampa Bay Rays,Production consensus,totals,Over,8.0,-115,1.87
2026-09-09T19:48:26.924738Z,824871,2026-09-09T23:15:00Z,Atlanta Braves,Tampa Bay Rays,Production consensus,totals,Under,8.0,-108,1.93
2026-09-09T19:48:26.924738Z,823739,2026-09-09T23:40:00Z,Milwaukee Brewers,Chicago Cubs,Production consensus,h2h,Chicago Cubs,,110,2.1
2026-09-09T19:48:26.924738Z,823739,2026-09-09T23:40:00Z,Milwaukee Brewers,Chicago Cubs,Production consensus,h2h,Milwaukee Brewers,,-130,1.77
2026-09-09T19:48:26.924738Z,823739,2026-09-09T23:40:00Z,Milwaukee Brewers,Chicago Cubs,Production consensus,spreads,Chicago Cubs,1.5,-196,1.51
2026-09-09T19:48:26.924738Z,823739,2026-09-09T23:40:00Z,Milwaukee Brewers,Chicago Cubs,Production consensus,spreads,Milwaukee Brewers,-1.5,164,2.64
2026-09-09T19:48:26.924738Z,823739,2026-09-09T23:40:00Z,Milwaukee Brewers,Chicago Cubs,Production consensus,totals,Over,7.5,-110,1.91
2026-09-09T19:48:26.924738Z,823739,2026-09-09T23:40:00Z,Milwaukee Brewers,Chicago Cubs,Production consensus,totals,Under,7.5,-110,1.91
2026-09-09T19:48:26.924738Z,824064,2026-09-09T23:40:00Z,Kansas City Royals,Arizona Diamondbacks,Production consensus,h2h,Arizona Diamondbacks,,-120,1.83
2026-09-09T19:48:26.924738Z,824064,2026-09-09T23:40:00Z,Kansas City Royals,Arizona Diamondbacks,Production consensus,h2h,Kansas City Royals,,100,2.0
2026-09-09T19:48:26.924738Z,824064,2026-09-09T23:40:00Z,Kansas City Royals,Arizona Diamondbacks,Production consensus,spreads,Arizona Diamondbacks,-1.5,137,2.37
2026-09-09T19:48:26.924738Z,824064,2026-09-09T23:40:00Z,Kansas City Royals,Arizona Diamondbacks,Production consensus,spreads,Kansas City Royals,1.5,-164,1.61
2026-09-09T19:48:26.924738Z,824064,2026-09-09T23:40:00Z,Kansas City Royals,Arizona Diamondbacks,Production consensus,totals,Over,8.5,-120,1.83
2026-09-09T19:48:26.924738Z,824064,2026-09-09T23:40:00Z,Kansas City Royals,Arizona Diamondbacks,Production consensus,totals,Under,8.5,100,2.0
2026-09-09T19:48:26.924738Z,824549,2026-09-09T23:40:00Z,Chicago White Sox,Pittsburgh Pirates,Production consensus,h2h,Chicago White Sox,,-133,1.75
2026-09-09T19:48:26.924738Z,824549,2026-09-09T23:40:00Z,Chicago White Sox,Pittsburgh Pirates,Production consensus,h2h,Pittsburgh Pirates,,112,2.12
2026-09-09T19:48:26.924738Z,824549,2026-09-09T23:40:00Z,Chicago White Sox,Pittsburgh Pirates,Production consensus,spreads,Chicago White Sox,-1.5,150,2.5
2026-09-09T19:48:26.924738Z,824549,2026-09-09T23:40:00Z,Chicago White Sox,Pittsburgh Pirates,Production consensus,spreads,Pittsburgh Pirates,1.5,-175,1.57
2026-09-09T19:48:26.924738Z,824549,2026-09-09T23:40:00Z,Chicago White Sox,Pittsburgh Pirates,Production consensus,totals,Over,8.5,-120,1.83
2026-09-09T19:48:26.924738Z,824549,2026-09-09T23:40:00Z,Chicago White Sox,Pittsburgh Pirates,Production consensus,totals,Under,8.5,100,2.0
2026-09-09T19:48:26.924738Z,823900,2026-09-10T02:10:00Z,Los Angeles Dodgers,Cincinnati Reds,Production consensus,h2h,Cincinnati Reds,,236,3.36
2026-09-09T19:48:26.924738Z,823900,2026-09-10T02:10:00Z,Los Angeles Dodgers,Cincinnati Reds,Production consensus,h2h,Los Angeles Dodgers,,-286,1.35
2026-09-09T19:48:26.924738Z,823900,2026-09-10T02:10:00Z,Los Angeles Dodgers,Cincinnati Reds,Production consensus,spreads,Cincinnati Reds,1.5,105,2.05
2026-09-09T19:48:26.924738Z,823900,2026-09-10T02:10:00Z,Los Angeles Dodgers,Cincinnati Reds,Production consensus,spreads,Los Angeles Dodgers,-1.5,-127,1.79
2026-09-09T19:48:26.924738Z,823900,2026-09-10T02:10:00Z,Los Angeles Dodgers,Cincinnati Reds,Production consensus,totals,Over,8.5,-110,1.91
2026-09-09T19:48:26.924738Z,823900,2026-09-10T02:10:00Z,Los Angeles Dodgers,Cincinnati Reds,Production consensus,totals,Under,8.5,-110,1.91
2026-09-09T22:35:37.592817Z,823416,2026-09-09T22:40:00Z,Philadelphia Phillies,Houston Astros,Production consensus,h2h,Houston Astros,,130,2.3
2026-09-09T22:35:37.592817Z,823416,2026-09-09T22:40:00Z,Philadelphia Phillies,Houston Astros,Production consensus,h2h,Philadelphia Phillies,,-154,1.65
2026-09-09T22:35:37.592817Z,823416,2026-09-09T22:40:00Z,Philadelphia Phillies,Houston Astros,Production consensus,spreads,Houston Astros,1.5,-161,1.62
2026-09-09T22:35:37.592817Z,823416,2026-09-09T22:40:00Z,Philadelphia Phillies,Houston Astros,Production consensus,spreads,Philadelphia Phillies,-1.5,135,2.35
2026-09-09T22:35:37.592817Z,823416,2026-09-09T22:40:00Z,Philadelphia Phillies,Houston Astros,Production consensus,totals,Over,8.0,-110,1.91
2026-09-09T22:35:37.592817Z,823416,2026-09-09T22:40:00Z,Philadelphia Phillies,Houston Astros,Production consensus,totals,Under,8.0,-110,1.91
2026-09-09T22:35:37.592817Z,823818,2026-09-09T22:40:00Z,Miami Marlins,New York Mets,Production consensus,h2h,Miami Marlins,,-123,1.81
2026-09-09T22:35:37.592817Z,823818,2026-09-09T22:40:00Z,Miami Marlins,New York Mets,Production consensus,h2h,New York Mets,,106,2.06
2026-09-09T22:35:37.592817Z,823818,2026-09-09T22:40:00Z,Miami Marlins,New York Mets,Production consensus,spreads,Miami Marlins,-1.5,160,2.6
2026-09-09T22:35:37.592817Z,823818,2026-09-09T22:40:00Z,Miami Marlins,New York Mets,Production consensus,spreads,New York Mets,1.5,-192,1.52
2026-09-09T22:35:37.592817Z,823818,2026-09-09T22:40:00Z,Miami Marlins,New York Mets,Production consensus,totals,Over,8.5,-120,1.83
2026-09-09T22:35:37.592817Z,823818,2026-09-09T22:40:00Z,Miami Marlins,New York Mets,Production consensus,totals,Under,8.5,100,2.0
2026-09-09T22:35:37.592817Z,824713,2026-09-09T22:45:00Z,Boston Red Sox,Los Angeles Angels,Production consensus,h2h,Boston Red Sox,,-213,1.47
2026-09-09T22:35:37.592817Z,824713,2026-09-09T22:45:00Z,Boston Red Sox,Los Angeles Angels,Production consensus,h2h,Los Angeles Angels,,181,2.81
2026-09-09T22:35:37.592817Z,824713,2026-09-09T22:45:00Z,Boston Red Sox,Los Angeles Angels,Production consensus,spreads,Boston Red Sox,-1.5,-108,1.93
2026-09-09T22:35:37.592817Z,824713,2026-09-09T22:45:00Z,Boston Red Sox,Los Angeles Angels,Production consensus,spreads,Los Angeles Angels,1.5,-112,1.89
2026-09-09T22:35:37.592817Z,824713,2026-09-09T22:45:00Z,Boston Red Sox,Los Angeles Angels,Production consensus,totals,Over,9.0,-118,1.85
2026-09-09T22:35:37.592817Z,824713,2026-09-09T22:45:00Z,Boston Red Sox,Los Angeles Angels,Production consensus,totals,Under,9.0,-102,1.98
2026-09-09T22:35:37.592817Z,823497,2026-09-09T23:05:00Z,New York Yankees,Colorado Rockies,Production consensus,h2h,Colorado Rockies,,200,3.0
2026-09-09T22:35:37.592817Z,823497,2026-09-09T23:05:00Z,New York Yankees,Colorado Rockies,Production consensus,h2h,New York Yankees,,-244,1.41
2026-09-09T22:35:37.592817Z,823497,2026-09-09T23:05:00Z,New York Yankees,Colorado Rockies,Production consensus,spreads,Colorado Rockies,1.5,-105,1.95
2026-09-09T22:35:37.592817Z,823497,2026-09-09T23:05:00Z,New York Yankees,Colorado Rockies,Production consensus,spreads,New York Yankees,-1.5,-114,1.88
2026-09-09T22:35:37.592817Z,823497,2026-09-09T23:05:00Z,New York Yankees,Colorado Rockies,Production consensus,totals,Over,9.5,104,2.04
2026-09-09T22:35:37.592817Z,823497,2026-09-09T23:05:00Z,New York Yankees,Colorado Rockies,Production consensus,totals,Under,9.5,-128,1.78
2026-09-09T22:35:37.592817Z,824871,2026-09-09T23:15:00Z,Atlanta Braves,Tampa Bay Rays,Production consensus,h2h,Atlanta Braves,,-120,1.83
2026-09-09T22:35:37.592817Z,824871,2026-09-09T23:15:00Z,Atlanta Braves,Tampa Bay Rays,Production consensus,h2h,Tampa Bay Rays,,104,2.04
2026-09-09T22:35:37.592817Z,824871,2026-09-09T23:15:00Z,Atlanta Braves,Tampa Bay Rays,Production consensus,spreads,Atlanta Braves,-1.5,164,2.64
2026-09-09T22:35:37.592817Z,824871,2026-09-09T23:15:00Z,Atlanta Braves,Tampa Bay Rays,Production consensus,spreads,Tampa Bay Rays,1.5,-196,1.51
2026-09-09T22:35:37.592817Z,824871,2026-09-09T23:15:00Z,Atlanta Braves,Tampa Bay Rays,Production consensus,totals,Over,8.5,-102,1.98
2026-09-09T22:35:37.592817Z,824871,2026-09-09T23:15:00Z,Atlanta Braves,Tampa Bay Rays,Production consensus,totals,Under,8.5,-115,1.87
2026-09-09T22:35:37.592817Z,823739,2026-09-09T23:40:00Z,Milwaukee Brewers,Chicago Cubs,Production consensus,h2h,Chicago Cubs,,111,2.11
2026-09-09T22:35:37.592817Z,823739,2026-09-09T23:40:00Z,Milwaukee Brewers,Chicago Cubs,Production consensus,h2h,Milwaukee Brewers,,-133,1.75
2026-09-09T22:35:37.592817Z,823739,2026-09-09T23:40:00Z,Milwaukee Brewers,Chicago Cubs,Production consensus,spreads,Chicago Cubs,1.5,-192,1.52
2026-09-09T22:35:37.592817Z,823739,2026-09-09T23:40:00Z,Milwaukee Brewers,Chicago Cubs,Production consensus,spreads,Milwaukee Brewers,-1.5,160,2.6
2026-09-09T22:35:37.592817Z,823739,2026-09-09T23:40:00Z,Milwaukee Brewers,Chicago Cubs,Production consensus,totals,Over,7.5,-110,1.91
2026-09-09T22:35:37.592817Z,823739,2026-09-09T23:40:00Z,Milwaukee Brewers,Chicago Cubs,Production consensus,totals,Under,7.5,-110,1.91
2026-09-09T22:35:37.592817Z,824064,2026-09-09T23:40:00Z,Kansas City Royals,Arizona Diamondbacks,Production consensus,h2h,Arizona Diamondbacks,,-120,1.83
2026-09-09T22:35:37.592817Z,824064,2026-09-09T23:40:00Z,Kansas City Royals,Arizona Diamondbacks,Production consensus,h2h,Kansas City Royals,,102,2.02
2026-09-09T22:35:37.592817Z,824064,2026-09-09T23:40:00Z,Kansas City Royals,Arizona Diamondbacks,Production consensus,spreads,Arizona Diamondbacks,-1.5,137,2.37
2026-09-09T22:35:37.592817Z,824064,2026-09-09T23:40:00Z,Kansas City Royals,Arizona Diamondbacks,Production consensus,spreads,Kansas City Royals,1.5,-164,1.61
2026-09-09T22:35:37.592817Z,824064,2026-09-09T23:40:00Z,Kansas City Royals,Arizona Diamondbacks,Production consensus,totals,Over,8.5,-120,1.83
2026-09-09T22:35:37.592817Z,824064,2026-09-09T23:40:00Z,Kansas City Royals,Arizona Diamondbacks,Production consensus,totals,Under,8.5,100,2.0
2026-09-09T22:35:37.592817Z,824549,2026-09-09T23:40:00Z,Chicago White Sox,Pittsburgh Pirates,Production consensus,h2h,Chicago White Sox,,-133,1.75
2026-09-09T22:35:37.592817Z,824549,2026-09-09T23:40:00Z,Chicago White Sox,Pittsburgh Pirates,Production consensus,h2h,Pittsburgh Pirates,,114,2.14
2026-09-09T22:35:37.592817Z,824549,2026-09-09T23:40:00Z,Chicago White Sox,Pittsburgh Pirates,Production consensus,spreads,Chicago White Sox,-1.5,149,2.49
2026-09-09T22:35:37.592817Z,824549,2026-09-09T23:40:00Z,Chicago White Sox,Pittsburgh Pirates,Production consensus,spreads,Pittsburgh Pirates,1.5,-175,1.57
2026-09-09T22:35:37.592817Z,824549,2026-09-09T23:40:00Z,Chicago White Sox,Pittsburgh Pirates,Production consensus,totals,Over,8.5,-122,1.82
2026-09-09T22:35:37.592817Z,824549,2026-09-09T23:40:00Z,Chicago White Sox,Pittsburgh Pirates,Production consensus,totals,Under,8.5,100,2.0
2026-09-09T22:35:37.592817Z,823900,2026-09-10T02:10:00Z,Los Angeles Dodgers,Cincinnati Reds,Production consensus,h2h,Cincinnati Reds,,232,3.32
2026-09-09T22:35:37.592817Z,823900,2026-09-10T02:10:00Z,Los Angeles Dodgers,Cincinnati Reds,Production consensus,h2h,Los Angeles Dodgers,,-286,1.35
2026-09-09T22:35:37.592817Z,823900,2026-09-10T02:10:00Z,Los Angeles Dodgers,Cincinnati Reds,Production consensus,spreads,Cincinnati Reds,1.5,105,2.05
2026-09-09T22:35:37.592817Z,823900,2026-09-10T02:10:00Z,Los Angeles Dodgers,Cincinnati Reds,Production consensus,spreads,Los Angeles Dodgers,-1.5,-127,1.79
2026-09-09T22:35:37.592817Z,823900,2026-09-10T02:10:00Z,Los Angeles Dodgers,Cincinnati Reds,Production consensus,totals,Over,8.5,-106,1.94
2026-09-09T22:35:37.592817Z,823900,2026-09-10T02:10:00Z,Los Angeles Dodgers,Cincinnati Reds,Production consensus,totals,Under,8.5,-114,1.88
2026-09-10T01:07:21.788254Z,823900,2026-09-10T02:10:00Z,Los Angeles Dodgers,Cincinnati Reds,Production consensus,h2h,Cincinnati Reds,,233,3.33
2026-09-10T01:07:21.788254Z,823900,2026-09-10T02:10:00Z,Los Angeles Dodgers,Cincinnati Reds,Production consensus,h2h,Los Angeles Dodgers,,-286,1.35
2026-09-10T01:07:21.788254Z,823900,2026-09-10T02:10:00Z,Los Angeles Dodgers,Cincinnati Reds,Production consensus,spreads,Cincinnati Reds,1.5,106,2.06
2026-09-10T01:07:21.788254Z,823900,2026-09-10T02:10:00Z,Los Angeles Dodgers,Cincinnati Reds,Production consensus,spreads,Los Angeles Dodgers,-1.5,-128,1.78
2026-09-10T01:07:21.788254Z,823900,2026-09-10T02:10:00Z,Los Angeles Dodgers,Cincinnati Reds,Production consensus,totals,Over,8.0,-114,1.88
2026-09-10T01:07:21.788254Z,823900,2026-09-10T02:10:00Z,Los Angeles Dodgers,Cincinnati Reds,Production consensus,totals,Under,8.0,-108,1.93
2026-09-10T11:25:12.287850Z,824872,2026-09-10T16:15:00Z,Atlanta Braves,Tampa Bay Rays,Production consensus,h2h,Atlanta Braves,,-118,1.85
2026-09-10T11:25:12.287850Z,824872,2026-09-10T16:15:00Z,Atlanta Braves,Tampa Bay Rays,Production consensus,h2h,Tampa Bay Rays,,-101,1.99
2026-09-10T11:25:12.287850Z,824872,2026-09-10T16:15:00Z,Atlanta Braves,Tampa Bay Rays,Production consensus,spreads,Atlanta Braves,1.5,-204,1.49
2026-09-10T11:25:12.287850Z,824872,2026-09-10T16:15:00Z,Atlanta Braves,Tampa Bay Rays,Production consensus,spreads,Tampa Bay Rays,-1.5,166,2.66
2026-09-10T11:25:12.287850Z,824872,2026-09-10T16:15:00Z,Atlanta Braves,Tampa Bay Rays,Production consensus,totals,Over,8.5,-105,1.95
2026-09-10T11:25:12.287850Z,824872,2026-09-10T16:15:00Z,Atlanta Braves,Tampa Bay Rays,Production consensus,totals,Under,8.5,-115,1.87
2026-09-10T11:25:12.287850Z,823413,2026-09-10T17:05:00Z,Philadelphia Phillies,Houston Astros,Production consensus,h2h,Houston Astros,,160,2.6
2026-09-10T11:25:12.287850Z,823413,2026-09-10T17:05:00Z,Philadelphia Phillies,Houston Astros,Production consensus,h2h,Philadelphia Phillies,,-189,1.53
2026-09-10T11:25:12.287850Z,823413,2026-09-10T17:05:00Z,Philadelphia Phillies,Houston Astros,Production consensus,spreads,Houston Astros,1.5,-130,1.77
2026-09-10T11:25:12.287850Z,823413,2026-09-10T17:05:00Z,Philadelphia Phillies,Houston Astros,Production consensus,spreads,Philadelphia Phillies,-1.5,108,2.08
2026-09-10T11:25:12.287850Z,823413,2026-09-10T17:05:00Z,Philadelphia Phillies,Houston Astros,Production consensus,totals,Over,8.5,-110,1.91
2026-09-10T11:25:12.287850Z,823413,2026-09-10T17:05:00Z,Philadelphia Phillies,Houston Astros,Production consensus,totals,Under,8.5,-110,1.91
2026-09-10T16:28:02.505255Z,823413,2026-09-10T17:05:00Z,Philadelphia Phillies,Houston Astros,Production consensus,h2h,Houston Astros,,155,2.55
2026-09-10T16:28:02.505255Z,823413,2026-09-10T17:05:00Z,Philadelphia Phillies,Houston Astros,Production consensus,h2h,Philadelphia Phillies,,-185,1.54
2026-09-10T16:28:02.505255Z,823413,2026-09-10T17:05:00Z,Philadelphia Phillies,Houston Astros,Production consensus,spreads,Houston Astros,1.5,-133,1.75
2026-09-10T16:28:02.505255Z,823413,2026-09-10T17:05:00Z,Philadelphia Phillies,Houston Astros,Production consensus,spreads,Philadelphia Phillies,-1.5,113,2.13
2026-09-10T16:28:02.505255Z,823413,2026-09-10T17:05:00Z,Philadelphia Phillies,Houston Astros,Production consensus,totals,Over,8.5,-114,1.88
2026-09-10T16:28:02.505255Z,823413,2026-09-10T17:05:00Z,Philadelphia Phillies,Houston Astros,Production consensus,totals,Under,8.5,-108,1.93
2026-09-10T16:28:02.505255Z,823088,2026-09-10T20:10:00Z,Seattle Mariners,Texas Rangers,Production consensus,h2h,Seattle Mariners,,-127,1.79
2026-09-10T16:28:02.505255Z,823088,2026-09-10T20:10:00Z,Seattle Mariners,Texas Rangers,Production consensus,h2h,Texas Rangers,,108,2.08
2026-09-10T16:28:02.505255Z,823088,2026-09-10T20:10:00Z,Seattle Mariners,Texas Rangers,Production consensus,spreads,Seattle Mariners,-1.5,177,2.77
2026-09-10T16:28:02.505255Z,823088,2026-09-10T20:10:00Z,Seattle Mariners,Texas Rangers,Production consensus,spreads,Texas Rangers,1.5,-208,1.48
2026-09-10T16:28:02.505255Z,823088,2026-09-10T20:10:00Z,Seattle Mariners,Texas Rangers,Production consensus,totals,Over,6.5,-112,1.89
2026-09-10T16:28:02.505255Z,823088,2026-09-10T20:10:00Z,Seattle Mariners,Texas Rangers,Production consensus,totals,Under,6.5,-108,1.93
2026-09-10T16:28:02.505255Z,823499,2026-09-10T23:05:00Z,New York Yankees,Colorado Rockies,Production consensus,h2h,Colorado Rockies,,240,3.4
2026-09-10T16:28:02.505255Z,823499,2026-09-10T23:05:00Z,New York Yankees,Colorado Rockies,Production consensus,h2h,New York Yankees,,-294,1.34
2026-09-10T16:28:02.505255Z,823499,2026-09-10T23:05:00Z,New York Yankees,Colorado Rockies,Production consensus,spreads,Colorado Rockies,1.5,110,2.1
2026-09-10T16:28:02.505255Z,823499,2026-09-10T23:05:00Z,New York Yankees,Colorado Rockies,Production consensus,spreads,New York Yankees,-1.5,-130,1.77
2026-09-10T16:28:02.505255Z,823499,2026-09-10T23:05:00Z,New York Yankees,Colorado Rockies,Production consensus,totals,Over,8.5,-108,1.93
2026-09-10T16:28:02.505255Z,823499,2026-09-10T23:05:00Z,New York Yankees,Colorado Rockies,Production consensus,totals,Under,8.5,-112,1.89
2026-09-10T16:28:02.505255Z,824550,2026-09-10T23:40:00Z,Chicago White Sox,Pittsburgh Pirates,Production consensus,h2h,Chicago White Sox,,-110,1.91
2026-09-10T16:28:02.505255Z,824550,2026-09-10T23:40:00Z,Chicago White Sox,Pittsburgh Pirates,Production consensus,h2h,Pittsburgh Pirates,,-108,1.93
2026-09-10T16:28:02.505255Z,824550,2026-09-10T23:40:00Z,Chicago White Sox,Pittsburgh Pirates,Production consensus,spreads,Chicago White Sox,1.5,-189,1.53
2026-09-10T16:28:02.505255Z,824550,2026-09-10T23:40:00Z,Chicago White Sox,Pittsburgh Pirates,Production consensus,spreads,Pittsburgh Pirates,-1.5,155,2.55
2026-09-10T16:28:02.505255Z,824550,2026-09-10T23:40:00Z,Chicago White Sox,Pittsburgh Pirates,Production consensus,totals,Over,7.5,-120,1.83
2026-09-10T16:28:02.505255Z,824550,2026-09-10T23:40:00Z,Chicago White Sox,Pittsburgh Pirates,Production consensus,totals,Under,7.5,-102,1.98
2026-09-10T19:45:26.320695Z,823088,2026-09-10T20:10:00Z,Seattle Mariners,Texas Rangers,Production consensus,h2h,Seattle Mariners,,-120,1.83
2026-09-10T19:45:26.320695Z,823088,2026-09-10T20:10:00Z,Seattle Mariners,Texas Rangers,Production consensus,h2h,Texas Rangers,,102,2.02
2026-09-10T19:45:26.320695Z,823088,2026-09-10T20:10:00Z,Seattle Mariners,Texas Rangers,Production consensus,spreads,Seattle Mariners,-1.5,183,2.83
2026-09-10T19:45:26.320695Z,823088,2026-09-10T20:10:00Z,Seattle Mariners,Texas Rangers,Production consensus,spreads,Texas Rangers,1.5,-217,1.46
2026-09-10T19:45:26.320695Z,823088,2026-09-10T20:10:00Z,Seattle Mariners,Texas Rangers,Production consensus,totals,Over,7.0,100,2.0
2026-09-10T19:45:26.320695Z,823088,2026-09-10T20:10:00Z,Seattle Mariners,Texas Rangers,Production consensus,totals,Under,7.0,-120,1.83
2026-09-10T19:45:26.320695Z,823499,2026-09-10T23:05:00Z,New York Yankees,Colorado Rockies,Production consensus,h2h,Colorado Rockies,,235,3.35
2026-09-10T19:45:26.320695Z,823499,2026-09-10T23:05:00Z,New York Yankees,Colorado Rockies,Production consensus,h2h,New York Yankees,,-286,1.35
2026-09-10T19:45:26.320695Z,823499,2026-09-10T23:05:00Z,New York Yankees,Colorado Rockies,Production consensus,spreads,Colorado Rockies,1.5,110,2.1
2026-09-10T19:45:26.320695Z,823499,2026-09-10T23:05:00Z,New York Yankees,Colorado Rockies,Production consensus,spreads,New York Yankees,-1.5,-130,1.77
2026-09-10T19:45:26.320695Z,823499,2026-09-10T23:05:00Z,New York Yankees,Colorado Rockies,Production consensus,totals,Over,8.5,-103,1.97
2026-09-10T19:45:26.320695Z,823499,2026-09-10T23:05:00Z,New York Yankees,Colorado Rockies,Production consensus,totals,Under,8.5,-118,1.85
2026-09-10T19:45:26.320695Z,824550,2026-09-10T23:40:00Z,Chicago White Sox,Pittsburgh Pirates,Production consensus,h2h,Chicago White Sox,,-108,1.93
2026-09-10T19:45:26.320695Z,824550,2026-09-10T23:40:00Z,Chicago White Sox,Pittsburgh Pirates,Production consensus,h2h,Pittsburgh Pirates,,-108,1.93
2026-09-10T19:45:26.320695Z,824550,2026-09-10T23:40:00Z,Chicago White Sox,Pittsburgh Pirates,Production consensus,spreads,Chicago White Sox,1.5,-189,1.53
2026-09-10T19:45:26.320695Z,824550,2026-09-10T23:40:00Z,Chicago White Sox,Pittsburgh Pirates,Production consensus,spreads,Pittsburgh Pirates,-1.5,155,2.55
2026-09-10T19:45:26.320695Z,824550,2026-09-10T23:40:00Z,Chicago White Sox,Pittsburgh Pirates,Production consensus,totals,Over,7.5,-118,1.85
2026-09-10T19:45:26.320695Z,824550,2026-09-10T23:40:00Z,Chicago White Sox,Pittsburgh Pirates,Production consensus,totals,Under,7.5,-102,1.98
2026-09-10T22:37:51.356200Z,823499,2026-09-10T23:05:00Z,New York Yankees,Colorado Rockies,Production consensus,h2h,Colorado Rockies,,236,3.36
2026-09-10T22:37:51.356200Z,823499,2026-09-10T23:05:00Z,New York Yankees,Colorado Rockies,Production consensus,h2h,New York Yankees,,-294,1.34
2026-09-10T22:37:51.356200Z,823499,2026-09-10T23:05:00Z,New York Yankees,Colorado Rockies,Production consensus,spreads,Colorado Rockies,1.5,112,2.12
2026-09-10T22:37:51.356200Z,823499,2026-09-10T23:05:00Z,New York Yankees,Colorado Rockies,Production consensus,spreads,New York Yankees,-1.5,-135,1.74
2026-09-10T22:37:51.356200Z,823499,2026-09-10T23:05:00Z,New York Yankees,Colorado Rockies,Production consensus,totals,Over,8.5,-104,1.96
2026-09-10T22:37:51.356200Z,823499,2026-09-10T23:05:00Z,New York Yankees,Colorado Rockies,Production consensus,totals,Under,8.5,-116,1.86
2026-09-10T22:37:51.356200Z,824550,2026-09-10T23:40:00Z,Chicago White Sox,Pittsburgh Pirates,Production consensus,h2h,Chicago White Sox,,-114,1.88
2026-09-10T22:37:51.356200Z,824550,2026-09-10T23:40:00Z,Chicago White Sox,Pittsburgh Pirates,Production consensus,h2h,Pittsburgh Pirates,,-104,1.96
2026-09-10T22:37:51.356200Z,824550,2026-09-10T23:40:00Z,Chicago White Sox,Pittsburgh Pirates,Production consensus,spreads,Chicago White Sox,1.5,-200,1.5
2026-09-10T22:37:51.356200Z,824550,2026-09-10T23:40:00Z,Chicago White Sox,Pittsburgh Pirates,Production consensus,spreads,Pittsburgh Pirates,-1.5,165,2.65
2026-09-10T22:37:51.356200Z,824550,2026-09-10T23:40:00Z,Chicago White Sox,Pittsburgh Pirates,Production consensus,totals,Over,7.5,-115,1.87
2026-09-10T22:37:51.356200Z,824550,2026-09-10T23:40:00Z,Chicago White Sox,Pittsburgh Pirates,Production consensus,totals,Under,7.5,-105,1.95
2026-09-11T11:27:16.240304Z,824631,2026-09-11T18:20:00Z,Chicago Cubs,Pittsburgh Pirates,Production consensus,h2h,Chicago Cubs,,-200,1.5
2026-09-11T11:27:16.240304Z,824631,2026-09-11T18:20:00Z,Chicago Cubs,Pittsburgh Pirates,Production consensus,h2h,Pittsburgh Pirates,,165,2.65
2026-09-11T11:27:16.240304Z,824631,2026-09-11T18:20:00Z,Chicago Cubs,Pittsburgh Pirates,Production consensus,spreads,Chicago Cubs,-1.5,115,2.15
2026-09-11T11:27:16.240304Z,824631,2026-09-11T18:20:00Z,Chicago Cubs,Pittsburgh Pirates,Production consensus,spreads,Pittsburgh Pirates,1.5,-139,1.72
2026-09-11T11:27:16.240304Z,824631,2026-09-11T18:20:00Z,Chicago Cubs,Pittsburgh Pirates,Production consensus,totals,Over,8.0,-115,1.87
2026-09-11T11:27:16.240304Z,824631,2026-09-11T18:20:00Z,Chicago Cubs,Pittsburgh Pirates,Production consensus,totals,Under,8.0,-110,1.91
2026-09-11T16:32:36.943176Z,824631,2026-09-11T18:20:00Z,Chicago Cubs,Pittsburgh Pirates,Production consensus,h2h,Chicago Cubs,,-189,1.53
2026-09-11T16:32:36.943176Z,824631,2026-09-11T18:20:00Z,Chicago Cubs,Pittsburgh Pirates,Production consensus,h2h,Pittsburgh Pirates,,160,2.6
2026-09-11T16:32:36.943176Z,824631,2026-09-11T18:20:00Z,Chicago Cubs,Pittsburgh Pirates,Production consensus,spreads,Chicago Cubs,-1.5,110,2.1
2026-09-11T16:32:36.943176Z,824631,2026-09-11T18:20:00Z,Chicago Cubs,Pittsburgh Pirates,Production consensus,spreads,Pittsburgh Pirates,1.5,-130,1.77
2026-09-11T16:32:36.943176Z,824631,2026-09-11T18:20:00Z,Chicago Cubs,Pittsburgh Pirates,Production consensus,totals,Over,8.5,-104,1.96
2026-09-11T16:32:36.943176Z,824631,2026-09-11T18:20:00Z,Chicago Cubs,Pittsburgh Pirates,Production consensus,totals,Under,8.5,-118,1.85
2026-09-11T16:32:36.943176Z,824227,2026-09-11T22:40:00Z,Detroit Tigers,Colorado Rockies,Production consensus,h2h,Colorado Rockies,,155,2.55
2026-09-11T16:32:36.943176Z,824227,2026-09-11T22:40:00Z,Detroit Tigers,Colorado Rockies,Production consensus,h2h,Detroit Tigers,,-185,1.54
2026-09-11T16:32:36.943176Z,824227,2026-09-11T22:40:00Z,Detroit Tigers,Colorado Rockies,Production consensus,spreads,Colorado Rockies,1.5,-141,1.71
2026-09-11T16:32:36.943176Z,824227,2026-09-11T22:40:00Z,Detroit Tigers,Colorado Rockies,Production consensus,spreads,Detroit Tigers,-1.5,119,2.19
2026-09-11T16:32:36.943176Z,824227,2026-09-11T22:40:00Z,Detroit Tigers,Colorado Rockies,Production consensus,totals,Over,8.0,-110,1.91
2026-09-11T16:32:36.943176Z,824227,2026-09-11T22:40:00Z,Detroit Tigers,Colorado Rockies,Production consensus,totals,Under,8.0,-110,1.91
2026-09-11T16:32:36.943176Z,822684,2026-09-11T22:45:00Z,Washington Nationals,Los Angeles Angels,Production consensus,h2h,Los Angeles Angels,,130,2.3
2026-09-11T16:32:36.943176Z,822684,2026-09-11T22:45:00Z,Washington Nationals,Los Angeles Angels,Production consensus,h2h,Washington Nationals,,-154,1.65
2026-09-11T16:32:36.943176Z,822684,2026-09-11T22:45:00Z,Washington Nationals,Los Angeles Angels,Production consensus,spreads,Los Angeles Angels,1.5,-164,1.61
2026-09-11T16:32:36.943176Z,822684,2026-09-11T22:45:00Z,Washington Nationals,Los Angeles Angels,Production consensus,spreads,Washington Nationals,-1.5,140,2.4
2026-09-11T16:32:36.943176Z,822684,2026-09-11T22:45:00Z,Washington Nationals,Los Angeles Angels,Production consensus,totals,Over,7.5,-115,1.87
2026-09-11T16:32:36.943176Z,822684,2026-09-11T22:45:00Z,Washington Nationals,Los Angeles Angels,Production consensus,totals,Under,7.5,-105,1.95
2026-09-11T16:32:36.943176Z,823498,2026-09-11T23:05:00Z,New York Yankees,New York Mets,Production consensus,h2h,New York Mets,,115,2.15
2026-09-11T16:32:36.943176Z,823498,2026-09-11T23:05:00Z,New York Yankees,New York Mets,Production consensus,h2h,New York Yankees,,-135,1.74
2026-09-11T16:32:36.943176Z,823498,2026-09-11T23:05:00Z,New York Yankees,New York Mets,Production consensus,spreads,New York Mets,1.5,-182,1.55
2026-09-11T16:32:36.943176Z,823498,2026-09-11T23:05:00Z,New York Yankees,New York Mets,Production consensus,spreads,New York Yankees,-1.5,152,2.52
2026-09-11T16:32:36.943176Z,823498,2026-09-11T23:05:00Z,New York Yankees,New York Mets,Production consensus,totals,Over,8.0,-114,1.88
2026-09-11T16:32:36.943176Z,823498,2026-09-11T23:05:00Z,New York Yankees,New York Mets,Production consensus,totals,Under,8.0,-105,1.95
2026-09-11T16:32:36.943176Z,822767,2026-09-11T23:07:00Z,Toronto Blue Jays,Baltimore Orioles,Production consensus,h2h,Baltimore Orioles,,115,2.15
2026-09-11T16:32:36.943176Z,822767,2026-09-11T23:07:00Z,Toronto Blue Jays,Baltimore Orioles,Production consensus,h2h,Toronto Blue Jays,,-135,1.74
2026-09-11T16:32:36.943176Z,822767,2026-09-11T23:07:00Z,Toronto Blue Jays,Baltimore Orioles,Production consensus,spreads,Baltimore Orioles,1.5,-185,1.54
2026-09-11T16:32:36.943176Z,822767,2026-09-11T23:07:00Z,Toronto Blue Jays,Baltimore Orioles,Production consensus,spreads,Toronto Blue Jays,-1.5,156,2.56
2026-09-11T16:32:36.943176Z,822767,2026-09-11T23:07:00Z,Toronto Blue Jays,Baltimore Orioles,Production consensus,totals,Over,8.0,-104,1.96
2026-09-11T16:32:36.943176Z,822767,2026-09-11T23:07:00Z,Toronto Blue Jays,Baltimore Orioles,Production consensus,totals,Under,8.0,-116,1.86
2026-09-11T16:32:36.943176Z,822930,2026-09-11T23:10:00Z,Tampa Bay Rays,Houston Astros,Production consensus,h2h,Houston Astros,,145,2.45
2026-09-11T16:32:36.943176Z,822930,2026-09-11T23:10:00Z,Tampa Bay Rays,Houston Astros,Production consensus,h2h,Tampa Bay Rays,,-172,1.58
2026-09-11T16:32:36.943176Z,822930,2026-09-11T23:10:00Z,Tampa Bay Rays,Houston Astros,Production consensus,spreads,Houston Astros,1.5,-145,1.69
2026-09-11T16:32:36.943176Z,822930,2026-09-11T23:10:00Z,Tampa Bay Rays,Houston Astros,Production consensus,spreads,Tampa Bay Rays,-1.5,122,2.22
2026-09-11T16:32:36.943176Z,822930,2026-09-11T23:10:00Z,Tampa Bay Rays,Houston Astros,Production consensus,totals,Over,7.5,-120,1.83
2026-09-11T16:32:36.943176Z,822930,2026-09-11T23:10:00Z,Tampa Bay Rays,Houston Astros,Production consensus,totals,Under,7.5,-102,1.98
2026-09-11T16:32:36.943176Z,823817,2026-09-11T23:10:00Z,Miami Marlins,Los Angeles Dodgers,Production consensus,h2h,Los Angeles Dodgers,,-213,1.47
2026-09-11T16:32:36.943176Z,823817,2026-09-11T23:10:00Z,Miami Marlins,Los Angeles Dodgers,Production consensus,h2h,Miami Marlins,,180,2.8
2026-09-11T16:32:36.943176Z,823817,2026-09-11T23:10:00Z,Miami Marlins,Los Angeles Dodgers,Production consensus,spreads,Los Angeles Dodgers,-1.5,-120,1.83
2026-09-11T16:32:36.943176Z,823817,2026-09-11T23:10:00Z,Miami Marlins,Los Angeles Dodgers,Production consensus,spreads,Miami Marlins,1.5,100,2.0
2026-09-11T16:32:36.943176Z,823817,2026-09-11T23:10:00Z,Miami Marlins,Los Angeles Dodgers,Production consensus,totals,Over,7.5,-105,1.95
2026-09-11T16:32:36.943176Z,823817,2026-09-11T23:10:00Z,Miami Marlins,Los Angeles Dodgers,Production consensus,totals,Under,7.5,-115,1.87
2026-09-11T16:32:36.943176Z,824711,2026-09-11T23:10:00Z,Boston Red Sox,Kansas City Royals,Production consensus,h2h,Boston Red Sox,,-204,1.49
2026-09-11T16:32:36.943176Z,824711,2026-09-11T23:10:00Z,Boston Red Sox,Kansas City Royals,Production consensus,h2h,Kansas City Royals,,170,2.7
2026-09-11T16:32:36.943176Z,824711,2026-09-11T23:10:00Z,Boston Red Sox,Kansas City Royals,Production consensus,spreads,Boston Red Sox,-1.5,105,2.05
2026-09-11T16:32:36.943176Z,824711,2026-09-11T23:10:00Z,Boston Red Sox,Kansas City Royals,Production consensus,spreads,Kansas City Royals,1.5,-125,1.8
2026-09-11T16:32:36.943176Z,824711,2026-09-11T23:10:00Z,Boston Red Sox,Kansas City Royals,Production consensus,totals,Over,8.5,-104,1.96
2026-09-11T16:32:36.943176Z,824711,2026-09-11T23:10:00Z,Boston Red Sox,Kansas City Royals,Production consensus,totals,Under,8.5,-116,1.86
2026-09-11T16:32:36.943176Z,824873,2026-09-11T23:15:00Z,Atlanta Braves,Philadelphia Phillies,Production consensus,h2h,Atlanta Braves,,-185,1.54
2026-09-11T16:32:36.943176Z,824873,2026-09-11T23:15:00Z,Atlanta Braves,Philadelphia Phillies,Production consensus,h2h,Philadelphia Phillies,,156,2.56
2026-09-11T16:32:36.943176Z,824873,2026-09-11T23:15:00Z,Atlanta Braves,Philadelphia Phillies,Production consensus,spreads,Atlanta Braves,-1.5,120,2.2
2026-09-11T16:32:36.943176Z,824873,2026-09-11T23:15:00Z,Atlanta Braves,Philadelphia Phillies,Production consensus,spreads,Philadelphia Phillies,1.5,-143,1.7
2026-09-11T16:32:36.943176Z,824873,2026-09-11T23:15:00Z,Atlanta Braves,Philadelphia Phillies,Production consensus,totals,Over,7.0,-118,1.85
2026-09-11T16:32:36.943176Z,824873,2026-09-11T23:15:00Z,Atlanta Braves,Philadelphia Phillies,Production consensus,totals,Under,7.0,-102,1.98
2026-09-11T16:32:36.943176Z,823736,2026-09-11T23:45:00Z,Milwaukee Brewers,Cincinnati Reds,Production consensus,h2h,Cincinnati Reds,,167,2.67
2026-09-11T16:32:36.943176Z,823736,2026-09-11T23:45:00Z,Milwaukee Brewers,Cincinnati Reds,Production consensus,h2h,Milwaukee Brewers,,-196,1.51
2026-09-11T16:32:36.943176Z,823736,2026-09-11T23:45:00Z,Milwaukee Brewers,Cincinnati Reds,Production consensus,spreads,Cincinnati Reds,1.5,-127,1.79
2026-09-11T16:32:36.943176Z,823736,2026-09-11T23:45:00Z,Milwaukee Brewers,Cincinnati Reds,Production consensus,spreads,Milwaukee Brewers,-1.5,105,2.05
2026-09-11T16:32:36.943176Z,823736,2026-09-11T23:45:00Z,Milwaukee Brewers,Cincinnati Reds,Production consensus,totals,Over,8.0,-105,1.95
2026-09-11T16:32:36.943176Z,823736,2026-09-11T23:45:00Z,Milwaukee Brewers,Cincinnati Reds,Production consensus,totals,Under,8.0,-115,1.87
2026-09-11T16:32:36.943176Z,823659,2026-09-12T00:10:00Z,Minnesota Twins,Cleveland Guardians,Production consensus,h2h,Cleveland Guardians,,-118,1.85
2026-09-11T16:32:36.943176Z,823659,2026-09-12T00:10:00Z,Minnesota Twins,Cleveland Guardians,Production consensus,h2h,Minnesota Twins,,-102,1.98
2026-09-11T16:32:36.943176Z,823659,2026-09-12T00:10:00Z,Minnesota Twins,Cleveland Guardians,Production consensus,spreads,Cleveland Guardians,-1.5,145,2.45
2026-09-11T16:32:36.943176Z,823659,2026-09-12T00:10:00Z,Minnesota Twins,Cleveland Guardians,Production consensus,spreads,Minnesota Twins,1.5,-172,1.58
2026-09-11T16:32:36.943176Z,823659,2026-09-12T00:10:00Z,Minnesota Twins,Cleveland Guardians,Production consensus,totals,Over,7.5,-114,1.88
2026-09-11T16:32:36.943176Z,823659,2026-09-12T00:10:00Z,Minnesota Twins,Cleveland Guardians,Production consensus,totals,Under,7.5,-105,1.95
2026-09-11T16:32:36.943176Z,823012,2026-09-12T00:15:00Z,St. Louis Cardinals,Chicago White Sox,Production consensus,h2h,Chicago White Sox,,-112,1.89
2026-09-11T16:32:36.943176Z,823012,2026-09-12T00:15:00Z,St. Louis Cardinals,Chicago White Sox,Production consensus,h2h,St. Louis Cardinals,,-104,1.96
2026-09-11T16:32:36.943176Z,823012,2026-09-12T00:15:00Z,St. Louis Cardinals,Chicago White Sox,Production consensus,spreads,Chicago White Sox,-1.5,152,2.52
2026-09-11T16:32:36.943176Z,823012,2026-09-12T00:15:00Z,St. Louis Cardinals,Chicago White Sox,Production consensus,spreads,St. Louis Cardinals,1.5,-182,1.55
2026-09-11T16:32:36.943176Z,823012,2026-09-12T00:15:00Z,St. Louis Cardinals,Chicago White Sox,Production consensus,totals,Over,8.0,-115,1.87
2026-09-11T16:32:36.943176Z,823012,2026-09-12T00:15:00Z,St. Louis Cardinals,Chicago White Sox,Production consensus,totals,Under,8.0,-105,1.95
2026-09-11T19:46:11.268256Z,824227,2026-09-11T22:40:00Z,Detroit Tigers,Colorado Rockies,Production consensus,h2h,Colorado Rockies,,155,2.55
2026-09-11T19:46:11.268256Z,824227,2026-09-11T22:40:00Z,Detroit Tigers,Colorado Rockies,Production consensus,h2h,Detroit Tigers,,-185,1.54
2026-09-11T19:46:11.268256Z,824227,2026-09-11T22:40:00Z,Detroit Tigers,Colorado Rockies,Production consensus,spreads,Colorado Rockies,1.5,-141,1.71
2026-09-11T19:46:11.268256Z,824227,2026-09-11T22:40:00Z,Detroit Tigers,Colorado Rockies,Production consensus,spreads,Detroit Tigers,-1.5,118,2.18
2026-09-11T19:46:11.268256Z,824227,2026-09-11T22:40:00Z,Detroit Tigers,Colorado Rockies,Production consensus,totals,Over,8.0,-108,1.93
2026-09-11T19:46:11.268256Z,824227,2026-09-11T22:40:00Z,Detroit Tigers,Colorado Rockies,Production consensus,totals,Under,8.0,-112,1.89
2026-09-11T19:46:11.268256Z,822684,2026-09-11T22:45:00Z,Washington Nationals,Los Angeles Angels,Production consensus,h2h,Los Angeles Angels,,129,2.29
2026-09-11T19:46:11.268256Z,822684,2026-09-11T22:45:00Z,Washington Nationals,Los Angeles Angels,Production consensus,h2h,Washington Nationals,,-152,1.66
2026-09-11T19:46:11.268256Z,822684,2026-09-11T22:45:00Z,Washington Nationals,Los Angeles Angels,Production consensus,spreads,Los Angeles Angels,1.5,-164,1.61
2026-09-11T19:46:11.268256Z,822684,2026-09-11T22:45:00Z,Washington Nationals,Los Angeles Angels,Production consensus,spreads,Washington Nationals,-1.5,140,2.4
2026-09-11T19:46:11.268256Z,822684,2026-09-11T22:45:00Z,Washington Nationals,Los Angeles Angels,Production consensus,totals,Over,7.5,-115,1.87
2026-09-11T19:46:11.268256Z,822684,2026-09-11T22:45:00Z,Washington Nationals,Los Angeles Angels,Production consensus,totals,Under,7.5,-105,1.95
2026-09-11T19:46:11.268256Z,823498,2026-09-11T23:05:00Z,New York Yankees,New York Mets,Production consensus,h2h,New York Mets,,114,2.14
2026-09-11T19:46:11.268256Z,823498,2026-09-11T23:05:00Z,New York Yankees,New York Mets,Production consensus,h2h,New York Yankees,,-135,1.74
2026-09-11T19:46:11.268256Z,823498,2026-09-11T23:05:00Z,New York Yankees,New York Mets,Production consensus,spreads,New York Mets,1.5,-179,1.56
2026-09-11T19:46:11.268256Z,823498,2026-09-11T23:05:00Z,New York Yankees,New York Mets,Production consensus,spreads,New York Yankees,-1.5,152,2.52
2026-09-11T19:46:11.268256Z,823498,2026-09-11T23:05:00Z,New York Yankees,New York Mets,Production consensus,totals,Over,8.0,-115,1.87
2026-09-11T19:46:11.268256Z,823498,2026-09-11T23:05:00Z,New York Yankees,New York Mets,Production consensus,totals,Under,8.0,-105,1.95
2026-09-11T19:46:11.268256Z,822767,2026-09-11T23:07:00Z,Toronto Blue Jays,Baltimore Orioles,Production consensus,h2h,Baltimore Orioles,,116,2.16
2026-09-11T19:46:11.268256Z,822767,2026-09-11T23:07:00Z,Toronto Blue Jays,Baltimore Orioles,Production consensus,h2h,Toronto Blue Jays,,-137,1.73
2026-09-11T19:46:11.268256Z,822767,2026-09-11T23:07:00Z,Toronto Blue Jays,Baltimore Orioles,Production consensus,spreads,Baltimore Orioles,1.5,-185,1.54
2026-09-11T19:46:11.268256Z,822767,2026-09-11T23:07:00Z,Toronto Blue Jays,Baltimore Orioles,Production consensus,spreads,Toronto Blue Jays,-1.5,156,2.56
2026-09-11T19:46:11.268256Z,822767,2026-09-11T23:07:00Z,Toronto Blue Jays,Baltimore Orioles,Production consensus,totals,Over,7.5,-120,1.83
2026-09-11T19:46:11.268256Z,822767,2026-09-11T23:07:00Z,Toronto Blue Jays,Baltimore Orioles,Production consensus,totals,Under,7.5,100,2.0
2026-09-11T19:46:11.268256Z,822930,2026-09-11T23:10:00Z,Tampa Bay Rays,Houston Astros,Production consensus,h2h,Houston Astros,,144,2.44
2026-09-11T19:46:11.268256Z,822930,2026-09-11T23:10:00Z,Tampa Bay Rays,Houston Astros,Production consensus,h2h,Tampa Bay Rays,,-169,1.59
2026-09-11T19:46:11.268256Z,822930,2026-09-11T23:10:00Z,Tampa Bay Rays,Houston Astros,Production consensus,spreads,Houston Astros,1.5,-145,1.69
2026-09-11T19:46:11.268256Z,822930,2026-09-11T23:10:00Z,Tampa Bay Rays,Houston Astros,Production consensus,spreads,Tampa Bay Rays,-1.5,122,2.22
2026-09-11T19:46:11.268256Z,822930,2026-09-11T23:10:00Z,Tampa Bay Rays,Houston Astros,Production consensus,totals,Over,8.0,-108,1.93
2026-09-11T19:46:11.268256Z,822930,2026-09-11T23:10:00Z,Tampa Bay Rays,Houston Astros,Production consensus,totals,Under,8.0,-118,1.85
2026-09-11T19:46:11.268256Z,823817,2026-09-11T23:10:00Z,Miami Marlins,Los Angeles Dodgers,Production consensus,h2h,Los Angeles Dodgers,,-208,1.48
2026-09-11T19:46:11.268256Z,823817,2026-09-11T23:10:00Z,Miami Marlins,Los Angeles Dodgers,Production consensus,h2h,Miami Marlins,,174,2.74
2026-09-11T19:46:11.268256Z,823817,2026-09-11T23:10:00Z,Miami Marlins,Los Angeles Dodgers,Production consensus,spreads,Los Angeles Dodgers,-1.5,-120,1.83
2026-09-11T19:46:11.268256Z,823817,2026-09-11T23:10:00Z,Miami Marlins,Los Angeles Dodgers,Production consensus,spreads,Miami Marlins,1.5,100,2.0
2026-09-11T19:46:11.268256Z,823817,2026-09-11T23:10:00Z,Miami Marlins,Los Angeles Dodgers,Production consensus,totals,Over,7.5,-102,1.98
2026-09-11T19:46:11.268256Z,823817,2026-09-11T23:10:00Z,Miami Marlins,Los Angeles Dodgers,Production consensus,totals,Under,7.5,-119,1.84
2026-09-11T19:46:11.268256Z,824711,2026-09-11T23:10:00Z,Boston Red Sox,Kansas City Royals,Production consensus,h2h,Boston Red Sox,,-200,1.5
2026-09-11T19:46:11.268256Z,824711,2026-09-11T23:10:00Z,Boston Red Sox,Kansas City Royals,Production consensus,h2h,Kansas City Royals,,168,2.68
2026-09-11T19:46:11.268256Z,824711,2026-09-11T23:10:00Z,Boston Red Sox,Kansas City Royals,Production consensus,spreads,Boston Red Sox,-1.5,105,2.05
2026-09-11T19:46:11.268256Z,824711,2026-09-11T23:10:00Z,Boston Red Sox,Kansas City Royals,Production consensus,spreads,Kansas City Royals,1.5,-125,1.8
2026-09-11T19:46:11.268256Z,824711,2026-09-11T23:10:00Z,Boston Red Sox,Kansas City Royals,Production consensus,totals,Over,8.5,-104,1.96
2026-09-11T19:46:11.268256Z,824711,2026-09-11T23:10:00Z,Boston Red Sox,Kansas City Royals,Production consensus,totals,Under,8.5,-115,1.87
2026-09-11T19:46:11.268256Z,824873,2026-09-11T23:15:00Z,Atlanta Braves,Philadelphia Phillies,Production consensus,h2h,Atlanta Braves,,-182,1.55
2026-09-11T19:46:11.268256Z,824873,2026-09-11T23:15:00Z,Atlanta Braves,Philadelphia Phillies,Production consensus,h2h,Philadelphia Phillies,,155,2.55
2026-09-11T19:46:11.268256Z,824873,2026-09-11T23:15:00Z,Atlanta Braves,Philadelphia Phillies,Production consensus,spreads,Atlanta Braves,-1.5,119,2.19
2026-09-11T19:46:11.268256Z,824873,2026-09-11T23:15:00Z,Atlanta Braves,Philadelphia Phillies,Production consensus,spreads,Philadelphia Phillies,1.5,-141,1.71
2026-09-11T19:46:11.268256Z,824873,2026-09-11T23:15:00Z,Atlanta Braves,Philadelphia Phillies,Production consensus,totals,Over,7.0,-118,1.85
2026-09-11T19:46:11.268256Z,824873,2026-09-11T23:15:00Z,Atlanta Braves,Philadelphia Phillies,Production consensus,totals,Under,7.0,-102,1.98
2026-09-11T19:46:11.268256Z,823736,2026-09-11T23:45:00Z,Milwaukee Brewers,Cincinnati Reds,Production consensus,h2h,Cincinnati Reds,,169,2.69
2026-09-11T19:46:11.268256Z,823736,2026-09-11T23:45:00Z,Milwaukee Brewers,Cincinnati Reds,Production consensus,h2h,Milwaukee Brewers,,-200,1.5
2026-09-11T19:46:11.268256Z,823736,2026-09-11T23:45:00Z,Milwaukee Brewers,Cincinnati Reds,Production consensus,spreads,Cincinnati Reds,1.5,-127,1.79
2026-09-11T19:46:11.268256Z,823736,2026-09-11T23:45:00Z,Milwaukee Brewers,Cincinnati Reds,Production consensus,spreads,Milwaukee Brewers,-1.5,105,2.05
2026-09-11T19:46:11.268256Z,823736,2026-09-11T23:45:00Z,Milwaukee Brewers,Cincinnati Reds,Production consensus,totals,Over,8.0,-105,1.95
2026-09-11T19:46:11.268256Z,823736,2026-09-11T23:45:00Z,Milwaukee Brewers,Cincinnati Reds,Production consensus,totals,Under,8.0,-115,1.87
2026-09-11T19:46:11.268256Z,823659,2026-09-12T00:10:00Z,Minnesota Twins,Cleveland Guardians,Production consensus,h2h,Cleveland Guardians,,-118,1.85
2026-09-11T19:46:11.268256Z,823659,2026-09-12T00:10:00Z,Minnesota Twins,Cleveland Guardians,Production consensus,h2h,Minnesota Twins,,-102,1.98
2026-09-11T19:46:11.268256Z,823659,2026-09-12T00:10:00Z,Minnesota Twins,Cleveland Guardians,Production consensus,spreads,Cleveland Guardians,-1.5,144,2.44
2026-09-11T19:46:11.268256Z,823659,2026-09-12T00:10:00Z,Minnesota Twins,Cleveland Guardians,Production consensus,spreads,Minnesota Twins,1.5,-172,1.58
2026-09-11T19:46:11.268256Z,823659,2026-09-12T00:10:00Z,Minnesota Twins,Cleveland Guardians,Production consensus,totals,Over,7.5,-114,1.88
2026-09-11T19:46:11.268256Z,823659,2026-09-12T00:10:00Z,Minnesota Twins,Cleveland Guardians,Production consensus,totals,Under,7.5,-105,1.95
2026-09-11T19:46:11.268256Z,823012,2026-09-12T00:15:00Z,St. Louis Cardinals,Chicago White Sox,Production consensus,h2h,Chicago White Sox,,-110,1.91
2026-09-11T19:46:11.268256Z,823012,2026-09-12T00:15:00Z,St. Louis Cardinals,Chicago White Sox,Production consensus,h2h,St. Louis Cardinals,,-108,1.93
2026-09-11T19:46:11.268256Z,823012,2026-09-12T00:15:00Z,St. Louis Cardinals,Chicago White Sox,Production consensus,spreads,Chicago White Sox,-1.5,150,2.5
2026-09-11T19:46:11.268256Z,823012,2026-09-12T00:15:00Z,St. Louis Cardinals,Chicago White Sox,Production consensus,spreads,St. Louis Cardinals,1.5,-182,1.55
2026-09-11T19:46:11.268256Z,823012,2026-09-12T00:15:00Z,St. Louis Cardinals,Chicago White Sox,Production consensus,totals,Over,8.0,100,2.0
2026-09-11T19:46:11.268256Z,823012,2026-09-12T00:15:00Z,St. Louis Cardinals,Chicago White Sox,Production consensus,totals,Under,8.0,-118,1.85
2026-09-11T19:46:11.268256Z,824954,2026-09-12T01:40:00Z,Athletics,Seattle Mariners,Production consensus,h2h,Athletics,,140,2.4
2026-09-11T19:46:11.268256Z,824954,2026-09-12T01:40:00Z,Athletics,Seattle Mariners,Production consensus,h2h,Seattle Mariners,,-164,1.61
2026-09-11T19:46:11.268256Z,824954,2026-09-12T01:40:00Z,Athletics,Seattle Mariners,Production consensus,spreads,Athletics,1.5,-114,1.88
2026-09-11T19:46:11.268256Z,824954,2026-09-12T01:40:00Z,Athletics,Seattle Mariners,Production consensus,spreads,Seattle Mariners,-1.5,-105,1.95
2026-09-11T19:46:11.268256Z,824954,2026-09-12T01:40:00Z,Athletics,Seattle Mariners,Production consensus,totals,Over,10.5,-105,1.95
2026-09-11T19:46:11.268256Z,824954,2026-09-12T01:40:00Z,Athletics,Seattle Mariners,Production consensus,totals,Under,10.5,-115,1.87
2026-09-11T19:46:11.268256Z,825036,2026-09-12T01:40:00Z,Arizona Diamondbacks,Texas Rangers,Production consensus,h2h,Arizona Diamondbacks,,-118,1.85
2026-09-11T19:46:11.268256Z,825036,2026-09-12T01:40:00Z,Arizona Diamondbacks,Texas Rangers,Production consensus,h2h,Texas Rangers,,102,2.02
2026-09-11T19:46:11.268256Z,825036,2026-09-12T01:40:00Z,Arizona Diamondbacks,Texas Rangers,Production consensus,spreads,Arizona Diamondbacks,1.5,-192,1.52
2026-09-11T19:46:11.268256Z,825036,2026-09-12T01:40:00Z,Arizona Diamondbacks,Texas Rangers,Production consensus,spreads,Texas Rangers,-1.5,159,2.59
2026-09-11T19:46:11.268256Z,825036,2026-09-12T01:40:00Z,Arizona Diamondbacks,Texas Rangers,Production consensus,totals,Over,8.5,-115,1.87
2026-09-11T19:46:11.268256Z,825036,2026-09-12T01:40:00Z,Arizona Diamondbacks,Texas Rangers,Production consensus,totals,Under,8.5,-103,1.97
2026-09-11T19:46:11.268256Z,823173,2026-09-12T02:15:00Z,San Francisco Giants,San Diego Padres,Production consensus,h2h,San Diego Padres,,-147,1.68
2026-09-11T19:46:11.268256Z,823173,2026-09-12T02:15:00Z,San Francisco Giants,San Diego Padres,Production consensus,h2h,San Francisco Giants,,125,2.25
2026-09-11T19:46:11.268256Z,823173,2026-09-12T02:15:00Z,San Francisco Giants,San Diego Padres,Production consensus,spreads,San Diego Padres,-1.5,118,2.18
2026-09-11T19:46:11.268256Z,823173,2026-09-12T02:15:00Z,San Francisco Giants,San Diego Padres,Production consensus,spreads,San Francisco Giants,1.5,-143,1.7
2026-09-11T19:46:11.268256Z,823173,2026-09-12T02:15:00Z,San Francisco Giants,San Diego Padres,Production consensus,totals,Over,7.5,-115,1.87
2026-09-11T19:46:11.268256Z,823173,2026-09-12T02:15:00Z,San Francisco Giants,San Diego Padres,Production consensus,totals,Under,7.5,-103,1.97
2026-09-11T22:38:16.832460Z,824227,2026-09-11T22:40:00Z,Detroit Tigers,Colorado Rockies,Production consensus,h2h,Colorado Rockies,,154,2.54
2026-09-11T22:38:16.832460Z,824227,2026-09-11T22:40:00Z,Detroit Tigers,Colorado Rockies,Production consensus,h2h,Detroit Tigers,,-185,1.54
2026-09-11T22:38:16.832460Z,824227,2026-09-11T22:40:00Z,Detroit Tigers,Colorado Rockies,Production consensus,spreads,Colorado Rockies,1.5,-141,1.71
2026-09-11T22:38:16.832460Z,824227,2026-09-11T22:40:00Z,Detroit Tigers,Colorado Rockies,Production consensus,spreads,Detroit Tigers,-1.5,119,2.19
2026-09-11T22:38:16.832460Z,824227,2026-09-11T22:40:00Z,Detroit Tigers,Colorado Rockies,Production consensus,totals,Over,8.0,-108,1.93
2026-09-11T22:38:16.832460Z,824227,2026-09-11T22:40:00Z,Detroit Tigers,Colorado Rockies,Production consensus,totals,Under,8.0,-112,1.89
2026-09-11T22:38:16.832460Z,822684,2026-09-11T22:45:00Z,Washington Nationals,Los Angeles Angels,Production consensus,h2h,Los Angeles Angels,,132,2.32
2026-09-11T22:38:16.832460Z,822684,2026-09-11T22:45:00Z,Washington Nationals,Los Angeles Angels,Production consensus,h2h,Washington Nationals,,-154,1.65
2026-09-11T22:38:16.832460Z,822684,2026-09-11T22:45:00Z,Washington Nationals,Los Angeles Angels,Production consensus,spreads,Los Angeles Angels,1.5,-159,1.63
2026-09-11T22:38:16.832460Z,822684,2026-09-11T22:45:00Z,Washington Nationals,Los Angeles Angels,Production consensus,spreads,Washington Nationals,-1.5,135,2.35
2026-09-11T22:38:16.832460Z,822684,2026-09-11T22:45:00Z,Washington Nationals,Los Angeles Angels,Production consensus,totals,Over,7.5,-118,1.85
2026-09-11T22:38:16.832460Z,822684,2026-09-11T22:45:00Z,Washington Nationals,Los Angeles Angels,Production consensus,totals,Under,7.5,5000,51.0
2026-09-11T22:38:16.832460Z,823498,2026-09-11T23:05:00Z,New York Yankees,New York Mets,Production consensus,h2h,New York Mets,,112,2.12
2026-09-11T22:38:16.832460Z,823498,2026-09-11T23:05:00Z,New York Yankees,New York Mets,Production consensus,h2h,New York Yankees,,-135,1.74
2026-09-11T22:38:16.832460Z,823498,2026-09-11T23:05:00Z,New York Yankees,New York Mets,Production consensus,spreads,New York Mets,1.5,-185,1.54
2026-09-11T22:38:16.832460Z,823498,2026-09-11T23:05:00Z,New York Yankees,New York Mets,Production consensus,spreads,New York Yankees,-1.5,155,2.55
2026-09-11T22:38:16.832460Z,823498,2026-09-11T23:05:00Z,New York Yankees,New York Mets,Production consensus,totals,Over,8.0,-115,1.87
2026-09-11T22:38:16.832460Z,823498,2026-09-11T23:05:00Z,New York Yankees,New York Mets,Production consensus,totals,Under,8.0,-105,1.95
2026-09-11T22:38:16.832460Z,822767,2026-09-11T23:07:00Z,Toronto Blue Jays,Baltimore Orioles,Production consensus,h2h,Baltimore Orioles,,113,2.13
2026-09-11T22:38:16.832460Z,822767,2026-09-11T23:07:00Z,Toronto Blue Jays,Baltimore Orioles,Production consensus,h2h,Toronto Blue Jays,,-133,1.75
2026-09-11T22:38:16.832460Z,822767,2026-09-11T23:07:00Z,Toronto Blue Jays,Baltimore Orioles,Production consensus,spreads,Baltimore Orioles,1.5,-189,1.53
2026-09-11T22:38:16.832460Z,822767,2026-09-11T23:07:00Z,Toronto Blue Jays,Baltimore Orioles,Production consensus,spreads,Toronto Blue Jays,-1.5,158,2.58
2026-09-11T22:38:16.832460Z,822767,2026-09-11T23:07:00Z,Toronto Blue Jays,Baltimore Orioles,Production consensus,totals,Over,7.5,-120,1.83
2026-09-11T22:38:16.832460Z,822767,2026-09-11T23:07:00Z,Toronto Blue Jays,Baltimore Orioles,Production consensus,totals,Under,7.5,100,2.0
2026-09-11T22:38:16.832460Z,822930,2026-09-11T23:10:00Z,Tampa Bay Rays,Houston Astros,Production consensus,h2h,Houston Astros,,161,2.61
2026-09-11T22:38:16.832460Z,822930,2026-09-11T23:10:00Z,Tampa Bay Rays,Houston Astros,Production consensus,h2h,Tampa Bay Rays,,-189,1.53
2026-09-11T22:38:16.832460Z,822930,2026-09-11T23:10:00Z,Tampa Bay Rays,Houston Astros,Production consensus,spreads,Houston Astros,1.5,-135,1.74
2026-09-11T22:38:16.832460Z,822930,2026-09-11T23:10:00Z,Tampa Bay Rays,Houston Astros,Production consensus,spreads,Tampa Bay Rays,-1.5,113,2.13
2026-09-11T22:38:16.832460Z,822930,2026-09-11T23:10:00Z,Tampa Bay Rays,Houston Astros,Production consensus,totals,Over,7.5,-109,1.92
2026-09-11T22:38:16.832460Z,822930,2026-09-11T23:10:00Z,Tampa Bay Rays,Houston Astros,Production consensus,totals,Under,7.5,-110,1.91
2026-09-11T22:38:16.832460Z,823817,2026-09-11T23:10:00Z,Miami Marlins,Los Angeles Dodgers,Production consensus,h2h,Los Angeles Dodgers,,-196,1.51
2026-09-11T22:38:16.832460Z,823817,2026-09-11T23:10:00Z,Miami Marlins,Los Angeles Dodgers,Production consensus,h2h,Miami Marlins,,170,2.7
2026-09-11T22:38:16.832460Z,823817,2026-09-11T23:10:00Z,Miami Marlins,Los Angeles Dodgers,Production consensus,spreads,Los Angeles Dodgers,-1.5,-115,1.87
2026-09-11T22:38:16.832460Z,823817,2026-09-11T23:10:00Z,Miami Marlins,Los Angeles Dodgers,Production consensus,spreads,Miami Marlins,1.5,-104,1.96
2026-09-11T22:38:16.832460Z,823817,2026-09-11T23:10:00Z,Miami Marlins,Los Angeles Dodgers,Production consensus,totals,Over,7.5,100,2.0
2026-09-11T22:38:16.832460Z,823817,2026-09-11T23:10:00Z,Miami Marlins,Los Angeles Dodgers,Production consensus,totals,Under,7.5,-120,1.83
2026-09-11T22:38:16.832460Z,824711,2026-09-11T23:10:00Z,Boston Red Sox,Kansas City Royals,Production consensus,h2h,Boston Red Sox,,-200,1.5
2026-09-11T22:38:16.832460Z,824711,2026-09-11T23:10:00Z,Boston Red Sox,Kansas City Royals,Production consensus,h2h,Kansas City Royals,,168,2.68
2026-09-11T22:38:16.832460Z,824711,2026-09-11T23:10:00Z,Boston Red Sox,Kansas City Royals,Production consensus,spreads,Boston Red Sox,-1.5,102,2.02
2026-09-11T22:38:16.832460Z,824711,2026-09-11T23:10:00Z,Boston Red Sox,Kansas City Royals,Production consensus,spreads,Kansas City Royals,1.5,-122,1.82
2026-09-11T22:38:16.832460Z,824711,2026-09-11T23:10:00Z,Boston Red Sox,Kansas City Royals,Production consensus,totals,Over,8.5,-105,1.95
2026-09-11T22:38:16.832460Z,824711,2026-09-11T23:10:00Z,Boston Red Sox,Kansas City Royals,Production consensus,totals,Under,8.5,-115,1.87
2026-09-11T22:38:16.832460Z,824873,2026-09-11T23:15:00Z,Atlanta Braves,Philadelphia Phillies,Production consensus,h2h,Atlanta Braves,,-179,1.56
2026-09-11T22:38:16.832460Z,824873,2026-09-11T23:15:00Z,Atlanta Braves,Philadelphia Phillies,Production consensus,h2h,Philadelphia Phillies,,155,2.55
2026-09-11T22:38:16.832460Z,824873,2026-09-11T23:15:00Z,Atlanta Braves,Philadelphia Phillies,Production consensus,spreads,Atlanta Braves,-1.5,118,2.18
2026-09-11T22:38:16.832460Z,824873,2026-09-11T23:15:00Z,Atlanta Braves,Philadelphia Phillies,Production consensus,spreads,Philadelphia Phillies,1.5,-141,1.71
2026-09-11T22:38:16.832460Z,824873,2026-09-11T23:15:00Z,Atlanta Braves,Philadelphia Phillies,Production consensus,totals,Over,7.5,102,2.02
2026-09-11T22:38:16.832460Z,824873,2026-09-11T23:15:00Z,Atlanta Braves,Philadelphia Phillies,Production consensus,totals,Under,7.5,-119,1.84
2026-09-11T22:38:16.832460Z,823736,2026-09-11T23:45:00Z,Milwaukee Brewers,Cincinnati Reds,Production consensus,h2h,Cincinnati Reds,,169,2.69
2026-09-11T22:38:16.832460Z,823736,2026-09-11T23:45:00Z,Milwaukee Brewers,Cincinnati Reds,Production consensus,h2h,Milwaukee Brewers,,-200,1.5
2026-09-11T22:38:16.832460Z,823736,2026-09-11T23:45:00Z,Milwaukee Brewers,Cincinnati Reds,Production consensus,spreads,Cincinnati Reds,1.5,-128,1.78
2026-09-11T22:38:16.832460Z,823736,2026-09-11T23:45:00Z,Milwaukee Brewers,Cincinnati Reds,Production consensus,spreads,Milwaukee Brewers,-1.5,105,2.05
2026-09-11T22:38:16.832460Z,823736,2026-09-11T23:45:00Z,Milwaukee Brewers,Cincinnati Reds,Production consensus,totals,Over,8.0,-114,1.88
2026-09-11T22:38:16.832460Z,823736,2026-09-11T23:45:00Z,Milwaukee Brewers,Cincinnati Reds,Production consensus,totals,Under,8.0,-105,1.95
2026-09-11T22:38:16.832460Z,823659,2026-09-12T00:10:00Z,Minnesota Twins,Cleveland Guardians,Production consensus,h2h,Cleveland Guardians,,-118,1.85
2026-09-11T22:38:16.832460Z,823659,2026-09-12T00:10:00Z,Minnesota Twins,Cleveland Guardians,Production consensus,h2h,Minnesota Twins,,-101,1.99
2026-09-11T22:38:16.832460Z,823659,2026-09-12T00:10:00Z,Minnesota Twins,Cleveland Guardians,Production consensus,spreads,Cleveland Guardians,-1.5,140,2.4
2026-09-11T22:38:16.832460Z,823659,2026-09-12T00:10:00Z,Minnesota Twins,Cleveland Guardians,Production consensus,spreads,Minnesota Twins,1.5,-169,1.59
2026-09-11T22:38:16.832460Z,823659,2026-09-12T00:10:00Z,Minnesota Twins,Cleveland Guardians,Production consensus,totals,Over,7.5,-114,1.88
2026-09-11T22:38:16.832460Z,823659,2026-09-12T00:10:00Z,Minnesota Twins,Cleveland Guardians,Production consensus,totals,Under,7.5,-105,1.95
2026-09-11T22:38:16.832460Z,823012,2026-09-12T00:15:00Z,St. Louis Cardinals,Chicago White Sox,Production consensus,h2h,Chicago White Sox,,-105,1.95
2026-09-11T22:38:16.832460Z,823012,2026-09-12T00:15:00Z,St. Louis Cardinals,Chicago White Sox,Production consensus,h2h,St. Louis Cardinals,,-114,1.88
2026-09-11T22:38:16.832460Z,823012,2026-09-12T00:15:00Z,St. Louis Cardinals,Chicago White Sox,Production consensus,spreads,Chicago White Sox,-1.5,158,2.58
2026-09-11T22:38:16.832460Z,823012,2026-09-12T00:15:00Z,St. Louis Cardinals,Chicago White Sox,Production consensus,spreads,St. Louis Cardinals,1.5,-189,1.53
2026-09-11T22:38:16.832460Z,823012,2026-09-12T00:15:00Z,St. Louis Cardinals,Chicago White Sox,Production consensus,totals,Over,7.5,-118,1.85
2026-09-11T22:38:16.832460Z,823012,2026-09-12T00:15:00Z,St. Louis Cardinals,Chicago White Sox,Production consensus,totals,Under,7.5,-103,1.97
2026-09-11T22:38:16.832460Z,824954,2026-09-12T01:40:00Z,Athletics,Seattle Mariners,Production consensus,h2h,Athletics,,140,2.4
2026-09-11T22:38:16.832460Z,824954,2026-09-12T01:40:00Z,Athletics,Seattle Mariners,Production consensus,h2h,Seattle Mariners,,-164,1.61
2026-09-11T22:38:16.832460Z,824954,2026-09-12T01:40:00Z,Athletics,Seattle Mariners,Production consensus,spreads,Athletics,1.5,-112,1.89
2026-09-11T22:38:16.832460Z,824954,2026-09-12T01:40:00Z,Athletics,Seattle Mariners,Production consensus,spreads,Seattle Mariners,-1.5,-108,1.93
2026-09-11T22:38:16.832460Z,824954,2026-09-12T01:40:00Z,Athletics,Seattle Mariners,Production consensus,totals,Over,10.5,-105,1.95
2026-09-11T22:38:16.832460Z,824954,2026-09-12T01:40:00Z,Athletics,Seattle Mariners,Production consensus,totals,Under,10.5,-115,1.87
2026-09-11T22:38:16.832460Z,825036,2026-09-12T01:40:00Z,Arizona Diamondbacks,Texas Rangers,Production consensus,h2h,Arizona Diamondbacks,,-118,1.85
2026-09-11T22:38:16.832460Z,825036,2026-09-12T01:40:00Z,Arizona Diamondbacks,Texas Rangers,Production consensus,h2h,Texas Rangers,,101,2.01
2026-09-11T22:38:16.832460Z,825036,2026-09-12T01:40:00Z,Arizona Diamondbacks,Texas Rangers,Production consensus,spreads,Arizona Diamondbacks,1.5,-200,1.5
2026-09-11T22:38:16.832460Z,825036,2026-09-12T01:40:00Z,Arizona Diamondbacks,Texas Rangers,Production consensus,spreads,Texas Rangers,-1.5,165,2.65
2026-09-11T22:38:16.832460Z,825036,2026-09-12T01:40:00Z,Arizona Diamondbacks,Texas Rangers,Production consensus,totals,Over,8.5,-118,1.85
2026-09-11T22:38:16.832460Z,825036,2026-09-12T01:40:00Z,Arizona Diamondbacks,Texas Rangers,Production consensus,totals,Under,8.5,-102,1.98
2026-09-11T22:38:16.832460Z,823173,2026-09-12T02:15:00Z,San Francisco Giants,San Diego Padres,Production consensus,h2h,San Diego Padres,,-161,1.62
2026-09-11T22:38:16.832460Z,823173,2026-09-12T02:15:00Z,San Francisco Giants,San Diego Padres,Production consensus,h2h,San Francisco Giants,,134,2.34
2026-09-11T22:38:16.832460Z,823173,2026-09-12T02:15:00Z,San Francisco Giants,San Diego Padres,Production consensus,spreads,San Diego Padres,-1.5,110,2.1
2026-09-11T22:38:16.832460Z,823173,2026-09-12T02:15:00Z,San Francisco Giants,San Diego Padres,Production consensus,spreads,San Francisco Giants,1.5,-130,1.77
2026-09-11T22:38:16.832460Z,823173,2026-09-12T02:15:00Z,San Francisco Giants,San Diego Padres,Production consensus,totals,Over,7.5,-115,1.87
2026-09-11T22:38:16.832460Z,823173,2026-09-12T02:15:00Z,San Francisco Giants,San Diego Padres,Production consensus,totals,Under,7.5,-105,1.95
2026-09-12T01:10:19.406427Z,824954,2026-09-12T01:40:00Z,Athletics,Seattle Mariners,Production consensus,h2h,Athletics,,141,2.41
2026-09-12T01:10:19.406427Z,824954,2026-09-12T01:40:00Z,Athletics,Seattle Mariners,Production consensus,h2h,Seattle Mariners,,-164,1.61
2026-09-12T01:10:19.406427Z,824954,2026-09-12T01:40:00Z,Athletics,Seattle Mariners,Production consensus,spreads,Athletics,1.5,-114,1.88
2026-09-12T01:10:19.406427Z,824954,2026-09-12T01:40:00Z,Athletics,Seattle Mariners,Production consensus,spreads,Seattle Mariners,-1.5,-106,1.94
2026-09-12T01:10:19.406427Z,824954,2026-09-12T01:40:00Z,Athletics,Seattle Mariners,Production consensus,totals,Over,10.5,-105,1.95
2026-09-12T01:10:19.406427Z,824954,2026-09-12T01:40:00Z,Athletics,Seattle Mariners,Production consensus,totals,Under,10.5,-114,1.88
2026-09-12T01:10:19.406427Z,825036,2026-09-12T01:40:00Z,Arizona Diamondbacks,Texas Rangers,Production consensus,h2h,Arizona Diamondbacks,,-118,1.85
2026-09-12T01:10:19.406427Z,825036,2026-09-12T01:40:00Z,Arizona Diamondbacks,Texas Rangers,Production consensus,h2h,Texas Rangers,,101,2.01
2026-09-12T01:10:19.406427Z,825036,2026-09-12T01:40:00Z,Arizona Diamondbacks,Texas Rangers,Production consensus,spreads,Arizona Diamondbacks,-1.5,161,2.61
2026-09-12T01:10:19.406427Z,825036,2026-09-12T01:40:00Z,Arizona Diamondbacks,Texas Rangers,Production consensus,spreads,Texas Rangers,1.5,-189,1.53
2026-09-12T01:10:19.406427Z,825036,2026-09-12T01:40:00Z,Arizona Diamondbacks,Texas Rangers,Production consensus,totals,Over,8.5,-118,1.85
2026-09-12T01:10:19.406427Z,825036,2026-09-12T01:40:00Z,Arizona Diamondbacks,Texas Rangers,Production consensus,totals,Under,8.5,-102,1.98
2026-09-12T01:10:19.406427Z,823173,2026-09-12T02:15:00Z,San Francisco Giants,San Diego Padres,Production consensus,h2h,San Diego Padres,,-161,1.62
2026-09-12T01:10:19.406427Z,823173,2026-09-12T02:15:00Z,San Francisco Giants,San Diego Padres,Production consensus,h2h,San Francisco Giants,,134,2.34
2026-09-12T01:10:19.406427Z,823173,2026-09-12T02:15:00Z,San Francisco Giants,San Diego Padres,Production consensus,spreads,San Diego Padres,-1.5,109,2.09
2026-09-12T01:10:19.406427Z,823173,2026-09-12T02:15:00Z,San Francisco Giants,San Diego Padres,Production consensus,spreads,San Francisco Giants,1.5,-130,1.77
2026-09-12T01:10:19.406427Z,823173,2026-09-12T02:15:00Z,San Francisco Giants,San Diego Padres,Production consensus,totals,Over,7.5,-115,1.87
2026-09-12T01:10:19.406427Z,823173,2026-09-12T02:15:00Z,San Francisco Giants,San Diego Padres,Production consensus,totals,Under,7.5,-105,1.95
2026-09-12T10:52:08.947956Z,824224,2026-09-12T17:10:00Z,Detroit Tigers,Colorado Rockies,Production consensus,h2h,Colorado Rockies,,145,2.45
2026-09-12T10:52:08.947956Z,824224,2026-09-12T17:10:00Z,Detroit Tigers,Colorado Rockies,Production consensus,h2h,Detroit Tigers,,-175,1.57
2026-09-12T10:52:08.947956Z,824224,2026-09-12T17:10:00Z,Detroit Tigers,Colorado Rockies,Production consensus,spreads,Colorado Rockies,1.5,-149,1.67
2026-09-12T10:52:08.947956Z,824224,2026-09-12T17:10:00Z,Detroit Tigers,Colorado Rockies,Production consensus,spreads,Detroit Tigers,-1.5,125,2.25
2026-09-12T10:52:08.947956Z,824224,2026-09-12T17:10:00Z,Detroit Tigers,Colorado Rockies,Production consensus,totals,Over,8.5,-105,1.95
2026-09-12T10:52:08.947956Z,824224,2026-09-12T17:10:00Z,Detroit Tigers,Colorado Rockies,Production consensus,totals,Under,8.5,-115,1.87
2026-09-12T10:52:08.947956Z,823496,2026-09-12T17:35:00Z,New York Yankees,New York Mets,Production consensus,h2h,New York Mets,,154,2.54
2026-09-12T10:52:08.947956Z,823496,2026-09-12T17:35:00Z,New York Yankees,New York Mets,Production consensus,h2h,New York Yankees,,-185,1.54
2026-09-12T10:52:08.947956Z,823496,2026-09-12T17:35:00Z,New York Yankees,New York Mets,Production consensus,spreads,New York Mets,1.5,-141,1.71
2026-09-12T10:52:08.947956Z,823496,2026-09-12T17:35:00Z,New York Yankees,New York Mets,Production consensus,spreads,New York Yankees,-1.5,116,2.16
2026-09-12T10:52:08.947956Z,823496,2026-09-12T17:35:00Z,New York Yankees,New York Mets,Production consensus,totals,Over,8.5,106,2.06
2026-09-12T10:52:08.947956Z,823496,2026-09-12T17:35:00Z,New York Yankees,New York Mets,Production consensus,totals,Under,8.5,-125,1.8
2026-09-12T10:52:08.947956Z,824630,2026-09-12T18:20:00Z,Chicago Cubs,Pittsburgh Pirates,Production consensus,h2h,Chicago Cubs,,-122,1.82
2026-09-12T10:52:08.947956Z,824630,2026-09-12T18:20:00Z,Chicago Cubs,Pittsburgh Pirates,Production consensus,h2h,Pittsburgh Pirates,,105,2.05
2026-09-12T10:52:08.947956Z,824630,2026-09-12T18:20:00Z,Chicago Cubs,Pittsburgh Pirates,Production consensus,spreads,Chicago Cubs,-1.5,159,2.59
2026-09-12T10:52:08.947956Z,824630,2026-09-12T18:20:00Z,Chicago Cubs,Pittsburgh Pirates,Production consensus,spreads,Pittsburgh Pirates,1.5,-189,1.53
2026-09-12T10:52:08.947956Z,824630,2026-09-12T18:20:00Z,Chicago Cubs,Pittsburgh Pirates,Production consensus,totals,Over,9.0,-104,1.96
2026-09-12T10:52:08.947956Z,824630,2026-09-12T18:20:00Z,Chicago Cubs,Pittsburgh Pirates,Production consensus,totals,Under,9.0,-115,1.87
