GameID,Date,Season,Away,Home,Away_Score,Home_Score,Innings,Venue
642138,2021-02-28,2021,Pittsburgh Pirates,Baltimore Orioles,6,4,8,Ed Smith Stadium
641924,2021-02-28,2021,Washington Nationals,St. Louis Cardinals,4,4,9,Roger Dean Chevrolet Stadium
641561,2021-02-28,2021,Boston Red Sox,Minnesota Twins,6,7,7,Hammond Stadium
642081,2021-02-28,2021,Philadelphia Phillies,Detroit Tigers,2,10,7,Publix Field at Joker Marchant Stadium
641585,2021-02-28,2021,Atlanta Braves,Tampa Bay Rays,7,9,7,Charlotte Sports Park
642122,2021-02-28,2021,Miami Marlins,Houston Astros,6,1,7,The Ballpark of the Palm Beaches
641623,2021-02-28,2021,Toronto Blue Jays,New York Yankees,6,4,7,George M. Steinbrenner Field
642186,2021-02-28,2021,Cincinnati Reds,Cleveland Indians,1,5,8,Goodyear Ballpark
641992,2021-02-28,2021,Los Angeles Dodgers,Oakland Athletics,2,1,7,Hohokam Stadium
641991,2021-02-28,2021,Los Angeles Angels,San Francisco Giants,5,2,7,Scottsdale Stadium
642091,2021-02-28,2021,Texas Rangers,Kansas City Royals,2,3,6,Surprise Stadium
641552,2021-02-28,2021,Milwaukee Brewers,Chicago White Sox,7,2,6,Camelback Ranch
642181,2021-02-28,2021,Arizona Diamondbacks,Colorado Rockies,2,5,8,Salt River Fields at Talking Stick
642018,2021-02-28,2021,San Diego Padres,Seattle Mariners,4,5,9,Peoria Stadium
642055,2021-03-01,2021,Houston Astros,Washington Nationals,7,6,9,The Ballpark of the Palm Beaches
641630,2021-03-01,2021,Minnesota Twins,Tampa Bay Rays,6,5,6,Charlotte Sports Park
641587,2021-03-01,2021,Baltimore Orioles,Philadelphia Phillies,4,4,7,BayCare Ballpark
642143,2021-03-01,2021,Atlanta Braves,Boston Red Sox,5,3,7,JetBlue Park
641961,2021-03-01,2021,New York Mets,Miami Marlins,0,2,7,Roger Dean Chevrolet Stadium
641538,2021-03-01,2021,Detroit Tigers,New York Yankees,4,5,7,George M. Steinbrenner Field
641634,2021-03-01,2021,Pittsburgh Pirates,Toronto Blue Jays,2,2,7,TD Ballpark
642202,2021-03-01,2021,Kansas City Royals,Cleveland Indians,8,6,9,Goodyear Ballpark
642102,2021-03-01,2021,Colorado Rockies,Los Angeles Dodgers,0,10,6,Camelback Ranch
641999,2021-03-01,2021,Cincinnati Reds,Oakland Athletics,5,13,7,Hohokam Stadium
641697,2021-03-01,2021,San Francisco Giants,Texas Rangers,1,1,6,Surprise Stadium
642028,2021-03-01,2021,Chicago Cubs,San Diego Padres,1,0,7,Peoria Stadium
642190,2021-03-01,2021,Chicago White Sox,Los Angeles Angels,4,4,5,Tempe Diablo Stadium
642166,2021-03-01,2021,Milwaukee Brewers,Arizona Diamondbacks,7,1,8,Salt River Fields at Talking Stick
642031,2021-03-02,2021,Detroit Tigers,Pittsburgh Pirates,6,1,5,LECOM Park
642141,2021-03-02,2021,Tampa Bay Rays,Boston Red Sox,3,9,9,JetBlue Park
641553,2021-03-02,2021,Minnesota Twins,Atlanta Braves,0,6,7,CoolToday Park
641627,2021-03-02,2021,St. Louis Cardinals,Miami Marlins,0,0,7,Roger Dean Chevrolet Stadium
642157,2021-03-02,2021,New York Yankees,Baltimore Orioles,4,2,7,Ed Smith Stadium
641784,2021-03-02,2021,Philadelphia Phillies,Toronto Blue Jays,2,4,6,TD Ballpark
642065,2021-03-02,2021,Houston Astros,New York Mets,0,2,7,Clover Park
642178,2021-03-02,2021,Kansas City Royals,Chicago Cubs,2,3,7,Sloan Park
641540,2021-03-02,2021,Texas Rangers,Chicago White Sox,5,5,6,Camelback Ranch
642208,2021-03-02,2021,San Diego Padres,Arizona Diamondbacks,7,2,8,Salt River Fields at Talking Stick
641980,2021-03-02,2021,Cleveland Indians,Seattle Mariners,6,1,8,Peoria Stadium
641610,2021-03-02,2021,Oakland Athletics,Milwaukee Brewers,2,1,7,American Family Fields of Phoenix
642211,2021-03-02,2021,Los Angeles Angels,Cincinnati Reds,5,7,8,Goodyear Ballpark
641990,2021-03-02,2021,Los Angeles Dodgers,San Francisco Giants,1,1,7,Scottsdale Stadium
641934,2021-03-03,2021,New York Mets,St. Louis Cardinals,9,14,9,Roger Dean Chevrolet Stadium
641896,2021-03-03,2021,Pittsburgh Pirates,Tampa Bay Rays,1,3,6,Charlotte Sports Park
641578,2021-03-03,2021,Boston Red Sox,Minnesota Twins,14,6,7,Hammond Stadium
642078,2021-03-03,2021,Philadelphia Phillies,Detroit Tigers,4,2,7,Publix Field at Joker Marchant Stadium
641582,2021-03-03,2021,Baltimore Orioles,Atlanta Braves,8,1,7,CoolToday Park
642053,2021-03-03,2021,Miami Marlins,Washington Nationals,8,5,9,The Ballpark of the Palm Beaches
642194,2021-03-03,2021,Arizona Diamondbacks,Cleveland Indians,9,4,7,Goodyear Ballpark
642125,2021-03-03,2021,Seattle Mariners,Chicago Cubs,8,8,9,Sloan Park
642168,2021-03-03,2021,Chicago White Sox,Kansas City Royals,5,6,6,Surprise Stadium
642098,2021-03-03,2021,Oakland Athletics,Colorado Rockies,7,10,7,Salt River Fields at Talking Stick
642226,2021-03-03,2021,Texas Rangers,Los Angeles Angels,2,6,6,Tempe Diablo Stadium
642036,2021-03-03,2021,Milwaukee Brewers,San Diego Padres,8,5,8,Peoria Stadium
641814,2021-03-03,2021,Toronto Blue Jays,New York Yankees,1,4,7,George M. Steinbrenner Field
642129,2021-03-03,2021,Cincinnati Reds,Los Angeles Dodgers,4,4,7,Camelback Ranch
642142,2021-03-04,2021,Boston Red Sox,Baltimore Orioles,3,6,6,Ed Smith Stadium
642077,2021-03-04,2021,Toronto Blue Jays,Detroit Tigers,2,8,7,Publix Field at Joker Marchant Stadium
641567,2021-03-04,2021,Tampa Bay Rays,Minnesota Twins,5,2,7,Hammond Stadium
641985,2021-03-04,2021,Atlanta Braves,Pittsburgh Pirates,1,6,7,LECOM Park
641584,2021-03-04,2021,New York Yankees,Philadelphia Phillies,0,15,8,BayCare Ballpark
642064,2021-03-04,2021,Washington Nationals,New York Mets,4,8,9,Clover Park
641812,2021-03-04,2021,San Diego Padres,Texas Rangers,3,5,7,Surprise Stadium
641973,2021-03-04,2021,Chicago White Sox,San Francisco Giants,1,3,7,Scottsdale Stadium
642174,2021-03-04,2021,Los Angeles Angels,Arizona Diamondbacks,2,9,9,Salt River Fields at Talking Stick
641979,2021-03-04,2021,Colorado Rockies,Seattle Mariners,9,9,9,Peoria Stadium
641557,2021-03-04,2021,Cleveland Indians,Milwaukee Brewers,5,1,8,American Family Fields of Phoenix
642121,2021-03-04,2021,St. Louis Cardinals,Houston Astros,0,14,9,The Ballpark of the Palm Beaches
642093,2021-03-04,2021,Kansas City Royals,Cincinnati Reds,5,3,9,Goodyear Ballpark
641997,2021-03-04,2021,Chicago Cubs,Los Angeles Dodgers,7,0,7,Camelback Ranch
642183,2021-03-05,2021,Tampa Bay Rays,Boston Red Sox,5,6,7,JetBlue Park
641583,2021-03-05,2021,Pittsburgh Pirates,Philadelphia Phillies,0,3,9,BayCare Ballpark
641543,2021-03-05,2021,Minnesota Twins,Atlanta Braves,0,4,7,CoolToday Park
641849,2021-03-05,2021,Houston Astros,Miami Marlins,0,1,8,Roger Dean Chevrolet Stadium
641619,2021-03-05,2021,Detroit Tigers,New York Yankees,1,1,9,George M. Steinbrenner Field
641937,2021-03-05,2021,Baltimore Orioles,Toronto Blue Jays,4,13,8,TD Ballpark
642207,2021-03-05,2021,Cleveland Indians,Chicago Cubs,10,4,7,Sloan Park
642134,2021-03-05,2021,Los Angeles Dodgers,Kansas City Royals,7,5,9,Surprise Stadium
642023,2021-03-05,2021,Los Angeles Angels,Oakland Athletics,7,3,7,Hohokam Stadium
641546,2021-03-05,2021,Seattle Mariners,Chicago White Sox,2,2,7,Camelback Ranch
642079,2021-03-05,2021,Milwaukee Brewers,Colorado Rockies,12,3,9,Salt River Fields at Talking Stick
642052,2021-03-05,2021,St. Louis Cardinals,Washington Nationals,6,7,9,The Ballpark of the Palm Beaches
642214,2021-03-05,2021,Arizona Diamondbacks,Cincinnati Reds,5,3,9,Goodyear Ballpark
642037,2021-03-05,2021,San Francisco Giants,San Diego Padres,3,9,8,Peoria Stadium
642119,2021-03-06,2021,New York Mets,Houston Astros,6,1,6,The Ballpark of the Palm Beaches
641848,2021-03-06,2021,Washington Nationals,Miami Marlins,5,3,7,Roger Dean Chevrolet Stadium
641986,2021-03-06,2021,New York Yankees,Pittsburgh Pirates,2,3,7,LECOM Park
641629,2021-03-06,2021,Philadelphia Phillies,Toronto Blue Jays,1,7,7,TD Ballpark
642016,2021-03-06,2021,San Diego Padres,Los Angeles Dodgers,2,1,7,Camelback Ranch
641988,2021-03-06,2021,Kansas City Royals,San Francisco Giants,8,6,9,Scottsdale Stadium
642115,2021-03-06,2021,Chicago White Sox,Cleveland Indians,7,0,7,Goodyear Ballpark
642188,2021-03-06,2021,Colorado Rockies,Los Angeles Angels,8,2,7,Tempe Diablo Stadium
642004,2021-03-06,2021,Oakland Athletics,Seattle Mariners,1,1,7,Peoria Stadium
642192,2021-03-06,2021,Texas Rangers,Arizona Diamondbacks,7,6,9,Salt River Fields at Talking Stick
641813,2021-03-06,2021,Chicago Cubs,Milwaukee Brewers,3,1,7,American Family Fields of Phoenix
642164,2021-03-06,2021,Detroit Tigers,Baltimore Orioles,6,5,9,Ed Smith Stadium
642030,2021-03-07,2021,Baltimore Orioles,Pittsburgh Pirates,1,13,9,LECOM Park
641608,2021-03-07,2021,Houston Astros,St. Louis Cardinals,5,8,9,Roger Dean Chevrolet Stadium
642080,2021-03-07,2021,Toronto Blue Jays,Detroit Tigers,1,5,8,Publix Field at Joker Marchant Stadium
641577,2021-03-07,2021,Tampa Bay Rays,Minnesota Twins,4,8,8,Hammond Stadium
641581,2021-03-07,2021,Boston Red Sox,Atlanta Braves,4,5,9,CoolToday Park
641589,2021-03-07,2021,Philadelphia Phillies,New York Yankees,0,4,9,George M. Steinbrenner Field
642069,2021-03-07,2021,Miami Marlins,New York Mets,4,4,9,Clover Park
642021,2021-03-07,2021,Cleveland Indians,Oakland Athletics,4,9,7,Hohokam Stadium
642173,2021-03-07,2021,San Francisco Giants,Cincinnati Reds,9,4,8,Goodyear Ballpark
641941,2021-03-07,2021,Los Angeles Dodgers,Texas Rangers,3,4,8,Surprise Stadium
641592,2021-03-07,2021,Colorado Rockies,Chicago White Sox,1,0,7,Camelback Ranch
642213,2021-03-07,2021,Chicago Cubs,Arizona Diamondbacks,4,5,9,Salt River Fields at Talking Stick
642035,2021-03-07,2021,Kansas City Royals,San Diego Padres,4,3,9,Peoria Stadium
642222,2021-03-07,2021,Seattle Mariners,Los Angeles Angels,2,6,6,Tempe Diablo Stadium
642049,2021-03-08,2021,New York Mets,Washington Nationals,5,9,9,The Ballpark of the Palm Beaches
641933,2021-03-08,2021,Miami Marlins,St. Louis Cardinals,7,7,9,Roger Dean Chevrolet Stadium
642106,2021-03-08,2021,Oakland Athletics,Kansas City Royals,3,10,7,Surprise Stadium
642201,2021-03-08,2021,Seattle Mariners,Cleveland Indians,0,10,9,Goodyear Ballpark
642001,2021-03-08,2021,Arizona Diamondbacks,San Francisco Giants,2,2,9,Scottsdale Stadium
642154,2021-03-08,2021,Texas Rangers,Chicago Cubs,0,9,7,Sloan Park
641996,2021-03-08,2021,Chicago White Sox,Los Angeles Dodgers,0,8,7,Camelback Ranch
642089,2021-03-08,2021,Cincinnati Reds,Colorado Rockies,6,4,9,Salt River Fields at Talking Stick
641643,2021-03-08,2021,Los Angeles Angels,Milwaukee Brewers,9,10,7,American Family Fields of Phoenix
641604,2021-03-09,2021,Boston Red Sox,Tampa Bay Rays,3,11,9,Charlotte Sports Park
641576,2021-03-09,2021,Baltimore Orioles,Minnesota Twins,0,1,7,Hammond Stadium
641580,2021-03-09,2021,Pittsburgh Pirates,Atlanta Braves,10,1,9,CoolToday Park
642076,2021-03-09,2021,New York Yankees,Detroit Tigers,5,6,9,Publix Field at Joker Marchant Stadium
641641,2021-03-09,2021,Philadelphia Phillies,Toronto Blue Jays,1,4,9,TD Ballpark
642068,2021-03-09,2021,St. Louis Cardinals,New York Mets,3,5,9,Clover Park
642210,2021-03-09,2021,Oakland Athletics,Chicago Cubs,8,9,7,Sloan Park
641596,2021-03-09,2021,Cleveland Indians,Texas Rangers,9,2,9,Surprise Stadium
641962,2021-03-09,2021,San Diego Padres,Chicago White Sox,4,2,9,Camelback Ranch
642180,2021-03-09,2021,Colorado Rockies,Arizona Diamondbacks,11,4,8,Salt River Fields at Talking Stick
641972,2021-03-09,2021,Kansas City Royals,Seattle Mariners,3,6,9,Peoria Stadium
641786,2021-03-09,2021,San Francisco Giants,Milwaukee Brewers,7,13,9,American Family Fields of Phoenix
642114,2021-03-09,2021,Washington Nationals,Houston Astros,4,4,9,The Ballpark of the Palm Beaches
642145,2021-03-09,2021,Los Angeles Dodgers,Cincinnati Reds,5,3,9,Goodyear Ballpark
642051,2021-03-10,2021,St. Louis Cardinals,Washington Nationals,2,3,9,The Ballpark of the Palm Beaches
642162,2021-03-10,2021,Toronto Blue Jays,Baltimore Orioles,3,4,7,Ed Smith Stadium
641599,2021-03-10,2021,Minnesota Twins,Tampa Bay Rays,6,2,8,Charlotte Sports Park
641566,2021-03-10,2021,Detroit Tigers,Philadelphia Phillies,4,6,9,BayCare Ballpark
642163,2021-03-10,2021,Atlanta Braves,Boston Red Sox,3,5,9,JetBlue Park
642107,2021-03-10,2021,Los Angeles Angels,Cleveland Indians,4,2,8,Goodyear Ballpark
642039,2021-03-10,2021,Cincinnati Reds,Kansas City Royals,3,9,9,Surprise Stadium
642002,2021-03-10,2021,Chicago Cubs,San Francisco Giants,6,7,9,Scottsdale Stadium
642009,2021-03-10,2021,Milwaukee Brewers,Oakland Athletics,1,9,7,Hohokam Stadium
642103,2021-03-10,2021,San Diego Padres,Colorado Rockies,5,7,7,Salt River Fields at Talking Stick
641969,2021-03-10,2021,Texas Rangers,Seattle Mariners,17,5,7,Peoria Stadium
641847,2021-03-10,2021,Houston Astros,Miami Marlins,4,4,9,Roger Dean Chevrolet Stadium
641960,2021-03-10,2021,Pittsburgh Pirates,New York Yankees,5,6,9,George M. Steinbrenner Field
642011,2021-03-10,2021,Arizona Diamondbacks,Los Angeles Dodgers,2,3,8,Camelback Ranch
642060,2021-03-11,2021,Baltimore Orioles,Pittsburgh Pirates,5,7,9,LECOM Park
641574,2021-03-11,2021,Boston Red Sox,Minnesota Twins,5,4,8,Hammond Stadium
641551,2021-03-11,2021,Tampa Bay Rays,Atlanta Braves,0,2,9,CoolToday Park
641624,2021-03-11,2021,Washington Nationals,Miami Marlins,1,1,9,Roger Dean Chevrolet Stadium
641601,2021-03-11,2021,New York Yankees,Philadelphia Phillies,6,1,9,BayCare Ballpark
641938,2021-03-11,2021,Detroit Tigers,Toronto Blue Jays,6,10,7,TD Ballpark
641936,2021-03-11,2021,Oakland Athletics,Texas Rangers,6,0,7,Surprise Stadium
642088,2021-03-11,2021,Chicago Cubs,Colorado Rockies,8,6,9,Salt River Fields at Talking Stick
642063,2021-03-11,2021,Cleveland Indians,San Diego Padres,4,5,9,Peoria Stadium
642218,2021-03-11,2021,San Francisco Giants,Los Angeles Angels,4,5,7,Tempe Diablo Stadium
641637,2021-03-11,2021,Kansas City Royals,Milwaukee Brewers,4,2,7,American Family Fields of Phoenix
642101,2021-03-11,2021,New York Mets,Houston Astros,1,0,9,The Ballpark of the Palm Beaches
642015,2021-03-11,2021,Seattle Mariners,Los Angeles Dodgers,4,4,7,Camelback Ranch
642203,2021-03-11,2021,Chicago White Sox,Cincinnati Reds,4,7,9,Goodyear Ballpark
642158,2021-03-12,2021,Tampa Bay Rays,Boston Red Sox,2,8,9,JetBlue Park
641984,2021-03-12,2021,Toronto Blue Jays,Pittsburgh Pirates,1,2,8,LECOM Park
642146,2021-03-12,2021,Philadelphia Phillies,Baltimore Orioles,6,2,9,Ed Smith Stadium
641569,2021-03-12,2021,Atlanta Braves,Minnesota Twins,8,5,8,Hammond Stadium
642075,2021-03-12,2021,New York Yankees,Detroit Tigers,4,2,9,Publix Field at Joker Marchant Stadium
642067,2021-03-12,2021,Miami Marlins,New York Mets,4,2,9,Clover Park
642215,2021-03-12,2021,Los Angeles Dodgers,Cleveland Indians,9,2,7,Goodyear Ballpark
641994,2021-03-12,2021,San Diego Padres,Oakland Athletics,4,5,9,Hohokam Stadium
641964,2021-03-12,2021,Colorado Rockies,San Francisco Giants,8,9,8,Scottsdale Stadium
641625,2021-03-12,2021,Chicago White Sox,Texas Rangers,2,3,9,Surprise Stadium
642193,2021-03-12,2021,Milwaukee Brewers,Chicago Cubs,8,3,7,Sloan Park
642189,2021-03-12,2021,Arizona Diamondbacks,Los Angeles Angels,3,4,8,Tempe Diablo Stadium
641932,2021-03-12,2021,Houston Astros,St. Louis Cardinals,3,4,9,Roger Dean Chevrolet Stadium
642017,2021-03-12,2021,Cincinnati Reds,Seattle Mariners,3,4,8,Peoria Stadium
641626,2021-03-13,2021,Minnesota Twins,Tampa Bay Rays,1,0,8,Charlotte Sports Park
641579,2021-03-13,2021,Detroit Tigers,Philadelphia Phillies,3,9,9,BayCare Ballpark
642136,2021-03-13,2021,Atlanta Braves,Boston Red Sox,2,7,9,JetBlue Park
641616,2021-03-13,2021,Pittsburgh Pirates,New York Yankees,5,7,9,George M. Steinbrenner Field
641591,2021-03-13,2021,Baltimore Orioles,Toronto Blue Jays,0,5,8,TD Ballpark
642071,2021-03-13,2021,Chicago Cubs,Kansas City Royals,2,10,7,Surprise Stadium
641935,2021-03-13,2021,Cleveland Indians,San Francisco Giants,4,5,9,Scottsdale Stadium
641539,2021-03-13,2021,Los Angeles Angels,Chicago White Sox,5,6,9,Camelback Ranch
642029,2021-03-13,2021,Arizona Diamondbacks,San Diego Padres,6,3,9,Peoria Stadium
642074,2021-03-13,2021,Seattle Mariners,Colorado Rockies,1,2,9,Salt River Fields at Talking Stick
641537,2021-03-13,2021,Texas Rangers,Milwaukee Brewers,4,4,7,American Family Fields of Phoenix
642048,2021-03-13,2021,New York Mets,Washington Nationals,3,4,9,The Ballpark of the Palm Beaches
641898,2021-03-13,2021,St. Louis Cardinals,Miami Marlins,6,4,9,Roger Dean Chevrolet Stadium
642150,2021-03-13,2021,Oakland Athletics,Cincinnati Reds,5,2,7,Goodyear Ballpark
642073,2021-03-14,2021,Baltimore Orioles,Detroit Tigers,1,5,9,Publix Field at Joker Marchant Stadium
642054,2021-03-14,2021,Washington Nationals,Houston Astros,0,5,9,The Ballpark of the Palm Beaches
641588,2021-03-14,2021,Boston Red Sox,Minnesota Twins,5,5,8,Hammond Stadium
641983,2021-03-14,2021,Philadelphia Phillies,Pittsburgh Pirates,6,5,9,LECOM Park
641554,2021-03-14,2021,Tampa Bay Rays,Atlanta Braves,7,8,9,CoolToday Park
641600,2021-03-14,2021,New York Yankees,Toronto Blue Jays,5,1,9,TD Ballpark
641993,2021-03-14,2021,St. Louis Cardinals,New York Mets,5,7,9,Clover Park
642169,2021-03-14,2021,Los Angeles Angels,Chicago Cubs,1,1,9,Sloan Park
642156,2021-03-14,2021,San Diego Padres,Cincinnati Reds,10,4,9,Goodyear Ballpark
641621,2021-03-14,2021,Colorado Rockies,Texas Rangers,1,3,9,Surprise Stadium
642022,2021-03-14,2021,Chicago White Sox,Oakland Athletics,1,0,9,Hohokam Stadium
642212,2021-03-14,2021,San Francisco Giants,Arizona Diamondbacks,6,3,9,Salt River Fields at Talking Stick
641978,2021-03-14,2021,Milwaukee Brewers,Seattle Mariners,4,5,8,Peoria Stadium
642000,2021-03-14,2021,Kansas City Royals,Los Angeles Dodgers,8,4,9,Camelback Ranch
642205,2021-03-15,2021,Pittsburgh Pirates,Baltimore Orioles,3,12,9,Ed Smith Stadium
641921,2021-03-15,2021,Washington Nationals,St. Louis Cardinals,2,4,9,Roger Dean Chevrolet Stadium
641594,2021-03-15,2021,Boston Red Sox,Tampa Bay Rays,2,3,9,Charlotte Sports Park
642094,2021-03-15,2021,Toronto Blue Jays,Detroit Tigers,4,0,9,Publix Field at Joker Marchant Stadium
641542,2021-03-15,2021,Minnesota Twins,Atlanta Braves,1,5,9,CoolToday Park
642090,2021-03-15,2021,Miami Marlins,Houston Astros,6,5,9,The Ballpark of the Palm Beaches
641958,2021-03-15,2021,Philadelphia Phillies,New York Yankees,2,4,9,George M. Steinbrenner Field
642198,2021-03-15,2021,Oakland Athletics,Cleveland Indians,3,7,9,Goodyear Ballpark
642070,2021-03-15,2021,San Francisco Giants,Kansas City Royals,1,6,9,Surprise Stadium
641628,2021-03-15,2021,Chicago Cubs,Chicago White Sox,4,4,10,Camelback Ranch
642221,2021-03-15,2021,Cincinnati Reds,Los Angeles Angels,7,3,9,Tempe Diablo Stadium
642082,2021-03-15,2021,Los Angeles Dodgers,Colorado Rockies,12,5,9,Salt River Fields at Talking Stick
641830,2021-03-15,2021,Arizona Diamondbacks,Seattle Mariners,6,2,9,Peoria Stadium
641785,2021-03-15,2021,San Diego Padres,Milwaukee Brewers,13,3,8,American Family Fields of Phoenix
641881,2021-03-16,2021,Baltimore Orioles,Tampa Bay Rays,1,7,7,Charlotte Sports Park
641565,2021-03-16,2021,Pittsburgh Pirates,Minnesota Twins,4,2,9,Hammond Stadium
641572,2021-03-16,2021,Toronto Blue Jays,Philadelphia Phillies,14,5,9,BayCare Ballpark
642133,2021-03-16,2021,Atlanta Braves,Boston Red Sox,3,5,9,JetBlue Park
642118,2021-03-16,2021,New York Yankees,Detroit Tigers,7,4,9,Publix Field at Joker Marchant Stadium
642050,2021-03-16,2021,Houston Astros,New York Mets,3,8,9,Clover Park
642013,2021-03-16,2021,Milwaukee Brewers,Los Angeles Dodgers,7,2,9,Camelback Ranch
642199,2021-03-16,2021,Cleveland Indians,Los Angeles Angels,8,17,9,Tempe Diablo Stadium
642184,2021-03-16,2021,Oakland Athletics,Arizona Diamondbacks,3,12,9,Salt River Fields at Talking Stick
641977,2021-03-16,2021,Chicago White Sox,San Diego Padres,4,3,9,Peoria Stadium
642042,2021-03-16,2021,Miami Marlins,Washington Nationals,4,3,9,The Ballpark of the Palm Beaches
642160,2021-03-16,2021,Colorado Rockies,Cincinnati Reds,11,7,9,Goodyear Ballpark
642097,2021-03-16,2021,Seattle Mariners,Kansas City Royals,13,0,9,Surprise Stadium
641939,2021-03-16,2021,Texas Rangers,San Francisco Giants,10,6,9,Scottsdale Stadium
641982,2021-03-17,2021,Tampa Bay Rays,Pittsburgh Pirates,10,9,9,LECOM Park
642137,2021-03-17,2021,Minnesota Twins,Boston Red Sox,1,9,9,JetBlue Park
641586,2021-03-17,2021,Detroit Tigers,Philadelphia Phillies,0,2,9,BayCare Ballpark
641967,2021-03-17,2021,New York Mets,Miami Marlins,2,3,9,Roger Dean Chevrolet Stadium
641590,2021-03-17,2021,New York Yankees,Toronto Blue Jays,1,0,9,TD Ballpark
642020,2021-03-17,2021,Kansas City Royals,Oakland Athletics,5,10,9,Hohokam Stadium
641963,2021-03-17,2021,Los Angeles Dodgers,Chicago White Sox,4,3,9,Camelback Ranch
642085,2021-03-17,2021,San Francisco Giants,Colorado Rockies,11,8,9,Salt River Fields at Talking Stick
642100,2021-03-17,2021,St. Louis Cardinals,Houston Astros,4,4,9,The Ballpark of the Palm Beaches
642179,2021-03-17,2021,Atlanta Braves,Baltimore Orioles,2,5,9,Ed Smith Stadium
642182,2021-03-17,2021,Cleveland Indians,Cincinnati Reds,7,12,9,Goodyear Ballpark
642130,2021-03-17,2021,San Diego Padres,Chicago Cubs,2,8,9,Sloan Park
641622,2021-03-17,2021,Arizona Diamondbacks,Texas Rangers,0,3,9,Surprise Stadium
641970,2021-03-17,2021,Los Angeles Angels,Seattle Mariners,7,4,7,Peoria Stadium
642047,2021-03-18,2021,Washington Nationals,New York Mets,3,1,9,Clover Park
642197,2021-03-18,2021,Chicago Cubs,Cleveland Indians,4,3,9,Goodyear Ballpark
641607,2021-03-18,2021,Kansas City Royals,Chicago White Sox,7,9,9,Camelback Ranch
642148,2021-03-18,2021,Los Angeles Dodgers,Arizona Diamondbacks,7,7,7,Salt River Fields at Talking Stick
641975,2021-03-18,2021,Oakland Athletics,San Diego Padres,4,2,9,Peoria Stadium
642204,2021-03-18,2021,Milwaukee Brewers,Los Angeles Angels,2,3,9,Tempe Diablo Stadium
641609,2021-03-18,2021,Miami Marlins,St. Louis Cardinals,5,7,9,Roger Dean Chevrolet Stadium
641620,2021-03-18,2021,Cincinnati Reds,Texas Rangers,9,12,9,Surprise Stadium
641959,2021-03-18,2021,Seattle Mariners,San Francisco Giants,6,3,9,Scottsdale Stadium
642131,2021-03-19,2021,Tampa Bay Rays,Boston Red Sox,7,11,9,JetBlue Park
642099,2021-03-19,2021,Toronto Blue Jays,Detroit Tigers,8,1,9,Publix Field at Joker Marchant Stadium
642046,2021-03-19,2021,St. Louis Cardinals,New York Mets,5,8,9,Clover Park
642159,2021-03-19,2021,Los Angeles Angels,Kansas City Royals,4,4,9,Surprise Stadium
642010,2021-03-19,2021,Chicago Cubs,Oakland Athletics,6,1,9,Hohokam Stadium
642012,2021-03-19,2021,Texas Rangers,Los Angeles Dodgers,2,7,9,Camelback Ranch
642086,2021-03-19,2021,Cleveland Indians,Colorado Rockies,4,9,9,Salt River Fields at Talking Stick
641536,2021-03-19,2021,Arizona Diamondbacks,Milwaukee Brewers,3,9,9,American Family Fields of Phoenix
642172,2021-03-19,2021,Washington Nationals,Houston Astros,10,9,9,The Ballpark of the Palm Beaches
642033,2021-03-19,2021,Baltimore Orioles,Pittsburgh Pirates,11,9,9,LECOM Park
641597,2021-03-19,2021,Minnesota Twins,Atlanta Braves,2,4,9,CoolToday Park
641897,2021-03-19,2021,Philadelphia Phillies,New York Yankees,4,1,9,George M. Steinbrenner Field
642003,2021-03-19,2021,Chicago White Sox,Seattle Mariners,6,7,9,Peoria Stadium
641968,2021-03-19,2021,Cincinnati Reds,San Francisco Giants,6,2,9,Scottsdale Stadium
642105,2021-03-20,2021,Pittsburgh Pirates,Detroit Tigers,1,3,9,Publix Field at Joker Marchant Stadium
641756,2021-03-20,2021,Houston Astros,St. Louis Cardinals,2,5,9,Roger Dean Chevrolet Stadium
641602,2021-03-20,2021,Toronto Blue Jays,Philadelphia Phillies,3,1,9,BayCare Ballpark
641550,2021-03-20,2021,Boston Red Sox,Atlanta Braves,2,8,9,CoolToday Park
642177,2021-03-20,2021,Colorado Rockies,Chicago Cubs,2,4,9,Sloan Park
641698,2021-03-20,2021,Cleveland Indians,Chicago White Sox,2,6,9,Camelback Ranch
642108,2021-03-20,2021,Kansas City Royals,Arizona Diamondbacks,6,6,9,Salt River Fields at Talking Stick
642200,2021-03-20,2021,Oakland Athletics,Los Angeles Angels,11,2,9,Tempe Diablo Stadium
642027,2021-03-20,2021,Los Angeles Dodgers,San Diego Padres,4,4,9,Peoria Stadium
641570,2021-03-20,2021,Tampa Bay Rays,Minnesota Twins,1,2,9,Hammond Stadium
642044,2021-03-20,2021,Miami Marlins,Washington Nationals,4,7,9,The Ballpark of the Palm Beaches
642171,2021-03-20,2021,New York Yankees,Baltimore Orioles,1,2,9,Ed Smith Stadium
641940,2021-03-20,2021,Seattle Mariners,Texas Rangers,5,6,9,Surprise Stadium
642170,2021-03-20,2021,Milwaukee Brewers,Cincinnati Reds,4,1,9,Goodyear Ballpark
642041,2021-03-21,2021,New York Mets,Washington Nationals,6,2,9,The Ballpark of the Palm Beaches
642132,2021-03-21,2021,Pittsburgh Pirates,Boston Red Sox,9,4,9,JetBlue Park
642209,2021-03-21,2021,Minnesota Twins,Baltimore Orioles,12,7,9,Ed Smith Stadium
641564,2021-03-21,2021,Detroit Tigers,Philadelphia Phillies,5,3,9,BayCare Ballpark
641755,2021-03-21,2021,Atlanta Braves,Tampa Bay Rays,11,1,9,Charlotte Sports Park
641965,2021-03-21,2021,Houston Astros,Miami Marlins,2,4,9,Roger Dean Chevrolet Stadium
641783,2021-03-21,2021,New York Yankees,Toronto Blue Jays,8,3,9,TD Ballpark
642116,2021-03-21,2021,Cincinnati Reds,Chicago Cubs,6,11,9,Sloan Park
642109,2021-03-21,2021,Colorado Rockies,Kansas City Royals,1,6,9,Surprise Stadium
642014,2021-03-21,2021,San Francisco Giants,Los Angeles Dodgers,10,4,9,Camelback Ranch
642110,2021-03-21,2021,Texas Rangers,Cleveland Indians,2,7,9,Goodyear Ballpark
642026,2021-03-21,2021,Los Angeles Angels,San Diego Padres,1,4,9,Peoria Stadium
642152,2021-03-21,2021,Chicago White Sox,Arizona Diamondbacks,4,4,9,Salt River Fields at Talking Stick
641549,2021-03-21,2021,Seattle Mariners,Milwaukee Brewers,3,1,9,American Family Fields of Phoenix
642087,2021-03-22,2021,New York Mets,Houston Astros,4,5,9,The Ballpark of the Palm Beaches
642032,2021-03-22,2021,Baltimore Orioles,Pittsburgh Pirates,5,6,8,LECOM Park
641695,2021-03-22,2021,Boston Red Sox,Tampa Bay Rays,10,4,9,Charlotte Sports Park
641573,2021-03-22,2021,Atlanta Braves,Minnesota Twins,2,4,9,Hammond Stadium
641966,2021-03-22,2021,St. Louis Cardinals,Miami Marlins,2,7,9,Roger Dean Chevrolet Stadium
642007,2021-03-22,2021,Arizona Diamondbacks,Oakland Athletics,4,4,9,Hohokam Stadium
642149,2021-03-22,2021,San Diego Padres,Kansas City Royals,9,9,9,Surprise Stadium
641632,2021-03-22,2021,San Francisco Giants,Chicago White Sox,2,7,9,Camelback Ranch
642220,2021-03-22,2021,Milwaukee Brewers,Cleveland Indians,6,3,9,Goodyear Ballpark
642216,2021-03-22,2021,Chicago Cubs,Los Angeles Angels,7,15,9,Tempe Diablo Stadium
642123,2021-03-22,2021,Texas Rangers,Colorado Rockies,4,5,9,Salt River Fields at Talking Stick
641611,2021-03-22,2021,Philadelphia Phillies,New York Yankees,4,0,9,George M. Steinbrenner Field
641571,2021-03-22,2021,Detroit Tigers,Toronto Blue Jays,3,4,9,TD Ballpark
641989,2021-03-22,2021,Los Angeles Dodgers,Seattle Mariners,3,7,9,Peoria Stadium
641605,2021-03-23,2021,Washington Nationals,St. Louis Cardinals,5,5,9,Roger Dean Chevrolet Stadium
642185,2021-03-23,2021,Tampa Bay Rays,Baltimore Orioles,3,4,9,Ed Smith Stadium
641981,2021-03-23,2021,Minnesota Twins,Pittsburgh Pirates,0,1,9,LECOM Park
641593,2021-03-23,2021,Boston Red Sox,Atlanta Braves,7,6,9,CoolToday Park
642104,2021-03-23,2021,New York Yankees,Detroit Tigers,5,5,9,Publix Field at Joker Marchant Stadium
642045,2021-03-23,2021,Miami Marlins,New York Mets,3,5,9,Clover Park
642008,2021-03-23,2021,Colorado Rockies,Oakland Athletics,1,4,9,Hohokam Stadium
642206,2021-03-23,2021,San Francisco Giants,Cleveland Indians,7,0,9,Goodyear Ballpark
641846,2021-03-23,2021,Los Angeles Angels,Texas Rangers,4,6,9,Surprise Stadium
642176,2021-03-23,2021,Chicago White Sox,Chicago Cubs,3,1,9,Sloan Park
642025,2021-03-23,2021,Cincinnati Reds,San Diego Padres,4,5,9,Peoria Stadium
641759,2021-03-23,2021,Los Angeles Dodgers,Milwaukee Brewers,6,9,9,American Family Fields of Phoenix
641530,2021-03-23,2021,Toronto Blue Jays,Philadelphia Phillies,9,3,9,BayCare Ballpark
642151,2021-03-23,2021,Seattle Mariners,Arizona Diamondbacks,3,0,9,Salt River Fields at Talking Stick
641631,2021-03-24,2021,New York Mets,St. Louis Cardinals,0,3,9,Roger Dean Chevrolet Stadium
641595,2021-03-24,2021,Minnesota Twins,Tampa Bay Rays,6,7,9,Charlotte Sports Park
642113,2021-03-24,2021,Philadelphia Phillies,Detroit Tigers,1,4,9,Publix Field at Joker Marchant Stadium
641971,2021-03-24,2021,Atlanta Braves,Pittsburgh Pirates,3,6,9,LECOM Park
641575,2021-03-24,2021,Toronto Blue Jays,New York Yankees,5,0,9,George M. Steinbrenner Field
641757,2021-03-24,2021,Oakland Athletics,Chicago White Sox,14,4,9,Camelback Ranch
642167,2021-03-24,2021,Kansas City Royals,Los Angeles Angels,2,4,9,Tempe Diablo Stadium
641633,2021-03-24,2021,Colorado Rockies,Milwaukee Brewers,9,8,9,American Family Fields of Phoenix
642128,2021-03-24,2021,Baltimore Orioles,Boston Red Sox,0,2,9,JetBlue Park
642034,2021-03-24,2021,Houston Astros,Washington Nationals,11,8,9,The Ballpark of the Palm Beaches
642120,2021-03-24,2021,Texas Rangers,Cincinnati Reds,6,5,9,Goodyear Ballpark
642196,2021-03-24,2021,Cleveland Indians,Arizona Diamondbacks,5,6,9,Salt River Fields at Talking Stick
641974,2021-03-24,2021,Chicago Cubs,Seattle Mariners,6,2,9,Peoria Stadium
641926,2021-03-24,2021,San Diego Padres,San Francisco Giants,3,7,9,Scottsdale Stadium
641547,2021-03-25,2021,Tampa Bay Rays,Atlanta Braves,2,5,9,CoolToday Park
642072,2021-03-25,2021,Arizona Diamondbacks,Kansas City Royals,1,10,9,Surprise Stadium
642006,2021-03-25,2021,Seattle Mariners,Oakland Athletics,5,8,9,Hohokam Stadium
641603,2021-03-25,2021,Cincinnati Reds,Chicago White Sox,4,9,9,Camelback Ranch
642092,2021-03-25,2021,Los Angeles Angels,Colorado Rockies,5,6,9,Salt River Fields at Talking Stick
642195,2021-03-25,2021,Pittsburgh Pirates,Baltimore Orioles,9,10,9,Ed Smith Stadium
642144,2021-03-25,2021,St. Louis Cardinals,Houston Astros,0,3,9,The Ballpark of the Palm Beaches
642126,2021-03-25,2021,Minnesota Twins,Boston Red Sox,7,4,9,JetBlue Park
641642,2021-03-25,2021,Washington Nationals,Miami Marlins,3,7,9,Roger Dean Chevrolet Stadium
641558,2021-03-25,2021,New York Yankees,Philadelphia Phillies,12,13,9,BayCare Ballpark
641555,2021-03-25,2021,Detroit Tigers,Toronto Blue Jays,3,3,9,TD Ballpark
642140,2021-03-25,2021,Los Angeles Dodgers,Chicago Cubs,5,2,9,Sloan Park
642019,2021-03-25,2021,Texas Rangers,San Diego Padres,10,11,9,Peoria Stadium
641925,2021-03-25,2021,Milwaukee Brewers,San Francisco Giants,2,2,9,Scottsdale Stadium
642059,2021-03-26,2021,Detroit Tigers,Pittsburgh Pirates,5,2,9,LECOM Park
641696,2021-03-26,2021,Boston Red Sox,Tampa Bay Rays,3,7,9,Charlotte Sports Park
642083,2021-03-26,2021,Colorado Rockies,Cleveland Indians,4,5,9,Goodyear Ballpark
642135,2021-03-26,2021,San Francisco Giants,Chicago Cubs,5,5,9,Sloan Park
642165,2021-03-26,2021,Cincinnati Reds,Arizona Diamondbacks,7,3,9,Salt River Fields at Talking Stick
641556,2021-03-26,2021,Chicago White Sox,Milwaukee Brewers,7,5,9,American Family Fields of Phoenix
641568,2021-03-26,2021,Atlanta Braves,Minnesota Twins,7,6,9,Hammond Stadium
642139,2021-03-26,2021,Miami Marlins,Houston Astros,9,0,9,The Ballpark of the Palm Beaches
642024,2021-03-26,2021,Washington Nationals,New York Mets,7,3,9,Clover Park
641638,2021-03-26,2021,Baltimore Orioles,New York Yankees,4,1,9,George M. Steinbrenner Field
641559,2021-03-26,2021,Philadelphia Phillies,Toronto Blue Jays,5,6,9,TD Ballpark
642058,2021-03-26,2021,Oakland Athletics,Los Angeles Dodgers,11,0,8,Camelback Ranch
641811,2021-03-26,2021,Kansas City Royals,Texas Rangers,1,8,9,Surprise Stadium
641976,2021-03-26,2021,Seattle Mariners,San Diego Padres,3,6,9,Peoria Stadium
642061,2021-03-27,2021,Boston Red Sox,Pittsburgh Pirates,7,4,7,LECOM Park
641560,2021-03-27,2021,Tampa Bay Rays,Minnesota Twins,2,0,9,Hammond Stadium
642112,2021-03-27,2021,Philadelphia Phillies,Detroit Tigers,8,9,9,Publix Field at Joker Marchant Stadium
641758,2021-03-27,2021,Toronto Blue Jays,New York Yankees,1,5,8,George M. Steinbrenner Field
642043,2021-03-27,2021,Houston Astros,New York Mets,3,8,9,Clover Park
642057,2021-03-27,2021,Cleveland Indians,Los Angeles Dodgers,9,2,9,Camelback Ranch
642155,2021-03-27,2021,San Diego Padres,Los Angeles Angels,2,0,7,Tempe Diablo Stadium
641995,2021-03-27,2021,Texas Rangers,Oakland Athletics,1,5,9,Hohokam Stadium
642124,2021-03-27,2021,Milwaukee Brewers,Kansas City Royals,6,6,9,Surprise Stadium
642095,2021-03-27,2021,Chicago White Sox,Colorado Rockies,8,2,9,Salt River Fields at Talking Stick
641541,2021-03-27,2021,Baltimore Orioles,Atlanta Braves,5,8,9,CoolToday Park
641614,2021-03-27,2021,Miami Marlins,St. Louis Cardinals,6,4,9,Roger Dean Chevrolet Stadium
642219,2021-03-27,2021,Chicago Cubs,Cincinnati Reds,6,3,9,Goodyear Ballpark
642005,2021-03-27,2021,San Francisco Giants,Seattle Mariners,0,5,9,Peoria Stadium
642147,2021-03-28,2021,Pittsburgh Pirates,Baltimore Orioles,2,1,9,Ed Smith Stadium
642040,2021-03-28,2021,St. Louis Cardinals,Washington Nationals,3,11,9,The Ballpark of the Palm Beaches
642127,2021-03-28,2021,Minnesota Twins,Boston Red Sox,3,8,9,JetBlue Park
641640,2021-03-28,2021,Atlanta Braves,Tampa Bay Rays,5,16,9,Charlotte Sports Park
641545,2021-03-28,2021,New York Mets,Miami Marlins,2,10,9,Roger Dean Chevrolet Stadium
641562,2021-03-28,2021,New York Yankees,Philadelphia Phillies,2,6,9,BayCare Ballpark
641544,2021-03-28,2021,Detroit Tigers,Toronto Blue Jays,4,4,9,TD Ballpark
641636,2021-03-28,2021,Chicago Cubs,Texas Rangers,8,12,9,Surprise Stadium
641699,2021-03-28,2021,Cincinnati Reds,Milwaukee Brewers,1,7,7,American Family Fields of Phoenix
642084,2021-03-28,2021,San Diego Padres,Cleveland Indians,3,3,9,Goodyear Ballpark
641922,2021-03-28,2021,Oakland Athletics,San Francisco Giants,9,3,9,Scottsdale Stadium
641563,2021-03-28,2021,Arizona Diamondbacks,Chicago White Sox,4,7,9,Camelback Ranch
642096,2021-03-28,2021,Kansas City Royals,Colorado Rockies,6,3,9,Salt River Fields at Talking Stick
642217,2021-03-28,2021,Los Angeles Dodgers,Los Angeles Angels,5,6,8,Angel Stadium
641901,2021-03-29,2021,New York Mets,St. Louis Cardinals,3,3,9,Roger Dean Chevrolet Stadium
642066,2021-03-29,2021,Houston Astros,Washington Nationals,2,2,9,The Ballpark of the Palm Beaches
642161,2021-03-29,2021,Tampa Bay Rays,Baltimore Orioles,8,3,7,Ed Smith Stadium
642038,2021-03-29,2021,Minnesota Twins,Pittsburgh Pirates,5,3,9,LECOM Park
641598,2021-03-29,2021,Toronto Blue Jays,Philadelphia Phillies,13,7,9,BayCare Ballpark
641548,2021-03-29,2021,Boston Red Sox,Atlanta Braves,4,0,7,CoolToday Park
641644,2021-03-29,2021,Detroit Tigers,New York Yankees,5,2,9,George M. Steinbrenner Field
642187,2021-03-29,2021,Arizona Diamondbacks,Chicago Cubs,1,7,9,Sloan Park
642153,2021-03-29,2021,Cleveland Indians,Kansas City Royals,4,5,9,Surprise Stadium
642223,2021-03-29,2021,Seattle Mariners,Cincinnati Reds,5,5,9,Goodyear Ballpark
642062,2021-03-29,2021,San Francisco Giants,Oakland Athletics,7,2,9,Hohokam Stadium
641987,2021-03-29,2021,Colorado Rockies,San Diego Padres,10,2,9,Peoria Stadium
641639,2021-03-29,2021,Milwaukee Brewers,Texas Rangers,4,0,9,Globe Life Field
642056,2021-03-29,2021,Los Angeles Angels,Los Angeles Dodgers,2,10,9,Dodger Stadium
641606,2021-03-30,2021,Pittsburgh Pirates,Minnesota Twins,1,1,7,Hammond Stadium
642117,2021-03-30,2021,Tampa Bay Rays,Detroit Tigers,5,0,7,Publix Field at Joker Marchant Stadium
642111,2021-03-30,2021,Atlanta Braves,Boston Red Sox,5,3,7,JetBlue Park
641635,2021-03-30,2021,Milwaukee Brewers,Texas Rangers,6,3,9,Globe Life Field
644215,2021-03-30,2021,Chicago White Sox,Colorado Rockies,1,2,7,Salt River Fields at Talking Stick
642191,2021-03-30,2021,Cleveland Indians,Arizona Diamondbacks,2,3,9,Chase Field
641998,2021-03-30,2021,Los Angeles Angels,Los Angeles Dodgers,4,6,9,Dodger Stadium
634642,2021-04-01,2021,Toronto Blue Jays,New York Yankees,3,2,10,Yankee Stadium
634645,2021-04-01,2021,Cleveland Indians,Detroit Tigers,2,3,9,Comerica Park
634638,2021-04-01,2021,Minnesota Twins,Milwaukee Brewers,5,6,10,American Family Field
634634,2021-04-01,2021,Pittsburgh Pirates,Chicago Cubs,5,3,9,Wrigley Field
634622,2021-04-01,2021,Atlanta Braves,Philadelphia Phillies,2,3,10,Citizens Bank Park
634615,2021-04-01,2021,Los Angeles Dodgers,Colorado Rockies,5,8,9,Coors Field
634618,2021-04-01,2021,Arizona Diamondbacks,San Diego Padres,7,8,9,Petco Park
634636,2021-04-01,2021,St. Louis Cardinals,Cincinnati Reds,11,6,9,Great American Ball Park
634630,2021-04-01,2021,Texas Rangers,Kansas City Royals,10,14,9,Kauffman Stadium
634652,2021-04-01,2021,Tampa Bay Rays,Miami Marlins,1,0,9,loanDepot park
634655,2021-04-01,2021,Chicago White Sox,Los Angeles Angels,3,4,9,Angel Stadium
634640,2021-04-01,2021,Houston Astros,Oakland Athletics,8,1,9,Oakland Coliseum
634625,2021-04-01,2021,San Francisco Giants,Seattle Mariners,7,8,10,T-Mobile Park
634627,2021-04-02,2021,Baltimore Orioles,Boston Red Sox,3,0,9,Fenway Park
634602,2021-04-02,2021,Tampa Bay Rays,Miami Marlins,6,4,9,loanDepot park
634653,2021-04-02,2021,Los Angeles Dodgers,Colorado Rockies,11,6,9,Coors Field
634631,2021-04-02,2021,Chicago White Sox,Los Angeles Angels,12,8,9,Angel Stadium
634605,2021-04-02,2021,Houston Astros,Oakland Athletics,9,5,9,Oakland Coliseum
634576,2021-04-02,2021,Arizona Diamondbacks,San Diego Padres,2,4,9,Petco Park
634578,2021-04-02,2021,San Francisco Giants,Seattle Mariners,6,3,9,T-Mobile Park
634644,2021-04-03,2021,Toronto Blue Jays,New York Yankees,3,5,9,Yankee Stadium
634577,2021-04-03,2021,Baltimore Orioles,Boston Red Sox,4,2,9,Fenway Park
634573,2021-04-03,2021,Cleveland Indians,Detroit Tigers,2,5,9,Comerica Park
634604,2021-04-03,2021,Texas Rangers,Kansas City Royals,4,11,9,Kauffman Stadium
634643,2021-04-03,2021,Pittsburgh Pirates,Chicago Cubs,1,5,9,Wrigley Field
634580,2021-04-03,2021,Atlanta Braves,Philadelphia Phillies,0,4,9,Citizens Bank Park
634629,2021-04-03,2021,Houston Astros,Oakland Athletics,9,1,9,Oakland Coliseum
634654,2021-04-03,2021,St. Louis Cardinals,Cincinnati Reds,6,9,9,Great American Ball Park
634596,2021-04-03,2021,Tampa Bay Rays,Miami Marlins,7,12,9,loanDepot park
634575,2021-04-03,2021,Minnesota Twins,Milwaukee Brewers,2,0,9,American Family Field
634633,2021-04-03,2021,Los Angeles Dodgers,Colorado Rockies,6,5,9,Coors Field
634623,2021-04-03,2021,Arizona Diamondbacks,San Diego Padres,0,7,9,Petco Park
634646,2021-04-03,2021,Chicago White Sox,Los Angeles Angels,3,5,9,Angel Stadium
634639,2021-04-03,2021,San Francisco Giants,Seattle Mariners,0,4,9,T-Mobile Park
634617,2021-04-04,2021,Atlanta Braves,Philadelphia Phillies,1,2,9,Citizens Bank Park
634607,2021-04-04,2021,Toronto Blue Jays,New York Yankees,3,1,9,Yankee Stadium
634610,2021-04-04,2021,Baltimore Orioles,Boston Red Sox,11,3,9,Fenway Park
634611,2021-04-04,2021,Cleveland Indians,Detroit Tigers,9,3,9,Comerica Park
634560,2021-04-04,2021,St. Louis Cardinals,Cincinnati Reds,1,12,9,Great American Ball Park
634593,2021-04-04,2021,Texas Rangers,Kansas City Royals,7,3,9,Kauffman Stadium
634597,2021-04-04,2021,Minnesota Twins,Milwaukee Brewers,8,2,9,American Family Field
634613,2021-04-04,2021,Pittsburgh Pirates,Chicago Cubs,3,4,9,Wrigley Field
634557,2021-04-04,2021,Los Angeles Dodgers,Colorado Rockies,4,2,9,Coors Field
634651,2021-04-04,2021,Houston Astros,Oakland Athletics,9,2,9,Oakland Coliseum
634572,2021-04-04,2021,Arizona Diamondbacks,San Diego Padres,3,1,9,Petco Park
634637,2021-04-04,2021,Chicago White Sox,Los Angeles Angels,4,7,9,Angel Stadium
634588,2021-04-05,2021,Minnesota Twins,Detroit Tigers,15,6,9,Comerica Park
634612,2021-04-05,2021,Toronto Blue Jays,Texas Rangers,6,2,9,Globe Life Field
634616,2021-04-05,2021,Kansas City Royals,Cleveland Indians,3,0,9,Progressive Field
634587,2021-04-05,2021,Baltimore Orioles,New York Yankees,0,7,9,Yankee Stadium
634558,2021-04-05,2021,Pittsburgh Pirates,Cincinnati Reds,3,5,9,Great American Ball Park
634562,2021-04-05,2021,St. Louis Cardinals,Miami Marlins,4,1,9,loanDepot park
634606,2021-04-05,2021,New York Mets,Philadelphia Phillies,3,5,9,Citizens Bank Park
634601,2021-04-05,2021,Tampa Bay Rays,Boston Red Sox,2,11,9,Fenway Park
634566,2021-04-05,2021,Milwaukee Brewers,Chicago Cubs,3,5,9,Wrigley Field
634552,2021-04-05,2021,Houston Astros,Los Angeles Angels,6,7,9,Angel Stadium
634600,2021-04-05,2021,Los Angeles Dodgers,Oakland Athletics,10,3,9,Oakland Coliseum
634591,2021-04-05,2021,San Francisco Giants,San Diego Padres,3,2,9,Petco Park
634551,2021-04-05,2021,Chicago White Sox,Seattle Mariners,6,0,9,T-Mobile Park
634603,2021-04-06,2021,Minnesota Twins,Detroit Tigers,3,4,10,Comerica Park
634624,2021-04-06,2021,Atlanta Braves,Washington Nationals,5,6,9,Nationals Park
634586,2021-04-06,2021,Houston Astros,Los Angeles Angels,4,2,9,Angel Stadium
634599,2021-04-06,2021,Baltimore Orioles,New York Yankees,2,7,9,Yankee Stadium
634530,2021-04-06,2021,Pittsburgh Pirates,Cincinnati Reds,1,14,9,Great American Ball Park
634594,2021-04-06,2021,St. Louis Cardinals,Miami Marlins,4,2,9,loanDepot park
634608,2021-04-06,2021,New York Mets,Philadelphia Phillies,8,4,9,Citizens Bank Park
634590,2021-04-06,2021,Tampa Bay Rays,Boston Red Sox,5,6,12,Fenway Park
634559,2021-04-06,2021,Milwaukee Brewers,Chicago Cubs,4,0,9,Wrigley Field
634635,2021-04-06,2021,Toronto Blue Jays,Texas Rangers,4,7,9,Globe Life Field
634619,2021-04-06,2021,Arizona Diamondbacks,Colorado Rockies,10,8,13,Coors Field
634628,2021-04-06,2021,Los Angeles Dodgers,Oakland Athletics,5,1,9,Oakland Coliseum
634529,2021-04-06,2021,San Francisco Giants,San Diego Padres,1,3,9,Petco Park
634609,2021-04-06,2021,Chicago White Sox,Seattle Mariners,10,4,9,T-Mobile Park
634527,2021-04-07,2021,Atlanta Braves,Washington Nationals,7,6,7,Nationals Park
634595,2021-04-07,2021,Atlanta Braves,Washington Nationals,2,0,7,Nationals Park
634570,2021-04-07,2021,Pittsburgh Pirates,Cincinnati Reds,4,11,9,Great American Ball Park
634589,2021-04-07,2021,Kansas City Royals,Cleveland Indians,2,4,9,Progressive Field
634641,2021-04-07,2021,Tampa Bay Rays,Boston Red Sox,2,9,9,Fenway Park
634598,2021-04-07,2021,Minnesota Twins,Detroit Tigers,3,2,9,Comerica Park
634583,2021-04-07,2021,Toronto Blue Jays,Texas Rangers,1,2,9,Globe Life Field
634549,2021-04-07,2021,Milwaukee Brewers,Chicago Cubs,4,2,10,Wrigley Field
634567,2021-04-07,2021,Los Angeles Dodgers,Oakland Athletics,3,4,10,Oakland Coliseum
634626,2021-04-07,2021,New York Mets,Philadelphia Phillies,2,8,9,Citizens Bank Park
634563,2021-04-07,2021,San Francisco Giants,San Diego Padres,3,2,10,Petco Park
634592,2021-04-07,2021,Chicago White Sox,Seattle Mariners,4,8,9,T-Mobile Park
634585,2021-04-07,2021,St. Louis Cardinals,Miami Marlins,7,0,9,loanDepot park
634539,2021-04-07,2021,Baltimore Orioles,New York Yankees,4,3,11,Yankee Stadium
634542,2021-04-07,2021,Arizona Diamondbacks,Colorado Rockies,0,8,9,Coors Field
634584,2021-04-08,2021,Miami Marlins,New York Mets,2,3,9,Citi Field
634555,2021-04-08,2021,Chicago Cubs,Pittsburgh Pirates,4,2,9,PNC Park
634544,2021-04-08,2021,Boston Red Sox,Baltimore Orioles,7,3,9,Oriole Park at Camden Yards
634564,2021-04-08,2021,Arizona Diamondbacks,Colorado Rockies,3,7,9,Coors Field
634550,2021-04-08,2021,Seattle Mariners,Minnesota Twins,2,10,9,Target Field
634565,2021-04-08,2021,Kansas City Royals,Chicago White Sox,0,6,9,Guaranteed Rate Field
634568,2021-04-08,2021,Milwaukee Brewers,St. Louis Cardinals,1,3,9,Busch Stadium
634545,2021-04-08,2021,Los Angeles Angels,Toronto Blue Jays,7,5,11,TD Ballpark
634546,2021-04-08,2021,Oakland Athletics,Houston Astros,2,6,9,Minute Maid Park
634499,2021-04-09,2021,New York Yankees,Tampa Bay Rays,5,10,9,Tropicana Field
634533,2021-04-09,2021,Washington Nationals,Los Angeles Dodgers,0,1,9,Dodger Stadium
634494,2021-04-09,2021,Colorado Rockies,San Francisco Giants,1,3,9,Oracle Park
634512,2021-04-09,2021,Los Angeles Angels,Toronto Blue Jays,7,1,9,TD Ballpark
634505,2021-04-09,2021,Detroit Tigers,Cleveland Indians,1,4,9,Progressive Field
634534,2021-04-09,2021,Philadelphia Phillies,Atlanta Braves,1,8,9,Truist Park
634478,2021-04-09,2021,San Diego Padres,Texas Rangers,3,0,9,Globe Life Field
634537,2021-04-09,2021,Oakland Athletics,Houston Astros,6,2,9,Minute Maid Park
634540,2021-04-09,2021,Cincinnati Reds,Arizona Diamondbacks,6,5,10,Chase Field
632201,2021-04-10,2021,Miami Marlins,New York Mets,3,0,9,Citi Field
632217,2021-04-10,2021,New York Yankees,Tampa Bay Rays,0,4,9,Tropicana Field
632205,2021-04-10,2021,Seattle Mariners,Minnesota Twins,4,3,10,Target Field
632222,2021-04-10,2021,Milwaukee Brewers,St. Louis Cardinals,9,5,9,Busch Stadium
632202,2021-04-10,2021,Oakland Athletics,Houston Astros,7,3,9,Minute Maid Park
632169,2021-04-10,2021,Colorado Rockies,San Francisco Giants,3,4,9,Oracle Park
632218,2021-04-10,2021,Detroit Tigers,Cleveland Indians,3,11,9,Progressive Field
632195,2021-04-10,2021,Chicago Cubs,Pittsburgh Pirates,2,8,9,PNC Park
634491,2021-04-10,2021,Boston Red Sox,Baltimore Orioles,6,4,10,Oriole Park at Camden Yards
632193,2021-04-10,2021,San Diego Padres,Texas Rangers,7,4,9,Globe Life Field
632227,2021-04-10,2021,Los Angeles Angels,Toronto Blue Jays,1,15,9,TD Ballpark
634524,2021-04-10,2021,Philadelphia Phillies,Atlanta Braves,4,5,9,Truist Park
634484,2021-04-10,2021,Cincinnati Reds,Arizona Diamondbacks,3,8,9,Chase Field
632191,2021-04-10,2021,Washington Nationals,Los Angeles Dodgers,5,9,9,Dodger Stadium
632200,2021-04-11,2021,Boston Red Sox,Baltimore Orioles,14,9,9,Oriole Park at Camden Yards
632225,2021-04-11,2021,Chicago Cubs,Pittsburgh Pirates,1,7,9,PNC Park
632228,2021-04-11,2021,Detroit Tigers,Cleveland Indians,2,5,9,Progressive Field
632232,2021-04-11,2021,New York Yankees,Tampa Bay Rays,8,4,10,Tropicana Field
632215,2021-04-11,2021,Seattle Mariners,Minnesota Twins,8,6,9,Target Field
632170,2021-04-11,2021,Kansas City Royals,Chicago White Sox,4,3,10,Guaranteed Rate Field
632196,2021-04-11,2021,Milwaukee Brewers,St. Louis Cardinals,9,3,9,Busch Stadium
632233,2021-04-11,2021,San Diego Padres,Texas Rangers,2,0,9,Globe Life Field
632188,2021-04-11,2021,Colorado Rockies,San Francisco Giants,0,4,9,Oracle Park
632209,2021-04-11,2021,Cincinnati Reds,Arizona Diamondbacks,0,7,9,Chase Field
632214,2021-04-11,2021,Washington Nationals,Los Angeles Dodgers,0,3,9,Dodger Stadium
632207,2021-04-11,2021,Philadelphia Phillies,Atlanta Braves,7,6,9,Truist Park
632198,2021-04-12,2021,San Diego Padres,Pittsburgh Pirates,6,2,9,PNC Park
632203,2021-04-12,2021,New York Yankees,Toronto Blue Jays,3,1,9,TD Ballpark
632204,2021-04-12,2021,Texas Rangers,Tampa Bay Rays,0,1,9,Tropicana Field
632219,2021-04-12,2021,Miami Marlins,Atlanta Braves,5,3,10,Truist Park
632221,2021-04-12,2021,Chicago Cubs,Milwaukee Brewers,3,6,9,American Family Field
632230,2021-04-12,2021,Washington Nationals,St. Louis Cardinals,5,2,9,Busch Stadium
632220,2021-04-12,2021,Detroit Tigers,Houston Astros,6,2,9,Minute Maid Park
632197,2021-04-12,2021,Los Angeles Angels,Kansas City Royals,10,3,9,Kauffman Stadium
632216,2021-04-12,2021,Cleveland Indians,Chicago White Sox,3,4,9,Guaranteed Rate Field
632231,2021-04-12,2021,Oakland Athletics,Arizona Diamondbacks,9,5,9,Chase Field
634648,2021-04-12,2021,Cincinnati Reds,San Francisco Giants,3,0,9,Oracle Park
632190,2021-04-13,2021,Boston Red Sox,Minnesota Twins,4,2,9,Target Field
632206,2021-04-13,2021,Oakland Athletics,Arizona Diamondbacks,7,5,9,Chase Field
632213,2021-04-13,2021,Seattle Mariners,Baltimore Orioles,4,3,8,Oriole Park at Camden Yards
632224,2021-04-13,2021,Seattle Mariners,Baltimore Orioles,6,7,7,Oriole Park at Camden Yards
632189,2021-04-13,2021,Philadelphia Phillies,New York Mets,3,4,8,Citi Field
632226,2021-04-13,2021,Philadelphia Phillies,New York Mets,0,4,7,Citi Field
634535,2021-04-13,2021,San Diego Padres,Pittsburgh Pirates,4,8,9,PNC Park
634569,2021-04-13,2021,New York Yankees,Toronto Blue Jays,3,7,9,TD Ballpark
634489,2021-04-13,2021,Texas Rangers,Tampa Bay Rays,8,3,9,Tropicana Field
632211,2021-04-13,2021,Miami Marlins,Atlanta Braves,14,8,9,Truist Park
632194,2021-04-13,2021,Chicago Cubs,Milwaukee Brewers,3,2,9,American Family Field
634502,2021-04-13,2021,Washington Nationals,St. Louis Cardinals,3,14,9,Busch Stadium
632229,2021-04-13,2021,Detroit Tigers,Houston Astros,8,2,9,Minute Maid Park
632210,2021-04-13,2021,Los Angeles Angels,Kansas City Royals,2,3,9,Kauffman Stadium
632199,2021-04-13,2021,Cleveland Indians,Chicago White Sox,2,0,10,Guaranteed Rate Field
634510,2021-04-13,2021,Cincinnati Reds,San Francisco Giants,6,7,9,Oracle Park
632212,2021-04-13,2021,Colorado Rockies,Los Angeles Dodgers,0,7,9,Dodger Stadium
634513,2021-04-14,2021,New York Yankees,Toronto Blue Jays,4,5,9,TD Ballpark
634541,2021-04-14,2021,Washington Nationals,St. Louis Cardinals,6,0,9,Busch Stadium
634553,2021-04-14,2021,Chicago Cubs,Milwaukee Brewers,0,7,9,American Family Field
634495,2021-04-14,2021,Los Angeles Angels,Kansas City Royals,1,6,9,Kauffman Stadium
634574,2021-04-14,2021,Boston Red Sox,Minnesota Twins,3,2,7,Target Field
632223,2021-04-14,2021,Boston Red Sox,Minnesota Twins,7,1,7,Target Field
634582,2021-04-14,2021,Cincinnati Reds,San Francisco Giants,0,3,9,Oracle Park
634523,2021-04-14,2021,San Diego Padres,Pittsburgh Pirates,1,5,9,PNC Park
634521,2021-04-14,2021,Detroit Tigers,Houston Astros,6,4,9,Minute Maid Park
634496,2021-04-14,2021,Texas Rangers,Tampa Bay Rays,5,1,9,Tropicana Field
634528,2021-04-14,2021,Philadelphia Phillies,New York Mets,1,5,9,Citi Field
634581,2021-04-14,2021,Miami Marlins,Atlanta Braves,6,5,10,Truist Park
634516,2021-04-14,2021,Cleveland Indians,Chicago White Sox,0,8,9,Guaranteed Rate Field
634614,2021-04-14,2021,Colorado Rockies,Los Angeles Dodgers,2,4,9,Dodger Stadium
634579,2021-04-15,2021,Miami Marlins,Atlanta Braves,6,7,9,Truist Park
634621,2021-04-15,2021,San Diego Padres,Pittsburgh Pirates,8,3,9,PNC Park
634571,2021-04-15,2021,Seattle Mariners,Baltimore Orioles,4,2,7,Oriole Park at Camden Yards
634472,2021-04-15,2021,Seattle Mariners,Baltimore Orioles,2,1,7,Oriole Park at Camden Yards
634554,2021-04-15,2021,Boston Red Sox,Minnesota Twins,3,4,9,Target Field
634501,2021-04-15,2021,Cleveland Indians,Chicago White Sox,4,2,9,Guaranteed Rate Field
634481,2021-04-15,2021,Arizona Diamondbacks,Washington Nationals,11,6,9,Nationals Park
634522,2021-04-15,2021,Texas Rangers,Tampa Bay Rays,6,4,10,Tropicana Field
634475,2021-04-15,2021,Toronto Blue Jays,Kansas City Royals,5,7,9,Kauffman Stadium
634632,2021-04-15,2021,Detroit Tigers,Oakland Athletics,4,8,9,Oakland Coliseum
634547,2021-04-15,2021,Colorado Rockies,Los Angeles Dodgers,5,7,9,Dodger Stadium
634548,2021-04-16,2021,Atlanta Braves,Chicago Cubs,5,2,9,Wrigley Field
634469,2021-04-16,2021,Arizona Diamondbacks,Washington Nationals,0,1,9,Nationals Park
634474,2021-04-16,2021,St. Louis Cardinals,Philadelphia Phillies,2,9,9,Citizens Bank Park
634464,2021-04-16,2021,Tampa Bay Rays,New York Yankees,8,2,9,Yankee Stadium
634482,2021-04-16,2021,Cleveland Indians,Cincinnati Reds,3,10,9,Great American Ball Park
634519,2021-04-16,2021,San Francisco Giants,Miami Marlins,1,4,9,loanDepot park
634463,2021-04-16,2021,Baltimore Orioles,Texas Rangers,5,2,9,Globe Life Field
634483,2021-04-16,2021,Pittsburgh Pirates,Milwaukee Brewers,6,1,9,American Family Field
634526,2021-04-16,2021,Minnesota Twins,Los Angeles Angels,3,10,9,Angel Stadium
634525,2021-04-16,2021,Detroit Tigers,Oakland Athletics,0,3,9,Oakland Coliseum
634531,2021-04-16,2021,Los Angeles Dodgers,San Diego Padres,11,6,12,Petco Park
634517,2021-04-16,2021,Houston Astros,Seattle Mariners,5,6,9,T-Mobile Park
634507,2021-04-17,2021,Arizona Diamondbacks,Washington Nationals,2,6,9,Nationals Park
634500,2021-04-17,2021,Tampa Bay Rays,New York Yankees,6,3,9,Yankee Stadium
634477,2021-04-17,2021,Toronto Blue Jays,Kansas City Royals,5,1,7,Kauffman Stadium
634520,2021-04-17,2021,Toronto Blue Jays,Kansas City Royals,2,3,7,Kauffman Stadium
634462,2021-04-17,2021,Atlanta Braves,Chicago Cubs,4,13,9,Wrigley Field
634470,2021-04-17,2021,St. Louis Cardinals,Philadelphia Phillies,9,4,9,Citizens Bank Park
634471,2021-04-17,2021,Chicago White Sox,Boston Red Sox,4,7,9,Fenway Park
634479,2021-04-17,2021,Detroit Tigers,Oakland Athletics,0,7,9,Oakland Coliseum
634460,2021-04-17,2021,Cleveland Indians,Cincinnati Reds,2,3,10,Great American Ball Park
634485,2021-04-17,2021,New York Mets,Colorado Rockies,4,3,7,Coors Field
634561,2021-04-17,2021,New York Mets,Colorado Rockies,2,7,7,Coors Field
634450,2021-04-17,2021,San Francisco Giants,Miami Marlins,6,7,10,loanDepot park
634543,2021-04-17,2021,Baltimore Orioles,Texas Rangers,6,1,9,Globe Life Field
634473,2021-04-17,2021,Pittsburgh Pirates,Milwaukee Brewers,1,7,9,American Family Field
634449,2021-04-17,2021,Los Angeles Dodgers,San Diego Padres,2,0,9,Petco Park
634447,2021-04-17,2021,Houston Astros,Seattle Mariners,1,0,9,T-Mobile Park
634493,2021-04-18,2021,Arizona Diamondbacks,Washington Nationals,5,2,9,Nationals Park
634498,2021-04-18,2021,St. Louis Cardinals,Philadelphia Phillies,0,2,9,Citizens Bank Park
634458,2021-04-18,2021,Tampa Bay Rays,New York Yankees,4,2,9,Yankee Stadium
634487,2021-04-18,2021,Cleveland Indians,Cincinnati Reds,6,3,9,Great American Ball Park
634532,2021-04-18,2021,Chicago White Sox,Boston Red Sox,3,2,7,Fenway Park
634518,2021-04-18,2021,Chicago White Sox,Boston Red Sox,5,1,7,Fenway Park
634425,2021-04-18,2021,San Francisco Giants,Miami Marlins,1,0,9,loanDepot park
634442,2021-04-18,2021,Toronto Blue Jays,Kansas City Royals,0,2,9,Kauffman Stadium
634455,2021-04-18,2021,Pittsburgh Pirates,Milwaukee Brewers,6,5,10,American Family Field
634511,2021-04-18,2021,Baltimore Orioles,Texas Rangers,0,1,10,Globe Life Field
634468,2021-04-18,2021,New York Mets,Colorado Rockies,2,1,9,Coors Field
634480,2021-04-18,2021,Detroit Tigers,Oakland Athletics,2,3,9,Oakland Coliseum
634488,2021-04-18,2021,Los Angeles Dodgers,San Diego Padres,2,5,9,Petco Park
634538,2021-04-18,2021,Houston Astros,Seattle Mariners,2,7,9,T-Mobile Park
634506,2021-04-18,2021,Atlanta Braves,Chicago Cubs,13,4,9,Wrigley Field
634445,2021-04-19,2021,Chicago White Sox,Boston Red Sox,4,11,9,Fenway Park
634431,2021-04-19,2021,St. Louis Cardinals,Washington Nationals,12,5,9,Nationals Park
634457,2021-04-19,2021,San Francisco Giants,Philadelphia Phillies,2,0,9,Citizens Bank Park
634396,2021-04-19,2021,Tampa Bay Rays,Kansas City Royals,4,1,9,Kauffman Stadium
634536,2021-04-19,2021,Texas Rangers,Los Angeles Angels,6,4,9,Angel Stadium
634421,2021-04-19,2021,Los Angeles Dodgers,Seattle Mariners,3,4,9,T-Mobile Park
634399,2021-04-19,2021,Milwaukee Brewers,San Diego Padres,3,1,9,Petco Park
634417,2021-04-20,2021,Los Angeles Dodgers,Seattle Mariners,1,0,9,T-Mobile Park
634397,2021-04-20,2021,Chicago White Sox,Cleveland Indians,8,5,9,Progressive Field
634490,2021-04-20,2021,Minnesota Twins,Oakland Athletics,0,7,7,Oakland Coliseum
634466,2021-04-20,2021,Minnesota Twins,Oakland Athletics,0,1,7,Oakland Coliseum
634422,2021-04-20,2021,Atlanta Braves,New York Yankees,1,3,9,Yankee Stadium
634427,2021-04-20,2021,Baltimore Orioles,Miami Marlins,7,5,9,loanDepot park
634509,2021-04-20,2021,St. Louis Cardinals,Washington Nationals,2,3,9,Nationals Park
634439,2021-04-20,2021,San Francisco Giants,Philadelphia Phillies,10,7,9,Citizens Bank Park
634409,2021-04-20,2021,Toronto Blue Jays,Boston Red Sox,2,4,9,Fenway Park
634411,2021-04-20,2021,New York Mets,Chicago Cubs,1,3,9,Wrigley Field
634407,2021-04-20,2021,Tampa Bay Rays,Kansas City Royals,14,7,9,Kauffman Stadium
634406,2021-04-20,2021,Houston Astros,Colorado Rockies,2,6,9,Coors Field
634398,2021-04-20,2021,Texas Rangers,Los Angeles Angels,2,6,9,Angel Stadium
634392,2021-04-20,2021,Milwaukee Brewers,San Diego Padres,6,0,9,Petco Park
634428,2021-04-21,2021,San Francisco Giants,Philadelphia Phillies,5,6,9,Citizens Bank Park
634497,2021-04-21,2021,Baltimore Orioles,Miami Marlins,0,3,9,loanDepot park
634390,2021-04-21,2021,Pittsburgh Pirates,Detroit Tigers,3,2,7,Comerica Park
634423,2021-04-21,2021,Pittsburgh Pirates,Detroit Tigers,2,5,7,Comerica Park
634424,2021-04-21,2021,Houston Astros,Colorado Rockies,3,6,9,Coors Field
634440,2021-04-21,2021,Minnesota Twins,Oakland Athletics,12,13,10,Oakland Coliseum
634405,2021-04-21,2021,St. Louis Cardinals,Washington Nationals,0,1,9,Nationals Park
634430,2021-04-21,2021,Texas Rangers,Los Angeles Angels,7,4,9,Angel Stadium
634476,2021-04-21,2021,Milwaukee Brewers,San Diego Padres,4,2,9,Petco Park
634408,2021-04-21,2021,Arizona Diamondbacks,Cincinnati Reds,5,4,9,Great American Ball Park
634504,2021-04-21,2021,Atlanta Braves,New York Yankees,4,1,9,Yankee Stadium
634444,2021-04-21,2021,Arizona Diamondbacks,Cincinnati Reds,8,5,10,Great American Ball Park
634459,2021-04-21,2021,Toronto Blue Jays,Boston Red Sox,6,3,9,Fenway Park
634453,2021-04-21,2021,New York Mets,Chicago Cubs,4,16,9,Wrigley Field
634446,2021-04-21,2021,Tampa Bay Rays,Kansas City Royals,8,9,9,Kauffman Stadium
634514,2021-04-22,2021,Arizona Diamondbacks,Cincinnati Reds,14,11,10,Great American Ball Park
634492,2021-04-22,2021,Pittsburgh Pirates,Detroit Tigers,4,2,9,Comerica Park
634436,2021-04-22,2021,New York Yankees,Cleveland Indians,6,3,9,Progressive Field
634508,2021-04-22,2021,Seattle Mariners,Boston Red Sox,7,3,10,Fenway Park
634419,2021-04-22,2021,New York Mets,Chicago Cubs,3,4,10,Wrigley Field
634438,2021-04-22,2021,Los Angeles Angels,Houston Astros,2,8,9,Minute Maid Park
634432,2021-04-22,2021,Miami Marlins,San Francisco Giants,0,3,9,Oracle Park
634420,2021-04-22,2021,San Diego Padres,Los Angeles Dodgers,3,2,9,Dodger Stadium
634426,2021-04-23,2021,Milwaukee Brewers,Chicago Cubs,2,15,9,Wrigley Field
634389,2021-04-23,2021,Oakland Athletics,Baltimore Orioles,3,1,9,Oriole Park at Camden Yards
634412,2021-04-23,2021,Kansas City Royals,Detroit Tigers,6,2,9,Comerica Park
634429,2021-04-23,2021,Washington Nationals,New York Mets,0,6,9,Citi Field
634386,2021-04-23,2021,Seattle Mariners,Boston Red Sox,5,6,9,Fenway Park
634413,2021-04-23,2021,Toronto Blue Jays,Tampa Bay Rays,5,3,9,Tropicana Field
634437,2021-04-23,2021,New York Yankees,Cleveland Indians,5,3,9,Progressive Field
634415,2021-04-23,2021,Arizona Diamondbacks,Atlanta Braves,4,5,9,Truist Park
634383,2021-04-23,2021,Los Angeles Angels,Houston Astros,4,5,10,Minute Maid Park
634434,2021-04-23,2021,Pittsburgh Pirates,Minnesota Twins,0,2,9,Target Field
634435,2021-04-23,2021,Texas Rangers,Chicago White Sox,7,9,9,Guaranteed Rate Field
634378,2021-04-23,2021,Cincinnati Reds,St. Louis Cardinals,4,5,9,Busch Stadium
634401,2021-04-23,2021,Philadelphia Phillies,Colorado Rockies,4,5,9,Coors Field
634369,2021-04-23,2021,Miami Marlins,San Francisco Giants,3,5,9,Oracle Park
634370,2021-04-23,2021,San Diego Padres,Los Angeles Dodgers,6,1,9,Dodger Stadium
634375,2021-04-24,2021,Kansas City Royals,Detroit Tigers,2,1,9,Comerica Park
634373,2021-04-24,2021,Seattle Mariners,Boston Red Sox,8,2,9,Fenway Park
634467,2021-04-24,2021,Pittsburgh Pirates,Minnesota Twins,6,2,9,Target Field
634395,2021-04-24,2021,Cincinnati Reds,St. Louis Cardinals,0,2,9,Busch Stadium
634416,2021-04-24,2021,Milwaukee Brewers,Chicago Cubs,4,3,9,Wrigley Field
634443,2021-04-24,2021,Washington Nationals,New York Mets,7,1,9,Citi Field
634366,2021-04-24,2021,Los Angeles Angels,Houston Astros,2,16,9,Minute Maid Park
634358,2021-04-24,2021,Toronto Blue Jays,Tampa Bay Rays,3,5,9,Tropicana Field
634486,2021-04-24,2021,New York Yankees,Cleveland Indians,2,1,9,Progressive Field
634367,2021-04-24,2021,Oakland Athletics,Baltimore Orioles,7,2,9,Oriole Park at Camden Yards
634384,2021-04-24,2021,Texas Rangers,Chicago White Sox,1,2,9,Guaranteed Rate Field
634418,2021-04-24,2021,Philadelphia Phillies,Colorado Rockies,7,5,9,Coors Field
634503,2021-04-24,2021,Miami Marlins,San Francisco Giants,5,2,9,Oracle Park
634361,2021-04-24,2021,San Diego Padres,Los Angeles Dodgers,4,5,9,Dodger Stadium
634454,2021-04-25,2021,Oakland Athletics,Baltimore Orioles,1,8,9,Oriole Park at Camden Yards
634448,2021-04-25,2021,Kansas City Royals,Detroit Tigers,4,0,9,Comerica Park
634344,2021-04-25,2021,Washington Nationals,New York Mets,0,4,9,Citi Field
634355,2021-04-25,2021,Seattle Mariners,Boston Red Sox,3,5,9,Fenway Park
634376,2021-04-25,2021,Toronto Blue Jays,Tampa Bay Rays,1,0,9,Tropicana Field
634372,2021-04-25,2021,New York Yankees,Cleveland Indians,3,7,9,Progressive Field
634404,2021-04-25,2021,Arizona Diamondbacks,Atlanta Braves,5,0,7,Truist Park
634380,2021-04-25,2021,Arizona Diamondbacks,Atlanta Braves,7,0,7,Truist Park
634403,2021-04-25,2021,Los Angeles Angels,Houston Astros,4,2,9,Minute Maid Park
634349,2021-04-25,2021,Pittsburgh Pirates,Minnesota Twins,6,2,9,Target Field
634393,2021-04-25,2021,Texas Rangers,Chicago White Sox,4,8,9,Guaranteed Rate Field
634456,2021-04-25,2021,Cincinnati Reds,St. Louis Cardinals,2,5,9,Busch Stadium
634400,2021-04-25,2021,Milwaukee Brewers,Chicago Cubs,6,0,9,Wrigley Field
634388,2021-04-25,2021,Philadelphia Phillies,Colorado Rockies,2,12,9,Coors Field
634342,2021-04-25,2021,Miami Marlins,San Francisco Giants,3,4,9,Oracle Park
634356,2021-04-25,2021,San Diego Padres,Los Angeles Dodgers,8,7,11,Dodger Stadium
634451,2021-04-26,2021,Kansas City Royals,Detroit Tigers,3,2,9,Comerica Park
634394,2021-04-26,2021,Minnesota Twins,Cleveland Indians,3,5,10,Progressive Field
634433,2021-04-26,2021,New York Yankees,Baltimore Orioles,2,4,9,Oriole Park at Camden Yards
634343,2021-04-26,2021,Oakland Athletics,Tampa Bay Rays,2,1,9,Tropicana Field
634402,2021-04-26,2021,Chicago Cubs,Atlanta Braves,7,8,9,Truist Park
634461,2021-04-26,2021,Miami Marlins,Milwaukee Brewers,8,0,9,American Family Field
634345,2021-04-26,2021,Philadelphia Phillies,St. Louis Cardinals,2,1,9,Busch Stadium
634377,2021-04-26,2021,Los Angeles Angels,Texas Rangers,9,4,9,Globe Life Field
634382,2021-04-26,2021,Seattle Mariners,Houston Astros,2,5,9,Minute Maid Park
634374,2021-04-26,2021,Colorado Rockies,San Francisco Giants,0,12,9,Oracle Park
634363,2021-04-26,2021,Cincinnati Reds,Los Angeles Dodgers,5,3,10,Dodger Stadium
634339,2021-04-27,2021,Minnesota Twins,Cleveland Indians,4,7,9,Progressive Field
634331,2021-04-27,2021,Kansas City Royals,Pittsburgh Pirates,1,2,9,PNC Park
634387,2021-04-27,2021,New York Yankees,Baltimore Orioles,5,1,9,Oriole Park at Camden Yards
634335,2021-04-27,2021,Washington Nationals,Toronto Blue Jays,5,9,9,TD Ballpark
634410,2021-04-27,2021,Boston Red Sox,New York Mets,2,1,9,Citi Field
634368,2021-04-27,2021,Oakland Athletics,Tampa Bay Rays,3,4,9,Tropicana Field
634351,2021-04-27,2021,Chicago Cubs,Atlanta Braves,0,5,9,Truist Park
634320,2021-04-27,2021,Miami Marlins,Milwaukee Brewers,4,5,9,American Family Field
634318,2021-04-27,2021,Philadelphia Phillies,St. Louis Cardinals,2,5,9,Busch Stadium
634359,2021-04-27,2021,Los Angeles Angels,Texas Rangers,1,6,9,Globe Life Field
634333,2021-04-27,2021,Seattle Mariners,Houston Astros,0,2,9,Minute Maid Park
634332,2021-04-27,2021,Detroit Tigers,Chicago White Sox,5,2,9,Guaranteed Rate Field
634364,2021-04-27,2021,San Diego Padres,Arizona Diamondbacks,1,5,9,Chase Field
634354,2021-04-27,2021,Colorado Rockies,San Francisco Giants,7,5,10,Oracle Park
634379,2021-04-27,2021,Cincinnati Reds,Los Angeles Dodgers,6,5,9,Dodger Stadium
634371,2021-04-28,2021,Minnesota Twins,Cleveland Indians,10,2,9,Progressive Field
634317,2021-04-28,2021,Miami Marlins,Milwaukee Brewers,6,2,9,American Family Field
634365,2021-04-28,2021,Cincinnati Reds,Los Angeles Dodgers,0,8,9,Dodger Stadium
634315,2021-04-28,2021,Kansas City Royals,Pittsburgh Pirates,9,6,9,PNC Park
634310,2021-04-28,2021,Boston Red Sox,New York Mets,1,0,9,Citi Field
634362,2021-04-28,2021,New York Yankees,Baltimore Orioles,7,0,9,Oriole Park at Camden Yards
634348,2021-04-28,2021,Washington Nationals,Toronto Blue Jays,8,2,9,TD Ballpark
634308,2021-04-28,2021,Oakland Athletics,Tampa Bay Rays,0,2,9,Tropicana Field
634414,2021-04-28,2021,Chicago Cubs,Atlanta Braves,0,10,9,Truist Park
634314,2021-04-28,2021,Philadelphia Phillies,St. Louis Cardinals,5,3,9,Busch Stadium
634350,2021-04-28,2021,Los Angeles Angels,Texas Rangers,4,3,9,Globe Life Field
634360,2021-04-28,2021,Seattle Mariners,Houston Astros,5,7,9,Minute Maid Park
634322,2021-04-28,2021,San Diego Padres,Arizona Diamondbacks,12,3,9,Chase Field
634309,2021-04-28,2021,Colorado Rockies,San Francisco Giants,3,7,9,Oracle Park
634300,2021-04-29,2021,New York Yankees,Baltimore Orioles,3,4,10,Oriole Park at Camden Yards
634296,2021-04-29,2021,Oakland Athletics,Tampa Bay Rays,3,2,9,Tropicana Field
634352,2021-04-29,2021,Philadelphia Phillies,St. Louis Cardinals,3,4,10,Busch Stadium
634353,2021-04-29,2021,Seattle Mariners,Houston Astros,1,0,9,Minute Maid Park
634330,2021-04-29,2021,Detroit Tigers,Chicago White Sox,1,3,7,Guaranteed Rate Field
634357,2021-04-29,2021,Detroit Tigers,Chicago White Sox,0,11,7,Guaranteed Rate Field
634347,2021-04-29,2021,Chicago Cubs,Atlanta Braves,9,3,9,Truist Park
634346,2021-04-29,2021,Los Angeles Dodgers,Milwaukee Brewers,1,2,9,American Family Field
634289,2021-04-29,2021,Boston Red Sox,Texas Rangers,1,4,9,Globe Life Field
634385,2021-04-29,2021,Colorado Rockies,Arizona Diamondbacks,3,5,9,Chase Field
634325,2021-04-30,2021,St. Louis Cardinals,Pittsburgh Pirates,7,3,9,PNC Park
634336,2021-04-30,2021,New York Mets,Philadelphia Phillies,1,2,9,Citizens Bank Park
634274,2021-04-30,2021,Miami Marlins,Washington Nationals,1,2,10,Nationals Park
634327,2021-04-30,2021,Detroit Tigers,New York Yankees,0,10,9,Yankee Stadium
634305,2021-04-30,2021,Chicago Cubs,Cincinnati Reds,6,8,9,Great American Ball Park
634275,2021-04-30,2021,Houston Astros,Tampa Bay Rays,9,2,9,Tropicana Field
634280,2021-04-30,2021,Atlanta Braves,Toronto Blue Jays,5,13,9,TD Ballpark
634337,2021-04-30,2021,Boston Red Sox,Texas Rangers,6,1,9,Globe Life Field
634391,2021-04-30,2021,Kansas City Royals,Minnesota Twins,1,9,9,Target Field
634288,2021-04-30,2021,Cleveland Indians,Chicago White Sox,5,3,9,Guaranteed Rate Field
634290,2021-04-30,2021,Los Angeles Dodgers,Milwaukee Brewers,1,3,9,American Family Field
634328,2021-04-30,2021,Colorado Rockies,Arizona Diamondbacks,2,7,9,Chase Field
634381,2021-04-30,2021,Baltimore Orioles,Oakland Athletics,3,2,9,Oakland Coliseum
634287,2021-04-30,2021,Los Angeles Angels,Seattle Mariners,4,7,9,T-Mobile Park
634303,2021-04-30,2021,San Francisco Giants,San Diego Padres,2,3,9,Petco Park
634304,2021-05-01,2021,Miami Marlins,Washington Nationals,2,7,9,Nationals Park
634295,2021-05-01,2021,Detroit Tigers,New York Yankees,4,6,9,Yankee Stadium
634329,2021-05-01,2021,Kansas City Royals,Minnesota Twins,11,3,9,Target Field
634326,2021-05-01,2021,Cleveland Indians,Chicago White Sox,3,7,9,Guaranteed Rate Field
634319,2021-05-01,2021,Baltimore Orioles,Oakland Athletics,8,4,9,Oakland Coliseum
634273,2021-05-01,2021,Chicago Cubs,Cincinnati Reds,3,2,9,Great American Ball Park
634307,2021-05-01,2021,Houston Astros,Tampa Bay Rays,3,1,9,Tropicana Field
634276,2021-05-01,2021,New York Mets,Philadelphia Phillies,5,4,9,Citizens Bank Park
634284,2021-05-01,2021,St. Louis Cardinals,Pittsburgh Pirates,12,5,9,PNC Park
634271,2021-05-01,2021,Boston Red Sox,Texas Rangers,6,8,9,Globe Life Field
634338,2021-05-01,2021,Los Angeles Dodgers,Milwaukee Brewers,5,6,11,American Family Field
634312,2021-05-01,2021,Atlanta Braves,Toronto Blue Jays,5,6,10,TD Ballpark
634286,2021-05-01,2021,Colorado Rockies,Arizona Diamondbacks,14,6,9,Chase Field
634316,2021-05-01,2021,San Francisco Giants,San Diego Padres,2,6,9,Petco Park
634272,2021-05-01,2021,Los Angeles Angels,Seattle Mariners,10,5,9,T-Mobile Park
634260,2021-05-02,2021,St. Louis Cardinals,Pittsburgh Pirates,3,0,9,PNC Park
634259,2021-05-02,2021,Miami Marlins,Washington Nationals,1,3,9,Nationals Park
634311,2021-05-02,2021,Detroit Tigers,New York Yankees,0,2,9,Yankee Stadium
634256,2021-05-02,2021,Atlanta Braves,Toronto Blue Jays,2,7,9,TD Ballpark
634298,2021-05-02,2021,Chicago Cubs,Cincinnati Reds,12,13,10,Great American Ball Park
634323,2021-05-02,2021,Houston Astros,Tampa Bay Rays,4,5,9,Tropicana Field
634341,2021-05-02,2021,Kansas City Royals,Minnesota Twins,4,13,9,Target Field
634302,2021-05-02,2021,Cleveland Indians,Chicago White Sox,5,0,9,Guaranteed Rate Field
634282,2021-05-02,2021,Los Angeles Dodgers,Milwaukee Brewers,16,4,9,American Family Field
634268,2021-05-02,2021,Boston Red Sox,Texas Rangers,3,5,9,Globe Life Field
634306,2021-05-02,2021,Baltimore Orioles,Oakland Athletics,5,7,9,Oakland Coliseum
634299,2021-05-02,2021,Colorado Rockies,Arizona Diamondbacks,4,8,9,Chase Field
634340,2021-05-02,2021,Los Angeles Angels,Seattle Mariners,0,2,9,T-Mobile Park
634301,2021-05-02,2021,San Francisco Giants,San Diego Padres,7,1,9,Petco Park
634257,2021-05-02,2021,New York Mets,Philadelphia Phillies,8,7,9,Citizens Bank Park
634244,2021-05-03,2021,Milwaukee Brewers,Philadelphia Phillies,3,4,9,Citizens Bank Park
634285,2021-05-03,2021,Texas Rangers,Minnesota Twins,5,6,9,Target Field
634292,2021-05-03,2021,New York Mets,St. Louis Cardinals,5,6,9,Busch Stadium
634258,2021-05-03,2021,Cleveland Indians,Kansas City Royals,8,6,9,Kauffman Stadium
634334,2021-05-03,2021,Tampa Bay Rays,Los Angeles Angels,7,3,9,Angel Stadium
634293,2021-05-03,2021,Toronto Blue Jays,Oakland Athletics,4,5,9,Oakland Coliseum
634243,2021-05-03,2021,Pittsburgh Pirates,San Diego Padres,0,2,9,Petco Park
634242,2021-05-03,2021,Baltimore Orioles,Seattle Mariners,5,3,9,T-Mobile Park
634264,2021-05-04,2021,Los Angeles Dodgers,Chicago Cubs,1,7,7,Wrigley Field
634321,2021-05-04,2021,Los Angeles Dodgers,Chicago Cubs,3,4,9,Wrigley Field
634246,2021-05-04,2021,San Francisco Giants,Colorado Rockies,12,4,7,Coors Field
634254,2021-05-04,2021,San Francisco Giants,Colorado Rockies,6,8,7,Coors Field
634251,2021-05-04,2021,Chicago White Sox,Cincinnati Reds,9,0,9,Great American Ball Park
634245,2021-05-04,2021,Arizona Diamondbacks,Miami Marlins,3,9,9,loanDepot park
634297,2021-05-04,2021,Atlanta Braves,Washington Nationals,6,1,9,Nationals Park
634269,2021-05-04,2021,Houston Astros,New York Yankees,3,7,9,Yankee Stadium
634324,2021-05-04,2021,Milwaukee Brewers,Philadelphia Phillies,5,6,9,Citizens Bank Park
634241,2021-05-04,2021,Detroit Tigers,Boston Red Sox,7,11,9,Fenway Park
634229,2021-05-04,2021,Texas Rangers,Minnesota Twins,6,3,10,Target Field
634277,2021-05-04,2021,Cleveland Indians,Kansas City Royals,7,3,9,Kauffman Stadium
634267,2021-05-04,2021,Tampa Bay Rays,Los Angeles Angels,8,3,9,Angel Stadium
634278,2021-05-04,2021,Toronto Blue Jays,Oakland Athletics,1,4,9,Oakland Coliseum
634313,2021-05-04,2021,Pittsburgh Pirates,San Diego Padres,2,1,9,Petco Park
634265,2021-05-04,2021,Baltimore Orioles,Seattle Mariners,2,5,9,T-Mobile Park
634270,2021-05-05,2021,Chicago White Sox,Cincinnati Reds,0,1,10,Great American Ball Park
634225,2021-05-05,2021,San Francisco Giants,Colorado Rockies,5,6,9,Coors Field
634220,2021-05-05,2021,Baltimore Orioles,Seattle Mariners,6,0,9,T-Mobile Park
634250,2021-05-05,2021,New York Mets,St. Louis Cardinals,1,4,7,Busch Stadium
634239,2021-05-05,2021,New York Mets,St. Louis Cardinals,7,2,7,Busch Stadium
634249,2021-05-05,2021,Arizona Diamondbacks,Miami Marlins,0,8,9,loanDepot park
634266,2021-05-05,2021,Atlanta Braves,Washington Nationals,5,3,9,Nationals Park
634217,2021-05-05,2021,Houston Astros,New York Yankees,3,6,9,Yankee Stadium
634294,2021-05-05,2021,Milwaukee Brewers,Philadelphia Phillies,4,5,9,Citizens Bank Park
634228,2021-05-05,2021,Detroit Tigers,Boston Red Sox,6,5,10,Fenway Park
634230,2021-05-05,2021,Los Angeles Dodgers,Chicago Cubs,5,6,11,Wrigley Field
634279,2021-05-05,2021,Texas Rangers,Minnesota Twins,3,1,9,Target Field
634226,2021-05-05,2021,Cleveland Indians,Kansas City Royals,5,4,9,Kauffman Stadium
634227,2021-05-05,2021,Pittsburgh Pirates,San Diego Padres,2,4,9,Petco Park
634281,2021-05-05,2021,Tampa Bay Rays,Los Angeles Angels,3,1,9,Angel Stadium
634248,2021-05-05,2021,Toronto Blue Jays,Oakland Athletics,9,4,9,Oakland Coliseum
634224,2021-05-06,2021,Houston Astros,New York Yankees,7,4,9,Yankee Stadium
634283,2021-05-06,2021,Milwaukee Brewers,Philadelphia Phillies,0,2,9,Citizens Bank Park
634255,2021-05-06,2021,Detroit Tigers,Boston Red Sox,9,12,9,Fenway Park
634261,2021-05-06,2021,Texas Rangers,Minnesota Twins,4,3,10,Target Field
634223,2021-05-06,2021,New York Mets,St. Louis Cardinals,4,1,9,Busch Stadium
634233,2021-05-06,2021,Cleveland Indians,Kansas City Royals,4,0,9,Kauffman Stadium
634231,2021-05-06,2021,Toronto Blue Jays,Oakland Athletics,10,4,9,Oakland Coliseum
634232,2021-05-06,2021,Atlanta Braves,Washington Nationals,3,2,9,Nationals Park
634291,2021-05-06,2021,Arizona Diamondbacks,Miami Marlins,1,3,9,loanDepot park
634247,2021-05-06,2021,Tampa Bay Rays,Los Angeles Angels,8,3,9,Angel Stadium
634216,2021-05-07,2021,Pittsburgh Pirates,Chicago Cubs,2,3,9,Wrigley Field
634209,2021-05-07,2021,Boston Red Sox,Baltimore Orioles,6,2,9,Oriole Park at Camden Yards
634234,2021-05-07,2021,Washington Nationals,New York Yankees,11,4,9,Yankee Stadium
634203,2021-05-07,2021,Cincinnati Reds,Cleveland Indians,3,0,9,Progressive Field
634252,2021-05-07,2021,Arizona Diamondbacks,New York Mets,4,5,10,Citi Field
634204,2021-05-07,2021,Minnesota Twins,Detroit Tigers,7,3,9,Comerica Park
634195,2021-05-07,2021,Milwaukee Brewers,Miami Marlins,1,6,9,loanDepot park
634219,2021-05-07,2021,Philadelphia Phillies,Atlanta Braves,12,2,9,Truist Park
634253,2021-05-07,2021,Seattle Mariners,Texas Rangers,5,4,9,Globe Life Field
634201,2021-05-07,2021,Toronto Blue Jays,Houston Astros,4,10,9,Minute Maid Park
634235,2021-05-07,2021,Chicago White Sox,Kansas City Royals,3,0,9,Kauffman Stadium
634200,2021-05-07,2021,Colorado Rockies,St. Louis Cardinals,0,5,9,Busch Stadium
634213,2021-05-07,2021,Los Angeles Dodgers,Los Angeles Angels,2,9,9,Angel Stadium
634263,2021-05-07,2021,Tampa Bay Rays,Oakland Athletics,1,2,9,Oakland Coliseum
634240,2021-05-07,2021,San Diego Padres,San Francisco Giants,4,5,9,Oracle Park
634221,2021-05-08,2021,Washington Nationals,New York Yankees,3,4,11,Yankee Stadium
634165,2021-05-08,2021,Colorado Rockies,St. Louis Cardinals,8,9,9,Busch Stadium
634212,2021-05-08,2021,Pittsburgh Pirates,Chicago Cubs,2,3,9,Wrigley Field
634178,2021-05-08,2021,San Diego Padres,San Francisco Giants,1,7,9,Oracle Park
634236,2021-05-08,2021,Tampa Bay Rays,Oakland Athletics,3,6,9,Oakland Coliseum
634214,2021-05-08,2021,Minnesota Twins,Detroit Tigers,3,7,9,Comerica Park
634187,2021-05-08,2021,Cincinnati Reds,Cleveland Indians,2,9,9,Progressive Field
634215,2021-05-08,2021,Milwaukee Brewers,Miami Marlins,6,2,9,loanDepot park
634196,2021-05-08,2021,Boston Red Sox,Baltimore Orioles,11,6,9,Oriole Park at Camden Yards
634171,2021-05-08,2021,Seattle Mariners,Texas Rangers,8,9,9,Globe Life Field
634190,2021-05-08,2021,Arizona Diamondbacks,New York Mets,2,4,9,Citi Field
634193,2021-05-08,2021,Toronto Blue Jays,Houston Astros,8,4,9,Minute Maid Park
634197,2021-05-08,2021,Chicago White Sox,Kansas City Royals,9,1,9,Kauffman Stadium
634199,2021-05-08,2021,Philadelphia Phillies,Atlanta Braves,7,8,12,Truist Park
634262,2021-05-08,2021,Los Angeles Dodgers,Los Angeles Angels,14,11,9,Angel Stadium
634177,2021-05-09,2021,Boston Red Sox,Baltimore Orioles,4,3,9,Oriole Park at Camden Yards
634218,2021-05-09,2021,Washington Nationals,New York Yankees,2,3,9,Yankee Stadium
634184,2021-05-09,2021,Arizona Diamondbacks,New York Mets,2,4,9,Citi Field
634207,2021-05-09,2021,Milwaukee Brewers,Miami Marlins,2,1,10,loanDepot park
634192,2021-05-09,2021,Toronto Blue Jays,Houston Astros,4,7,9,Minute Maid Park
634167,2021-05-09,2021,Chicago White Sox,Kansas City Royals,9,3,9,Kauffman Stadium
634194,2021-05-09,2021,Colorado Rockies,St. Louis Cardinals,0,2,9,Busch Stadium
634237,2021-05-09,2021,Pittsburgh Pirates,Chicago Cubs,6,5,9,Wrigley Field
634182,2021-05-09,2021,Seattle Mariners,Texas Rangers,2,10,9,Globe Life Field
634185,2021-05-09,2021,San Diego Padres,San Francisco Giants,11,1,9,Oracle Park
634205,2021-05-09,2021,Los Angeles Dodgers,Los Angeles Angels,1,2,9,Angel Stadium
634211,2021-05-09,2021,Tampa Bay Rays,Oakland Athletics,4,3,9,Oakland Coliseum
634175,2021-05-09,2021,Philadelphia Phillies,Atlanta Braves,1,6,9,Truist Park
634152,2021-05-10,2021,Cincinnati Reds,Pittsburgh Pirates,14,1,9,PNC Park
634176,2021-05-10,2021,Boston Red Sox,Baltimore Orioles,1,4,9,Oriole Park at Camden Yards
634181,2021-05-10,2021,Los Angeles Angels,Houston Astros,5,4,9,Minute Maid Park
634157,2021-05-10,2021,Miami Marlins,Arizona Diamondbacks,2,5,9,Chase Field
634153,2021-05-10,2021,Texas Rangers,San Francisco Giants,1,3,9,Oracle Park
634164,2021-05-11,2021,Texas Rangers,San Francisco Giants,2,4,9,Oracle Park
634189,2021-05-11,2021,Chicago Cubs,Cleveland Indians,2,3,9,Progressive Field
634174,2021-05-11,2021,Cincinnati Reds,Pittsburgh Pirates,2,7,9,PNC Park
634144,2021-05-11,2021,Philadelphia Phillies,Washington Nationals,6,2,9,Nationals Park
634179,2021-05-11,2021,Kansas City Royals,Detroit Tigers,7,8,9,Comerica Park
634170,2021-05-11,2021,Baltimore Orioles,New York Mets,2,3,9,Citi Field
634202,2021-05-11,2021,Oakland Athletics,Boston Red Sox,3,2,9,Fenway Park
634169,2021-05-11,2021,New York Yankees,Tampa Bay Rays,3,1,9,Tropicana Field
634163,2021-05-11,2021,Toronto Blue Jays,Atlanta Braves,5,3,9,Truist Park
634159,2021-05-11,2021,St. Louis Cardinals,Milwaukee Brewers,6,1,11,American Family Field
634156,2021-05-11,2021,Los Angeles Angels,Houston Astros,1,5,9,Minute Maid Park
634147,2021-05-11,2021,Minnesota Twins,Chicago White Sox,3,9,9,Guaranteed Rate Field
634149,2021-05-11,2021,San Diego Padres,Colorado Rockies,8,1,9,Coors Field
634180,2021-05-11,2021,Miami Marlins,Arizona Diamondbacks,3,11,9,Chase Field
634142,2021-05-11,2021,Seattle Mariners,Los Angeles Dodgers,4,6,9,Dodger Stadium
634128,2021-05-12,2021,Baltimore Orioles,New York Mets,1,7,9,Citi Field
634137,2021-05-12,2021,Cincinnati Reds,Pittsburgh Pirates,5,1,10,PNC Park
634129,2021-05-12,2021,Chicago Cubs,Cleveland Indians,1,2,10,Progressive Field
634208,2021-05-12,2021,San Diego Padres,Colorado Rockies,5,3,7,Coors Field
634155,2021-05-12,2021,San Diego Padres,Colorado Rockies,2,3,8,Coors Field
634151,2021-05-12,2021,Philadelphia Phillies,Washington Nationals,5,2,10,Nationals Park
634186,2021-05-12,2021,Kansas City Royals,Detroit Tigers,2,4,9,Comerica Park
634154,2021-05-12,2021,Oakland Athletics,Boston Red Sox,4,1,9,Fenway Park
634210,2021-05-12,2021,New York Yankees,Tampa Bay Rays,1,0,9,Tropicana Field
634238,2021-05-12,2021,Toronto Blue Jays,Atlanta Braves,4,1,9,Truist Park
634198,2021-05-12,2021,St. Louis Cardinals,Milwaukee Brewers,1,4,9,American Family Field
634172,2021-05-12,2021,Los Angeles Angels,Houston Astros,1,9,9,Minute Maid Park
634160,2021-05-12,2021,Minnesota Twins,Chicago White Sox,8,13,9,Guaranteed Rate Field
634183,2021-05-12,2021,Miami Marlins,Arizona Diamondbacks,3,2,9,Chase Field
634140,2021-05-12,2021,Seattle Mariners,Los Angeles Dodgers,1,7,9,Dodger Stadium
634114,2021-05-13,2021,Toronto Blue Jays,Atlanta Braves,8,4,9,Truist Park
634103,2021-05-13,2021,Philadelphia Phillies,Washington Nationals,1,5,9,Nationals Park
634117,2021-05-13,2021,Kansas City Royals,Detroit Tigers,3,4,9,Comerica Park
634158,2021-05-13,2021,St. Louis Cardinals,Milwaukee Brewers,2,0,9,American Family Field
634125,2021-05-13,2021,Minnesota Twins,Chicago White Sox,2,4,9,Guaranteed Rate Field
634113,2021-05-13,2021,San Francisco Giants,Pittsburgh Pirates,3,1,9,PNC Park
634150,2021-05-13,2021,Oakland Athletics,Boston Red Sox,1,8,9,Fenway Park
634126,2021-05-13,2021,New York Yankees,Tampa Bay Rays,1,9,9,Tropicana Field
634141,2021-05-13,2021,Texas Rangers,Houston Astros,3,4,11,Minute Maid Park
634191,2021-05-13,2021,Cincinnati Reds,Colorado Rockies,8,13,9,Coors Field
634136,2021-05-13,2021,Miami Marlins,Arizona Diamondbacks,5,1,9,Chase Field
634135,2021-05-13,2021,Cleveland Indians,Seattle Mariners,4,2,9,T-Mobile Park
634656,2021-05-14,2021,Kansas City Royals,Chicago White Sox,6,2,7,Guaranteed Rate Field
634166,2021-05-14,2021,Kansas City Royals,Chicago White Sox,1,3,7,Guaranteed Rate Field
634108,2021-05-14,2021,San Francisco Giants,Pittsburgh Pirates,2,3,11,PNC Park
634146,2021-05-14,2021,New York Yankees,Baltimore Orioles,5,4,9,Oriole Park at Camden Yards
634138,2021-05-14,2021,Los Angeles Angels,Boston Red Sox,3,4,9,Fenway Park
634206,2021-05-14,2021,Chicago Cubs,Detroit Tigers,4,2,9,Comerica Park
634093,2021-05-14,2021,New York Mets,Tampa Bay Rays,2,3,9,Tropicana Field
634119,2021-05-14,2021,Philadelphia Phillies,Toronto Blue Jays,5,1,9,TD Ballpark
634123,2021-05-14,2021,Texas Rangers,Houston Astros,4,10,9,Minute Maid Park
634131,2021-05-14,2021,Oakland Athletics,Minnesota Twins,6,1,9,Target Field
634118,2021-05-14,2021,Atlanta Braves,Milwaukee Brewers,6,3,9,American Family Field
634121,2021-05-14,2021,Cincinnati Reds,Colorado Rockies,6,9,9,Coors Field
634162,2021-05-14,2021,Washington Nationals,Arizona Diamondbacks,17,2,9,Chase Field
634110,2021-05-14,2021,Cleveland Indians,Seattle Mariners,3,7,9,T-Mobile Park
634132,2021-05-14,2021,St. Louis Cardinals,San Diego Padres,4,5,9,Petco Park
634145,2021-05-14,2021,Miami Marlins,Los Angeles Dodgers,6,9,9,Dodger Stadium
634105,2021-05-15,2021,New York Mets,Tampa Bay Rays,5,12,9,Tropicana Field
634080,2021-05-15,2021,Oakland Athletics,Minnesota Twins,4,5,9,Target Field
634095,2021-05-15,2021,Los Angeles Angels,Boston Red Sox,0,9,9,Fenway Park
634111,2021-05-15,2021,Chicago Cubs,Detroit Tigers,8,9,10,Comerica Park
634085,2021-05-15,2021,San Francisco Giants,Pittsburgh Pirates,6,8,9,PNC Park
634104,2021-05-15,2021,New York Yankees,Baltimore Orioles,8,2,9,Oriole Park at Camden Yards
634161,2021-05-15,2021,Texas Rangers,Houston Astros,5,6,9,Minute Maid Park
634127,2021-05-15,2021,Kansas City Royals,Chicago White Sox,5,1,9,Guaranteed Rate Field
634106,2021-05-15,2021,Atlanta Braves,Milwaukee Brewers,5,1,9,American Family Field
634139,2021-05-15,2021,Philadelphia Phillies,Toronto Blue Jays,0,4,9,TD Ballpark
634148,2021-05-15,2021,Cincinnati Reds,Colorado Rockies,6,5,12,Coors Field
634097,2021-05-15,2021,Washington Nationals,Arizona Diamondbacks,4,11,9,Chase Field
634143,2021-05-15,2021,St. Louis Cardinals,San Diego Padres,3,13,9,Petco Park
634084,2021-05-15,2021,Cleveland Indians,Seattle Mariners,3,7,9,T-Mobile Park
634096,2021-05-15,2021,Miami Marlins,Los Angeles Dodgers,0,7,9,Dodger Stadium
634094,2021-05-16,2021,San Francisco Giants,Pittsburgh Pirates,4,1,9,PNC Park
634086,2021-05-16,2021,New York Yankees,Baltimore Orioles,6,10,9,Oriole Park at Camden Yards
634069,2021-05-16,2021,Philadelphia Phillies,Toronto Blue Jays,8,10,9,TD Ballpark
634100,2021-05-16,2021,Los Angeles Angels,Boston Red Sox,6,5,9,Fenway Park
634083,2021-05-16,2021,Chicago Cubs,Detroit Tigers,5,1,9,Comerica Park
634071,2021-05-16,2021,New York Mets,Tampa Bay Rays,1,7,9,Tropicana Field
634068,2021-05-16,2021,Texas Rangers,Houston Astros,2,6,9,Minute Maid Park
634188,2021-05-16,2021,Oakland Athletics,Minnesota Twins,7,6,9,Target Field
634124,2021-05-16,2021,Kansas City Royals,Chicago White Sox,3,4,9,Guaranteed Rate Field
634134,2021-05-16,2021,Atlanta Braves,Milwaukee Brewers,9,10,9,American Family Field
634098,2021-05-16,2021,Cincinnati Reds,Colorado Rockies,7,6,9,Coors Field
634130,2021-05-16,2021,Washington Nationals,Arizona Diamondbacks,3,0,9,Chase Field
634087,2021-05-16,2021,Cleveland Indians,Seattle Mariners,2,3,9,T-Mobile Park
634122,2021-05-16,2021,Miami Marlins,Los Angeles Dodgers,3,2,9,Dodger Stadium
634090,2021-05-16,2021,St. Louis Cardinals,San Diego Padres,3,5,9,Petco Park
634070,2021-05-17,2021,San Francisco Giants,Cincinnati Reds,6,3,9,Great American Ball Park
634063,2021-05-17,2021,New York Mets,Atlanta Braves,3,1,9,Truist Park
634076,2021-05-17,2021,Washington Nationals,Chicago Cubs,3,7,9,Wrigley Field
634077,2021-05-17,2021,Chicago White Sox,Minnesota Twins,16,4,9,Target Field
634099,2021-05-17,2021,New York Yankees,Texas Rangers,2,5,9,Globe Life Field
634101,2021-05-17,2021,Cleveland Indians,Los Angeles Angels,4,7,9,Angel Stadium
634091,2021-05-17,2021,Arizona Diamondbacks,Los Angeles Dodgers,1,3,9,Dodger Stadium
634057,2021-05-17,2021,Colorado Rockies,San Diego Padres,0,7,9,Petco Park
634082,2021-05-17,2021,Detroit Tigers,Seattle Mariners,4,1,9,T-Mobile Park
634058,2021-05-18,2021,San Francisco Giants,Cincinnati Reds,4,2,9,Great American Ball Park
634075,2021-05-18,2021,Tampa Bay Rays,Baltimore Orioles,13,6,9,Oriole Park at Camden Yards
634051,2021-05-18,2021,Miami Marlins,Philadelphia Phillies,3,8,9,Citizens Bank Park
634107,2021-05-18,2021,New York Mets,Atlanta Braves,4,3,9,Truist Park
634133,2021-05-18,2021,Boston Red Sox,Toronto Blue Jays,0,8,9,TD Ballpark
634052,2021-05-18,2021,Washington Nationals,Chicago Cubs,3,6,9,Wrigley Field
634073,2021-05-18,2021,Chicago White Sox,Minnesota Twins,4,5,9,Target Field
634109,2021-05-18,2021,Pittsburgh Pirates,St. Louis Cardinals,2,5,9,Busch Stadium
634067,2021-05-18,2021,New York Yankees,Texas Rangers,7,4,9,Globe Life Field
634043,2021-05-18,2021,Milwaukee Brewers,Kansas City Royals,0,2,9,Kauffman Stadium
634102,2021-05-18,2021,Cleveland Indians,Los Angeles Angels,6,5,9,Angel Stadium
634050,2021-05-18,2021,Houston Astros,Oakland Athletics,5,6,9,Oakland Coliseum
634092,2021-05-18,2021,Arizona Diamondbacks,Los Angeles Dodgers,1,9,9,Dodger Stadium
634065,2021-05-18,2021,Colorado Rockies,San Diego Padres,1,2,10,Petco Park
634115,2021-05-18,2021,Detroit Tigers,Seattle Mariners,5,0,9,T-Mobile Park
634030,2021-05-19,2021,Chicago White Sox,Minnesota Twins,2,1,9,Target Field
634031,2021-05-19,2021,Colorado Rockies,San Diego Padres,0,3,9,Petco Park
634061,2021-05-19,2021,San Francisco Giants,Cincinnati Reds,4,0,9,Great American Ball Park
634055,2021-05-19,2021,Tampa Bay Rays,Baltimore Orioles,9,7,9,Oriole Park at Camden Yards
634044,2021-05-19,2021,Miami Marlins,Philadelphia Phillies,3,1,9,Citizens Bank Park
634066,2021-05-19,2021,New York Mets,Atlanta Braves,4,5,9,Truist Park
634116,2021-05-19,2021,Boston Red Sox,Toronto Blue Jays,7,3,9,TD Ballpark
634053,2021-05-19,2021,Washington Nationals,Chicago Cubs,4,3,9,Wrigley Field
634026,2021-05-19,2021,Pittsburgh Pirates,St. Louis Cardinals,5,8,9,Busch Stadium
634168,2021-05-19,2021,New York Yankees,Texas Rangers,2,0,9,Globe Life Field
634029,2021-05-19,2021,Cleveland Indians,Los Angeles Angels,3,2,9,Angel Stadium
634037,2021-05-19,2021,Milwaukee Brewers,Kansas City Royals,4,6,9,Kauffman Stadium
634034,2021-05-19,2021,Houston Astros,Oakland Athletics,8,1,9,Oakland Coliseum
634033,2021-05-19,2021,Arizona Diamondbacks,Los Angeles Dodgers,2,4,9,Dodger Stadium
634046,2021-05-19,2021,Detroit Tigers,Seattle Mariners,6,2,9,T-Mobile Park
634020,2021-05-20,2021,San Francisco Giants,Cincinnati Reds,19,4,9,Great American Ball Park
634120,2021-05-20,2021,Tampa Bay Rays,Baltimore Orioles,10,1,9,Oriole Park at Camden Yards
634047,2021-05-20,2021,New York Yankees,Texas Rangers,2,0,9,Globe Life Field
634112,2021-05-20,2021,Washington Nationals,Chicago Cubs,2,5,9,Wrigley Field
634045,2021-05-20,2021,Houston Astros,Oakland Athletics,8,4,9,Oakland Coliseum
634465,2021-05-20,2021,Minnesota Twins,Los Angeles Angels,1,7,7,Angel Stadium
634441,2021-05-20,2021,Minnesota Twins,Los Angeles Angels,6,3,7,Angel Stadium
634039,2021-05-20,2021,Miami Marlins,Philadelphia Phillies,6,0,9,Citizens Bank Park
634041,2021-05-20,2021,Pittsburgh Pirates,Atlanta Braves,6,4,10,Truist Park
634018,2021-05-20,2021,Boston Red Sox,Toronto Blue Jays,8,7,9,TD Ballpark
634059,2021-05-20,2021,Arizona Diamondbacks,Los Angeles Dodgers,2,3,9,Dodger Stadium
634012,2021-05-21,2021,Baltimore Orioles,Washington Nationals,2,4,9,Nationals Park
634054,2021-05-21,2021,Boston Red Sox,Philadelphia Phillies,11,3,9,Citizens Bank Park
634014,2021-05-21,2021,Chicago White Sox,New York Yankees,1,2,9,Yankee Stadium
634015,2021-05-21,2021,Minnesota Twins,Cleveland Indians,10,0,9,Progressive Field
634089,2021-05-21,2021,New York Mets,Miami Marlins,6,5,12,loanDepot park
634027,2021-05-21,2021,Milwaukee Brewers,Cincinnati Reds,4,9,9,Great American Ball Park
634036,2021-05-21,2021,Pittsburgh Pirates,Atlanta Braves,1,20,9,Truist Park
634078,2021-05-21,2021,Tampa Bay Rays,Toronto Blue Jays,9,7,12,TD Ballpark
634008,2021-05-21,2021,Houston Astros,Texas Rangers,5,7,10,Globe Life Field
634088,2021-05-21,2021,Detroit Tigers,Kansas City Royals,7,5,9,Kauffman Stadium
634022,2021-05-21,2021,Chicago Cubs,St. Louis Cardinals,12,3,9,Busch Stadium
634016,2021-05-21,2021,Arizona Diamondbacks,Colorado Rockies,1,7,9,Coors Field
634028,2021-05-21,2021,Oakland Athletics,Los Angeles Angels,8,4,9,Angel Stadium
634013,2021-05-21,2021,Los Angeles Dodgers,San Francisco Giants,2,1,9,Oracle Park
634019,2021-05-21,2021,Seattle Mariners,San Diego Padres,1,16,9,Petco Park
634035,2021-05-22,2021,Chicago White Sox,New York Yankees,0,7,9,Yankee Stadium
634010,2021-05-22,2021,Arizona Diamondbacks,Colorado Rockies,6,7,9,Coors Field
634062,2021-05-22,2021,Baltimore Orioles,Washington Nationals,9,12,9,Nationals Park
634079,2021-05-22,2021,Houston Astros,Texas Rangers,4,8,9,Globe Life Field
634001,2021-05-22,2021,Detroit Tigers,Kansas City Royals,5,7,9,Kauffman Stadium
634038,2021-05-22,2021,Minnesota Twins,Cleveland Indians,3,5,10,Progressive Field
634049,2021-05-22,2021,Pittsburgh Pirates,Atlanta Braves,1,6,9,Truist Park
633999,2021-05-22,2021,New York Mets,Miami Marlins,1,3,9,loanDepot park
634017,2021-05-22,2021,Milwaukee Brewers,Cincinnati Reds,4,3,9,Great American Ball Park
634011,2021-05-22,2021,Los Angeles Dodgers,San Francisco Giants,6,3,9,Oracle Park
634032,2021-05-22,2021,Chicago Cubs,St. Louis Cardinals,1,2,9,Busch Stadium
633984,2021-05-22,2021,Boston Red Sox,Philadelphia Phillies,4,3,9,Citizens Bank Park
634081,2021-05-22,2021,Tampa Bay Rays,Toronto Blue Jays,3,1,9,TD Ballpark
633991,2021-05-22,2021,Seattle Mariners,San Diego Padres,4,6,9,Petco Park
634000,2021-05-22,2021,Oakland Athletics,Los Angeles Angels,6,2,9,Angel Stadium
633977,2021-05-23,2021,Baltimore Orioles,Washington Nationals,5,6,9,Nationals Park
634004,2021-05-23,2021,Boston Red Sox,Philadelphia Phillies,2,6,9,Citizens Bank Park
634009,2021-05-23,2021,Chicago White Sox,New York Yankees,4,5,9,Yankee Stadium
633975,2021-05-23,2021,Tampa Bay Rays,Toronto Blue Jays,6,4,9,TD Ballpark
634007,2021-05-23,2021,Minnesota Twins,Cleveland Indians,8,5,10,Progressive Field
633998,2021-05-23,2021,New York Mets,Miami Marlins,1,5,9,loanDepot park
633989,2021-05-23,2021,Milwaukee Brewers,Cincinnati Reds,9,4,9,Great American Ball Park
634060,2021-05-23,2021,Pittsburgh Pirates,Atlanta Braves,1,7,9,Truist Park
634002,2021-05-23,2021,Detroit Tigers,Kansas City Royals,2,3,9,Kauffman Stadium
634025,2021-05-23,2021,Houston Astros,Texas Rangers,2,3,10,Globe Life Field
633995,2021-05-23,2021,Arizona Diamondbacks,Colorado Rockies,3,4,9,Coors Field
633980,2021-05-23,2021,Los Angeles Dodgers,San Francisco Giants,11,5,9,Oracle Park
633985,2021-05-23,2021,Oakland Athletics,Los Angeles Angels,5,6,9,Angel Stadium
633996,2021-05-23,2021,Seattle Mariners,San Diego Padres,2,9,9,Petco Park
633973,2021-05-23,2021,Chicago Cubs,St. Louis Cardinals,2,1,10,Busch Stadium
633963,2021-05-24,2021,Tampa Bay Rays,Toronto Blue Jays,14,8,11,TD Ballpark
633976,2021-05-24,2021,Philadelphia Phillies,Miami Marlins,6,9,9,loanDepot park
633981,2021-05-24,2021,Cleveland Indians,Detroit Tigers,6,5,9,Comerica Park
634056,2021-05-24,2021,Colorado Rockies,New York Mets,3,2,9,Citi Field
633982,2021-05-24,2021,Baltimore Orioles,Minnesota Twins,3,8,9,Target Field
633992,2021-05-24,2021,San Diego Padres,Milwaukee Brewers,3,5,9,American Family Field
633994,2021-05-24,2021,St. Louis Cardinals,Chicago White Sox,1,5,9,Guaranteed Rate Field
633955,2021-05-24,2021,Seattle Mariners,Oakland Athletics,4,2,9,Oakland Coliseum
633941,2021-05-25,2021,Chicago Cubs,Pittsburgh Pirates,4,3,9,PNC Park
633969,2021-05-25,2021,Philadelphia Phillies,Miami Marlins,2,0,9,loanDepot park
633965,2021-05-25,2021,Cincinnati Reds,Washington Nationals,2,1,9,Nationals Park
633956,2021-05-25,2021,Toronto Blue Jays,New York Yankees,6,2,9,Yankee Stadium
633970,2021-05-25,2021,Cleveland Indians,Detroit Tigers,4,1,9,Comerica Park
634023,2021-05-25,2021,Colorado Rockies,New York Mets,1,3,9,Citi Field
633990,2021-05-25,2021,Kansas City Royals,Tampa Bay Rays,2,1,9,Tropicana Field
633958,2021-05-25,2021,Atlanta Braves,Boston Red Sox,3,1,9,Fenway Park
634048,2021-05-25,2021,Baltimore Orioles,Minnesota Twins,4,7,9,Target Field
633962,2021-05-25,2021,San Diego Padres,Milwaukee Brewers,7,1,9,American Family Field
633953,2021-05-25,2021,Los Angeles Dodgers,Houston Astros,9,2,9,Minute Maid Park
633951,2021-05-25,2021,St. Louis Cardinals,Chicago White Sox,3,8,9,Guaranteed Rate Field
633972,2021-05-25,2021,Texas Rangers,Los Angeles Angels,5,11,9,Angel Stadium
633945,2021-05-25,2021,Seattle Mariners,Oakland Athletics,4,3,9,Oakland Coliseum
633979,2021-05-25,2021,San Francisco Giants,Arizona Diamondbacks,8,0,9,Chase Field
633928,2021-05-26,2021,Baltimore Orioles,Minnesota Twins,2,3,9,Target Field
633971,2021-05-26,2021,St. Louis Cardinals,Chicago White Sox,4,0,9,Guaranteed Rate Field
634074,2021-05-26,2021,Seattle Mariners,Oakland Athletics,3,6,9,Oakland Coliseum
633940,2021-05-26,2021,Texas Rangers,Los Angeles Angels,8,9,9,Angel Stadium
633967,2021-05-26,2021,Chicago Cubs,Pittsburgh Pirates,4,1,9,PNC Park
633901,2021-05-26,2021,Philadelphia Phillies,Miami Marlins,2,4,9,loanDepot park
633986,2021-05-26,2021,Cleveland Indians,Detroit Tigers,0,1,9,Comerica Park
634064,2021-05-26,2021,Kansas City Royals,Tampa Bay Rays,1,2,10,Tropicana Field
633993,2021-05-26,2021,Atlanta Braves,Boston Red Sox,5,9,9,Fenway Park
634021,2021-05-26,2021,Los Angeles Dodgers,Houston Astros,2,5,9,Minute Maid Park
633927,2021-05-26,2021,San Diego Padres,Milwaukee Brewers,2,1,10,American Family Field
633939,2021-05-26,2021,San Francisco Giants,Arizona Diamondbacks,5,4,9,Chase Field
633922,2021-05-27,2021,Colorado Rockies,New York Mets,0,1,7,Citi Field
633912,2021-05-27,2021,Colorado Rockies,New York Mets,2,4,7,Citi Field
633957,2021-05-27,2021,Philadelphia Phillies,Miami Marlins,3,2,9,loanDepot park
633888,2021-05-27,2021,Chicago Cubs,Pittsburgh Pirates,5,3,9,PNC Park
633943,2021-05-27,2021,Cleveland Indians,Detroit Tigers,5,2,9,Comerica Park
633937,2021-05-27,2021,San Diego Padres,Milwaukee Brewers,5,6,10,American Family Field
633890,2021-05-27,2021,Cincinnati Reds,Washington Nationals,3,5,9,Nationals Park
633915,2021-05-27,2021,Kansas City Royals,Tampa Bay Rays,2,7,9,Tropicana Field
633974,2021-05-27,2021,Toronto Blue Jays,New York Yankees,2,0,7,Yankee Stadium
633910,2021-05-27,2021,Toronto Blue Jays,New York Yankees,3,5,7,Yankee Stadium
634003,2021-05-27,2021,Cincinnati Reds,Washington Nationals,3,0,7,Nationals Park
633924,2021-05-27,2021,Baltimore Orioles,Chicago White Sox,1,5,9,Guaranteed Rate Field
633964,2021-05-27,2021,Los Angeles Angels,Oakland Athletics,0,5,9,Oakland Coliseum
633914,2021-05-27,2021,St. Louis Cardinals,Arizona Diamondbacks,5,4,10,Chase Field
633930,2021-05-27,2021,San Francisco Giants,Los Angeles Dodgers,3,4,9,Dodger Stadium
633934,2021-05-27,2021,Texas Rangers,Seattle Mariners,0,5,9,T-Mobile Park
634024,2021-05-28,2021,Cincinnati Reds,Chicago Cubs,0,1,9,Wrigley Field
633966,2021-05-28,2021,Toronto Blue Jays,Cleveland Indians,11,2,7,Progressive Field
634040,2021-05-28,2021,Miami Marlins,Boston Red Sox,2,5,6,Fenway Park
633961,2021-05-28,2021,New York Yankees,Detroit Tigers,2,3,10,Comerica Park
633918,2021-05-28,2021,San Diego Padres,Houston Astros,10,3,11,Minute Maid Park
633932,2021-05-28,2021,Kansas City Royals,Minnesota Twins,8,3,9,Target Field
634006,2021-05-28,2021,Los Angeles Angels,Oakland Athletics,1,3,9,Oakland Coliseum
633987,2021-05-28,2021,St. Louis Cardinals,Arizona Diamondbacks,8,6,9,Chase Field
633921,2021-05-28,2021,San Francisco Giants,Los Angeles Dodgers,8,5,10,Dodger Stadium
633997,2021-05-28,2021,Texas Rangers,Seattle Mariners,2,3,9,T-Mobile Park
634005,2021-05-29,2021,Colorado Rockies,Pittsburgh Pirates,0,7,7,PNC Park
633936,2021-05-29,2021,Colorado Rockies,Pittsburgh Pirates,0,4,7,PNC Park
633894,2021-05-29,2021,Philadelphia Phillies,Tampa Bay Rays,3,5,9,Tropicana Field
633916,2021-05-29,2021,Milwaukee Brewers,Washington Nationals,4,1,7,Nationals Park
633950,2021-05-29,2021,Milwaukee Brewers,Washington Nationals,6,2,7,Nationals Park
633944,2021-05-29,2021,Kansas City Royals,Minnesota Twins,5,6,9,Target Field
633960,2021-05-29,2021,Baltimore Orioles,Chicago White Sox,4,7,7,Guaranteed Rate Field
633887,2021-05-29,2021,Baltimore Orioles,Chicago White Sox,1,3,7,Guaranteed Rate Field
633875,2021-05-29,2021,Cincinnati Reds,Chicago Cubs,2,10,9,Wrigley Field
633929,2021-05-29,2021,Los Angeles Angels,Oakland Athletics,4,0,9,Oakland Coliseum
633874,2021-05-29,2021,San Diego Padres,Houston Astros,11,8,12,Minute Maid Park
633903,2021-05-29,2021,Miami Marlins,Boston Red Sox,1,3,9,Fenway Park
633949,2021-05-29,2021,New York Yankees,Detroit Tigers,1,6,9,Comerica Park
633938,2021-05-29,2021,San Francisco Giants,Los Angeles Dodgers,11,6,9,Dodger Stadium
633959,2021-05-29,2021,Atlanta Braves,New York Mets,2,13,9,Citi Field
633913,2021-05-29,2021,St. Louis Cardinals,Arizona Diamondbacks,7,4,9,Chase Field
633947,2021-05-29,2021,Texas Rangers,Seattle Mariners,2,3,9,T-Mobile Park
633978,2021-05-30,2021,Colorado Rockies,Pittsburgh Pirates,4,3,9,PNC Park
633933,2021-05-30,2021,Milwaukee Brewers,Washington Nationals,3,0,9,Nationals Park
633935,2021-05-30,2021,Toronto Blue Jays,Cleveland Indians,4,1,7,Progressive Field
634042,2021-05-30,2021,Toronto Blue Jays,Cleveland Indians,5,6,7,Progressive Field
633892,2021-05-30,2021,Philadelphia Phillies,Tampa Bay Rays,2,6,9,Tropicana Field
633854,2021-05-30,2021,New York Yankees,Detroit Tigers,2,6,9,Comerica Park
633942,2021-05-30,2021,San Diego Padres,Houston Astros,4,7,9,Minute Maid Park
633881,2021-05-30,2021,Kansas City Royals,Minnesota Twins,6,3,9,Target Field
633872,2021-05-30,2021,Baltimore Orioles,Chicago White Sox,1,3,9,Guaranteed Rate Field
633931,2021-05-30,2021,Cincinnati Reds,Chicago Cubs,5,1,9,Wrigley Field
633889,2021-05-30,2021,Los Angeles Angels,Oakland Athletics,4,2,9,Oakland Coliseum
633923,2021-05-30,2021,San Francisco Giants,Los Angeles Dodgers,5,4,9,Dodger Stadium
633946,2021-05-30,2021,St. Louis Cardinals,Arizona Diamondbacks,2,9,9,Chase Field
633968,2021-05-30,2021,Texas Rangers,Seattle Mariners,2,4,9,T-Mobile Park
633919,2021-05-31,2021,Minnesota Twins,Baltimore Orioles,3,2,10,Oriole Park at Camden Yards
633898,2021-05-31,2021,Tampa Bay Rays,New York Yankees,3,1,9,Yankee Stadium
633983,2021-05-31,2021,Philadelphia Phillies,Cincinnati Reds,1,11,9,Great American Ball Park
633948,2021-05-31,2021,Detroit Tigers,Milwaukee Brewers,2,3,10,American Family Field
633870,2021-05-31,2021,San Diego Padres,Chicago Cubs,2,7,9,Wrigley Field
633884,2021-05-31,2021,Chicago White Sox,Cleveland Indians,8,6,8,Progressive Field
634452,2021-05-31,2021,Chicago White Sox,Cleveland Indians,1,3,7,Progressive Field
633897,2021-05-31,2021,Los Angeles Angels,San Francisco Giants,1,6,9,Oracle Park
633896,2021-05-31,2021,Boston Red Sox,Houston Astros,2,11,9,Minute Maid Park
633849,2021-05-31,2021,Oakland Athletics,Seattle Mariners,5,6,10,T-Mobile Park
633917,2021-05-31,2021,Washington Nationals,Atlanta Braves,3,5,9,Truist Park
633900,2021-05-31,2021,Pittsburgh Pirates,Kansas City Royals,3,7,9,Kauffman Stadium
633851,2021-05-31,2021,St. Louis Cardinals,Los Angeles Dodgers,4,9,9,Dodger Stadium
633926,2021-05-31,2021,New York Mets,Arizona Diamondbacks,6,2,9,Chase Field
633877,2021-06-01,2021,Chicago White Sox,Cleveland Indians,5,6,9,Progressive Field
633856,2021-06-01,2021,Minnesota Twins,Baltimore Orioles,4,7,9,Oriole Park at Camden Yards
633861,2021-06-01,2021,Tampa Bay Rays,New York Yankees,3,5,11,Yankee Stadium
633857,2021-06-01,2021,Miami Marlins,Toronto Blue Jays,1,5,9,Sahlen Field
633868,2021-06-01,2021,Philadelphia Phillies,Cincinnati Reds,17,3,9,Great American Ball Park
633863,2021-06-01,2021,Washington Nationals,Atlanta Braves,11,6,9,Truist Park
633878,2021-06-01,2021,Detroit Tigers,Milwaukee Brewers,10,7,9,American Family Field
633880,2021-06-01,2021,San Diego Padres,Chicago Cubs,3,4,9,Wrigley Field
633873,2021-06-01,2021,Boston Red Sox,Houston Astros,1,5,9,Minute Maid Park
633891,2021-06-01,2021,Pittsburgh Pirates,Kansas City Royals,5,10,9,Kauffman Stadium
633895,2021-06-01,2021,Texas Rangers,Colorado Rockies,2,3,11,Coors Field
633885,2021-06-01,2021,New York Mets,Arizona Diamondbacks,5,6,10,Chase Field
633864,2021-06-01,2021,Los Angeles Angels,San Francisco Giants,8,1,9,Oracle Park
633871,2021-06-01,2021,Oakland Athletics,Seattle Mariners,12,6,9,T-Mobile Park
633879,2021-06-01,2021,St. Louis Cardinals,Los Angeles Dodgers,3,2,9,Dodger Stadium
633855,2021-06-02,2021,San Diego Padres,Chicago Cubs,1,6,9,Wrigley Field
633834,2021-06-02,2021,New York Mets,Arizona Diamondbacks,7,6,9,Chase Field
633853,2021-06-02,2021,Minnesota Twins,Baltimore Orioles,3,6,9,Oriole Park at Camden Yards
633882,2021-06-02,2021,Tampa Bay Rays,New York Yankees,3,4,9,Yankee Stadium
633844,2021-06-02,2021,Miami Marlins,Toronto Blue Jays,5,6,9,Sahlen Field
633883,2021-06-02,2021,Washington Nationals,Atlanta Braves,5,3,9,Truist Park
633842,2021-06-02,2021,Boston Red Sox,Houston Astros,1,2,9,Minute Maid Park
633848,2021-06-02,2021,Texas Rangers,Colorado Rockies,3,6,9,Coors Field
633988,2021-06-02,2021,St. Louis Cardinals,Los Angeles Dodgers,3,14,9,Dodger Stadium
633954,2021-06-02,2021,Oakland Athletics,Seattle Mariners,6,0,9,T-Mobile Park
633836,2021-06-03,2021,Washington Nationals,Atlanta Braves,1,5,9,Truist Park
633819,2021-06-03,2021,Tampa Bay Rays,New York Yankees,9,2,9,Yankee Stadium
633831,2021-06-03,2021,Boston Red Sox,Houston Astros,5,1,9,Minute Maid Park
633860,2021-06-03,2021,Texas Rangers,Colorado Rockies,6,11,9,Coors Field
633835,2021-06-03,2021,Miami Marlins,Pittsburgh Pirates,3,5,9,PNC Park
633876,2021-06-03,2021,Arizona Diamondbacks,Milwaukee Brewers,4,7,9,American Family Field
633833,2021-06-03,2021,Minnesota Twins,Kansas City Royals,5,6,9,Kauffman Stadium
633859,2021-06-03,2021,Detroit Tigers,Chicago White Sox,1,4,9,Guaranteed Rate Field
633809,2021-06-03,2021,Cincinnati Reds,St. Louis Cardinals,4,2,9,Busch Stadium
633832,2021-06-03,2021,Seattle Mariners,Los Angeles Angels,6,2,9,Angel Stadium
633823,2021-06-03,2021,Chicago Cubs,San Francisco Giants,2,7,9,Oracle Park
633841,2021-06-03,2021,New York Mets,San Diego Padres,3,4,9,Petco Park
633818,2021-06-04,2021,Cleveland Indians,Baltimore Orioles,1,3,9,Oriole Park at Camden Yards
633862,2021-06-04,2021,Washington Nationals,Philadelphia Phillies,2,1,9,Citizens Bank Park
633858,2021-06-04,2021,Miami Marlins,Pittsburgh Pirates,2,9,9,PNC Park
633824,2021-06-04,2021,Boston Red Sox,New York Yankees,5,2,9,Yankee Stadium
633815,2021-06-04,2021,Houston Astros,Toronto Blue Jays,13,1,9,Sahlen Field
633820,2021-06-04,2021,Los Angeles Dodgers,Atlanta Braves,9,5,9,Truist Park
633830,2021-06-04,2021,Tampa Bay Rays,Texas Rangers,4,5,9,Globe Life Field
633838,2021-06-04,2021,Minnesota Twins,Kansas City Royals,5,14,9,Kauffman Stadium
633840,2021-06-04,2021,Detroit Tigers,Chicago White Sox,8,9,9,Guaranteed Rate Field
633846,2021-06-04,2021,Arizona Diamondbacks,Milwaukee Brewers,1,5,9,American Family Field
633825,2021-06-04,2021,Cincinnati Reds,St. Louis Cardinals,6,4,9,Busch Stadium
633865,2021-06-04,2021,Oakland Athletics,Colorado Rockies,9,5,9,Coors Field
633837,2021-06-04,2021,Seattle Mariners,Los Angeles Angels,2,3,9,Angel Stadium
633817,2021-06-04,2021,Chicago Cubs,San Francisco Giants,5,8,9,Oracle Park
633816,2021-06-04,2021,New York Mets,San Diego Padres,0,2,9,Petco Park
633920,2021-06-05,2021,Detroit Tigers,Chicago White Sox,4,3,9,Guaranteed Rate Field
633797,2021-06-05,2021,Cincinnati Reds,St. Louis Cardinals,5,2,9,Busch Stadium
633800,2021-06-05,2021,Houston Astros,Toronto Blue Jays,2,6,9,Sahlen Field
633807,2021-06-05,2021,Cleveland Indians,Baltimore Orioles,10,4,9,Oriole Park at Camden Yards
633839,2021-06-05,2021,Tampa Bay Rays,Texas Rangers,3,0,9,Globe Life Field
633795,2021-06-05,2021,Washington Nationals,Philadelphia Phillies,2,5,9,Citizens Bank Park
633787,2021-06-05,2021,Miami Marlins,Pittsburgh Pirates,7,8,12,PNC Park
633799,2021-06-05,2021,Minnesota Twins,Kansas City Royals,5,4,9,Kauffman Stadium
633827,2021-06-05,2021,Arizona Diamondbacks,Milwaukee Brewers,5,7,9,American Family Field
633886,2021-06-05,2021,Chicago Cubs,San Francisco Giants,3,4,9,Oracle Park
633828,2021-06-05,2021,Los Angeles Dodgers,Atlanta Braves,4,6,9,Truist Park
633852,2021-06-05,2021,Boston Red Sox,New York Yankees,7,3,9,Yankee Stadium
633850,2021-06-05,2021,Oakland Athletics,Colorado Rockies,6,3,9,Coors Field
633845,2021-06-05,2021,Seattle Mariners,Los Angeles Angels,5,12,9,Angel Stadium
633821,2021-06-05,2021,New York Mets,San Diego Padres,4,0,9,Petco Park
633814,2021-06-06,2021,Cleveland Indians,Baltimore Orioles,5,18,9,Oriole Park at Camden Yards
633786,2021-06-06,2021,Washington Nationals,Philadelphia Phillies,6,12,9,Citizens Bank Park
633794,2021-06-06,2021,Miami Marlins,Pittsburgh Pirates,3,1,9,PNC Park
633780,2021-06-06,2021,Houston Astros,Toronto Blue Jays,6,3,9,Sahlen Field
633810,2021-06-06,2021,Los Angeles Dodgers,Atlanta Braves,2,4,9,Truist Park
633893,2021-06-06,2021,Minnesota Twins,Kansas City Royals,2,1,9,Kauffman Stadium
633774,2021-06-06,2021,Detroit Tigers,Chicago White Sox,0,3,9,Guaranteed Rate Field
633798,2021-06-06,2021,Arizona Diamondbacks,Milwaukee Brewers,0,2,9,American Family Field
633808,2021-06-06,2021,Cincinnati Reds,St. Louis Cardinals,8,7,9,Busch Stadium
633802,2021-06-06,2021,Tampa Bay Rays,Texas Rangers,7,1,9,Globe Life Field
633847,2021-06-06,2021,Oakland Athletics,Colorado Rockies,1,3,9,Coors Field
633869,2021-06-06,2021,Chicago Cubs,San Francisco Giants,4,3,9,Oracle Park
633843,2021-06-06,2021,Seattle Mariners,Los Angeles Angels,9,5,9,Angel Stadium
633806,2021-06-06,2021,New York Mets,San Diego Padres,6,2,9,Petco Park
633812,2021-06-06,2021,Boston Red Sox,New York Yankees,6,5,10,Yankee Stadium
634072,2021-06-07,2021,Miami Marlins,Boston Red Sox,3,5,9,Fenway Park
633796,2021-06-07,2021,Kansas City Royals,Los Angeles Angels,3,8,9,Angel Stadium
633779,2021-06-07,2021,Chicago Cubs,San Diego Padres,4,9,9,Petco Park
633773,2021-06-08,2021,New York Mets,Baltimore Orioles,3,10,9,Oriole Park at Camden Yards
633772,2021-06-08,2021,Los Angeles Dodgers,Pittsburgh Pirates,5,3,9,PNC Park
633785,2021-06-08,2021,Atlanta Braves,Philadelphia Phillies,9,5,9,Citizens Bank Park
633793,2021-06-08,2021,Houston Astros,Boston Red Sox,7,1,9,Fenway Park
633822,2021-06-08,2021,Seattle Mariners,Detroit Tigers,3,5,9,Comerica Park
633766,2021-06-08,2021,Washington Nationals,Tampa Bay Rays,1,3,9,Tropicana Field
633813,2021-06-08,2021,Colorado Rockies,Miami Marlins,2,6,9,loanDepot park
633801,2021-06-08,2021,Milwaukee Brewers,Cincinnati Reds,5,1,9,Great American Ball Park
633752,2021-06-08,2021,San Francisco Giants,Texas Rangers,9,4,9,Globe Life Field
633788,2021-06-08,2021,Toronto Blue Jays,Chicago White Sox,1,6,9,Guaranteed Rate Field
633804,2021-06-08,2021,New York Yankees,Minnesota Twins,8,4,9,Target Field
633778,2021-06-08,2021,Cleveland Indians,St. Louis Cardinals,10,1,9,Busch Stadium
633826,2021-06-08,2021,Kansas City Royals,Los Angeles Angels,1,8,9,Angel Stadium
633765,2021-06-08,2021,Arizona Diamondbacks,Oakland Athletics,2,5,9,Oakland Coliseum
633777,2021-06-08,2021,Chicago Cubs,San Diego Padres,7,1,9,Petco Park
633756,2021-06-09,2021,San Francisco Giants,Texas Rangers,3,4,11,Globe Life Field
633784,2021-06-09,2021,Arizona Diamondbacks,Oakland Athletics,0,4,9,Oakland Coliseum
633739,2021-06-09,2021,Chicago Cubs,San Diego Padres,3,1,9,Petco Park
633811,2021-06-09,2021,New York Mets,Baltimore Orioles,14,1,9,Oriole Park at Camden Yards
633753,2021-06-09,2021,Los Angeles Dodgers,Pittsburgh Pirates,2,1,9,PNC Park
633764,2021-06-09,2021,Atlanta Braves,Philadelphia Phillies,1,2,9,Citizens Bank Park
633803,2021-06-09,2021,Houston Astros,Boston Red Sox,8,3,9,Fenway Park
633759,2021-06-09,2021,Seattle Mariners,Detroit Tigers,9,6,11,Comerica Park
633767,2021-06-09,2021,Washington Nationals,Tampa Bay Rays,9,7,11,Tropicana Field
633738,2021-06-09,2021,Colorado Rockies,Miami Marlins,4,3,9,loanDepot park
633791,2021-06-09,2021,Milwaukee Brewers,Cincinnati Reds,3,7,9,Great American Ball Park
633783,2021-06-09,2021,Toronto Blue Jays,Chicago White Sox,6,2,9,Guaranteed Rate Field
633792,2021-06-09,2021,New York Yankees,Minnesota Twins,9,6,9,Target Field
633775,2021-06-09,2021,Cleveland Indians,St. Louis Cardinals,2,8,9,Busch Stadium
633776,2021-06-09,2021,Kansas City Royals,Los Angeles Angels,1,6,9,Angel Stadium
633744,2021-06-10,2021,Los Angeles Dodgers,Pittsburgh Pirates,6,3,8,PNC Park
633757,2021-06-10,2021,Milwaukee Brewers,Cincinnati Reds,7,2,9,Great American Ball Park
633762,2021-06-10,2021,Atlanta Braves,Philadelphia Phillies,3,4,10,Citizens Bank Park
633754,2021-06-10,2021,Seattle Mariners,Detroit Tigers,3,8,9,Comerica Park
633758,2021-06-10,2021,Houston Astros,Boston Red Sox,8,12,9,Fenway Park
633748,2021-06-10,2021,Colorado Rockies,Miami Marlins,4,11,9,loanDepot park
633733,2021-06-10,2021,Toronto Blue Jays,Chicago White Sox,2,5,9,Guaranteed Rate Field
633790,2021-06-10,2021,New York Yankees,Minnesota Twins,5,7,9,Target Field
633770,2021-06-10,2021,Kansas City Royals,Oakland Athletics,6,1,9,Oakland Coliseum
633742,2021-06-11,2021,St. Louis Cardinals,Chicago Cubs,5,8,9,Wrigley Field
633746,2021-06-11,2021,San Francisco Giants,Washington Nationals,1,0,9,Nationals Park
633741,2021-06-11,2021,Colorado Rockies,Cincinnati Reds,5,11,9,Great American Ball Park
633771,2021-06-11,2021,San Diego Padres,New York Mets,2,3,9,Citi Field
633743,2021-06-11,2021,Seattle Mariners,Cleveland Indians,0,7,9,Progressive Field
633781,2021-06-11,2021,Baltimore Orioles,Tampa Bay Rays,2,4,9,Tropicana Field
633735,2021-06-11,2021,Toronto Blue Jays,Boston Red Sox,5,6,9,Fenway Park
633789,2021-06-11,2021,Chicago White Sox,Detroit Tigers,5,4,10,Comerica Park
633782,2021-06-11,2021,Atlanta Braves,Miami Marlins,3,4,9,loanDepot park
633720,2021-06-11,2021,Houston Astros,Minnesota Twins,6,4,9,Target Field
633768,2021-06-11,2021,Pittsburgh Pirates,Milwaukee Brewers,4,7,9,American Family Field
633731,2021-06-11,2021,Los Angeles Angels,Arizona Diamondbacks,6,5,10,Chase Field
633717,2021-06-11,2021,Kansas City Royals,Oakland Athletics,3,4,9,Oakland Coliseum
633761,2021-06-11,2021,Texas Rangers,Los Angeles Dodgers,1,12,9,Dodger Stadium
633745,2021-06-12,2021,San Francisco Giants,Washington Nationals,0,2,7,Nationals Park
633698,2021-06-12,2021,San Francisco Giants,Washington Nationals,2,1,8,Nationals Park
633763,2021-06-12,2021,New York Yankees,Philadelphia Phillies,7,8,10,Citizens Bank Park
633718,2021-06-12,2021,Kansas City Royals,Oakland Athletics,2,11,9,Oakland Coliseum
633712,2021-06-12,2021,Los Angeles Angels,Arizona Diamondbacks,8,7,9,Chase Field
633730,2021-06-12,2021,Colorado Rockies,Cincinnati Reds,3,10,9,Great American Ball Park
633732,2021-06-12,2021,San Diego Padres,New York Mets,1,4,9,Citi Field
633725,2021-06-12,2021,Seattle Mariners,Cleveland Indians,4,5,10,Progressive Field
633699,2021-06-12,2021,Baltimore Orioles,Tampa Bay Rays,4,5,9,Tropicana Field
633751,2021-06-12,2021,Toronto Blue Jays,Boston Red Sox,7,2,9,Fenway Park
633721,2021-06-12,2021,Chicago White Sox,Detroit Tigers,15,2,9,Comerica Park
633704,2021-06-12,2021,Atlanta Braves,Miami Marlins,2,4,9,loanDepot park
633726,2021-06-12,2021,Pittsburgh Pirates,Milwaukee Brewers,4,7,9,American Family Field
633740,2021-06-12,2021,St. Louis Cardinals,Chicago Cubs,2,7,9,Wrigley Field
633736,2021-06-12,2021,Houston Astros,Minnesota Twins,2,5,9,Target Field
633723,2021-06-12,2021,Texas Rangers,Los Angeles Dodgers,12,1,9,Dodger Stadium
633710,2021-06-13,2021,San Francisco Giants,Washington Nationals,0,5,9,Nationals Park
633715,2021-06-13,2021,New York Yankees,Philadelphia Phillies,0,7,9,Citizens Bank Park
633711,2021-06-13,2021,Colorado Rockies,Cincinnati Reds,2,6,9,Great American Ball Park
633722,2021-06-13,2021,San Diego Padres,New York Mets,7,3,9,Citi Field
633690,2021-06-13,2021,Seattle Mariners,Cleveland Indians,6,2,9,Progressive Field
633737,2021-06-13,2021,Baltimore Orioles,Tampa Bay Rays,1,7,9,Tropicana Field
633728,2021-06-13,2021,Toronto Blue Jays,Boston Red Sox,18,4,9,Fenway Park
633688,2021-06-13,2021,Chicago White Sox,Detroit Tigers,4,1,9,Comerica Park
633805,2021-06-13,2021,Atlanta Braves,Miami Marlins,6,4,9,loanDepot park
633749,2021-06-13,2021,Houston Astros,Minnesota Twins,14,3,9,Target Field
633713,2021-06-13,2021,Pittsburgh Pirates,Milwaukee Brewers,2,5,9,American Family Field
633707,2021-06-13,2021,Kansas City Royals,Oakland Athletics,3,6,9,Oakland Coliseum
633696,2021-06-13,2021,Los Angeles Angels,Arizona Diamondbacks,10,3,9,Chase Field
633719,2021-06-13,2021,Texas Rangers,Los Angeles Dodgers,3,5,9,Dodger Stadium
633689,2021-06-13,2021,St. Louis Cardinals,Chicago Cubs,0,2,9,Wrigley Field
633693,2021-06-14,2021,Pittsburgh Pirates,Washington Nationals,2,3,9,Nationals Park
633705,2021-06-14,2021,Baltimore Orioles,Cleveland Indians,3,4,9,Progressive Field
633678,2021-06-14,2021,Chicago Cubs,New York Mets,2,5,9,Citi Field
633700,2021-06-14,2021,Toronto Blue Jays,Boston Red Sox,1,2,9,Fenway Park
633655,2021-06-14,2021,Detroit Tigers,Kansas City Royals,10,3,9,Kauffman Stadium
633673,2021-06-14,2021,Tampa Bay Rays,Chicago White Sox,5,2,9,Guaranteed Rate Field
633680,2021-06-14,2021,Cincinnati Reds,Milwaukee Brewers,10,2,9,American Family Field
633727,2021-06-14,2021,Miami Marlins,St. Louis Cardinals,2,4,9,Busch Stadium
633703,2021-06-14,2021,San Diego Padres,Colorado Rockies,2,3,9,Coors Field
633729,2021-06-14,2021,Los Angeles Angels,Oakland Athletics,5,8,9,Oakland Coliseum
633734,2021-06-14,2021,Arizona Diamondbacks,San Francisco Giants,2,5,9,Oracle Park
633716,2021-06-14,2021,Minnesota Twins,Seattle Mariners,3,4,9,T-Mobile Park
633652,2021-06-14,2021,Philadelphia Phillies,Los Angeles Dodgers,1,3,9,Dodger Stadium
633684,2021-06-15,2021,Pittsburgh Pirates,Washington Nationals,1,8,9,Nationals Park
633653,2021-06-15,2021,New York Yankees,Toronto Blue Jays,6,5,9,Sahlen Field
633769,2021-06-15,2021,Baltimore Orioles,Cleveland Indians,2,7,9,Progressive Field
633681,2021-06-15,2021,Chicago Cubs,New York Mets,2,3,9,Citi Field
633724,2021-06-15,2021,Boston Red Sox,Atlanta Braves,10,8,9,Truist Park
633755,2021-06-15,2021,Detroit Tigers,Kansas City Royals,4,3,9,Kauffman Stadium
633829,2021-06-15,2021,Texas Rangers,Houston Astros,3,6,10,Minute Maid Park
633676,2021-06-15,2021,Tampa Bay Rays,Chicago White Sox,0,3,9,Guaranteed Rate Field
633714,2021-06-15,2021,Cincinnati Reds,Milwaukee Brewers,2,1,10,American Family Field
633694,2021-06-15,2021,Miami Marlins,St. Louis Cardinals,1,2,9,Busch Stadium
633701,2021-06-15,2021,San Diego Padres,Colorado Rockies,4,8,9,Coors Field
633656,2021-06-15,2021,Los Angeles Angels,Oakland Athletics,4,6,9,Oakland Coliseum
633679,2021-06-15,2021,Arizona Diamondbacks,San Francisco Giants,8,9,9,Oracle Park
633626,2021-06-15,2021,Minnesota Twins,Seattle Mariners,0,10,9,T-Mobile Park
633675,2021-06-15,2021,Philadelphia Phillies,Los Angeles Dodgers,3,5,9,Dodger Stadium
633709,2021-06-16,2021,Miami Marlins,St. Louis Cardinals,0,1,9,Busch Stadium
633612,2021-06-16,2021,Detroit Tigers,Kansas City Royals,6,5,9,Kauffman Stadium
633634,2021-06-16,2021,Tampa Bay Rays,Chicago White Sox,7,8,10,Guaranteed Rate Field
633665,2021-06-16,2021,Cincinnati Reds,Milwaukee Brewers,2,1,9,American Family Field
633706,2021-06-16,2021,San Diego Padres,Colorado Rockies,7,8,9,Coors Field
633632,2021-06-16,2021,Los Angeles Angels,Oakland Athletics,4,8,9,Oakland Coliseum
633628,2021-06-16,2021,Pittsburgh Pirates,Washington Nationals,1,3,9,Nationals Park
633695,2021-06-16,2021,New York Yankees,Toronto Blue Jays,3,2,9,Sahlen Field
633659,2021-06-16,2021,Baltimore Orioles,Cleveland Indians,7,8,9,Progressive Field
633630,2021-06-16,2021,Chicago Cubs,New York Mets,3,6,9,Citi Field
633708,2021-06-16,2021,Boston Red Sox,Atlanta Braves,10,8,9,Truist Park
633619,2021-06-16,2021,Texas Rangers,Houston Astros,4,8,9,Minute Maid Park
633645,2021-06-16,2021,Arizona Diamondbacks,San Francisco Giants,7,13,9,Oracle Park
633658,2021-06-16,2021,Minnesota Twins,Seattle Mariners,7,2,9,T-Mobile Park
633677,2021-06-16,2021,Philadelphia Phillies,Los Angeles Dodgers,2,0,9,Dodger Stadium
633641,2021-06-17,2021,Baltimore Orioles,Cleveland Indians,3,10,9,Progressive Field
633622,2021-06-17,2021,Arizona Diamondbacks,San Francisco Giants,3,10,9,Oracle Park
633633,2021-06-17,2021,New York Yankees,Toronto Blue Jays,8,4,9,Sahlen Field
633692,2021-06-17,2021,Chicago Cubs,New York Mets,2,0,9,Citi Field
633691,2021-06-17,2021,St. Louis Cardinals,Atlanta Braves,0,4,9,Truist Park
633687,2021-06-17,2021,Chicago White Sox,Houston Astros,2,10,9,Minute Maid Park
633617,2021-06-17,2021,Cincinnati Reds,San Diego Padres,4,6,9,Petco Park
633623,2021-06-17,2021,Milwaukee Brewers,Colorado Rockies,3,7,9,Coors Field
633624,2021-06-17,2021,Detroit Tigers,Los Angeles Angels,5,7,9,Angel Stadium
633697,2021-06-17,2021,Tampa Bay Rays,Seattle Mariners,5,6,9,T-Mobile Park
633618,2021-06-18,2021,New York Mets,Washington Nationals,0,1,9,Nationals Park
633584,2021-06-18,2021,Cleveland Indians,Pittsburgh Pirates,10,11,9,PNC Park
633593,2021-06-18,2021,Toronto Blue Jays,Baltimore Orioles,1,7,9,Oriole Park at Camden Yards
633609,2021-06-18,2021,Oakland Athletics,New York Yankees,5,3,9,Yankee Stadium
633607,2021-06-18,2021,St. Louis Cardinals,Atlanta Braves,1,9,9,Truist Park
633579,2021-06-18,2021,Minnesota Twins,Texas Rangers,7,5,10,Globe Life Field
633638,2021-06-18,2021,Miami Marlins,Chicago Cubs,10,2,9,Wrigley Field
633683,2021-06-18,2021,Boston Red Sox,Kansas City Royals,3,5,9,Kauffman Stadium
633702,2021-06-18,2021,Chicago White Sox,Houston Astros,1,2,9,Minute Maid Park
633616,2021-06-18,2021,Milwaukee Brewers,Colorado Rockies,5,6,10,Coors Field
633654,2021-06-18,2021,Detroit Tigers,Los Angeles Angels,3,11,9,Angel Stadium
633604,2021-06-18,2021,Los Angeles Dodgers,Arizona Diamondbacks,3,0,9,Chase Field
633600,2021-06-18,2021,Philadelphia Phillies,San Francisco Giants,3,5,9,Oracle Park
633596,2021-06-18,2021,Cincinnati Reds,San Diego Padres,2,8,9,Petco Park
633615,2021-06-18,2021,Tampa Bay Rays,Seattle Mariners,1,5,9,T-Mobile Park
634647,2021-06-19,2021,New York Mets,Washington Nationals,5,1,7,Nationals Park
633583,2021-06-19,2021,New York Mets,Washington Nationals,2,6,7,Nationals Park
633606,2021-06-19,2021,Oakland Athletics,New York Yankees,5,7,9,Yankee Stadium
633613,2021-06-19,2021,Miami Marlins,Chicago Cubs,11,1,9,Wrigley Field
633590,2021-06-19,2021,Cleveland Indians,Pittsburgh Pirates,3,6,9,PNC Park
633573,2021-06-19,2021,Toronto Blue Jays,Baltimore Orioles,10,7,9,Oriole Park at Camden Yards
633594,2021-06-19,2021,Minnesota Twins,Texas Rangers,3,2,9,Globe Life Field
633592,2021-06-19,2021,Philadelphia Phillies,San Francisco Giants,13,6,9,Oracle Park
633585,2021-06-19,2021,Boston Red Sox,Kansas City Royals,7,1,9,Kauffman Stadium
633597,2021-06-19,2021,Cincinnati Reds,San Diego Padres,5,7,9,Petco Park
633576,2021-06-19,2021,Chicago White Sox,Houston Astros,3,7,9,Minute Maid Park
633577,2021-06-19,2021,Milwaukee Brewers,Colorado Rockies,6,5,9,Coors Field
633650,2021-06-19,2021,Detroit Tigers,Los Angeles Angels,3,8,9,Angel Stadium
633598,2021-06-19,2021,Los Angeles Dodgers,Arizona Diamondbacks,9,3,9,Chase Field
633661,2021-06-19,2021,Tampa Bay Rays,Seattle Mariners,5,6,10,T-Mobile Park
633557,2021-06-20,2021,New York Mets,Washington Nationals,2,5,9,Nationals Park
633550,2021-06-20,2021,Cleveland Indians,Pittsburgh Pirates,2,1,9,PNC Park
633636,2021-06-20,2021,Toronto Blue Jays,Baltimore Orioles,7,4,9,Oriole Park at Camden Yards
633575,2021-06-20,2021,Oakland Athletics,New York Yankees,1,2,9,Yankee Stadium
633558,2021-06-20,2021,Boston Red Sox,Kansas City Royals,3,7,9,Kauffman Stadium
633610,2021-06-20,2021,St. Louis Cardinals,Atlanta Braves,9,1,7,Truist Park
633565,2021-06-20,2021,St. Louis Cardinals,Atlanta Braves,0,1,7,Truist Park
633602,2021-06-20,2021,Chicago White Sox,Houston Astros,2,8,9,Minute Maid Park
633629,2021-06-20,2021,Miami Marlins,Chicago Cubs,0,2,9,Wrigley Field
633574,2021-06-20,2021,Minnesota Twins,Texas Rangers,4,2,9,Globe Life Field
633567,2021-06-20,2021,Milwaukee Brewers,Colorado Rockies,7,6,9,Coors Field
633611,2021-06-20,2021,Philadelphia Phillies,San Francisco Giants,2,11,9,Oracle Park
633563,2021-06-20,2021,Detroit Tigers,Los Angeles Angels,5,3,10,Angel Stadium
633582,2021-06-20,2021,Los Angeles Dodgers,Arizona Diamondbacks,9,8,9,Chase Field
633566,2021-06-20,2021,Cincinnati Reds,San Diego Padres,2,3,9,Petco Park
633554,2021-06-20,2021,Tampa Bay Rays,Seattle Mariners,2,6,10,T-Mobile Park
633760,2021-06-21,2021,Atlanta Braves,New York Mets,2,4,7,Citi Field
633899,2021-06-21,2021,Atlanta Braves,New York Mets,1,0,7,Citi Field
633747,2021-06-21,2021,Houston Astros,Baltimore Orioles,10,2,9,Oriole Park at Camden Yards
633542,2021-06-21,2021,Cleveland Indians,Chicago Cubs,4,0,9,Wrigley Field
633605,2021-06-21,2021,Oakland Athletics,Texas Rangers,3,8,9,Globe Life Field
633588,2021-06-21,2021,Cincinnati Reds,Minnesota Twins,5,7,12,Target Field
633533,2021-06-21,2021,Milwaukee Brewers,Arizona Diamondbacks,1,5,9,Chase Field
633651,2021-06-21,2021,Los Angeles Dodgers,San Diego Padres,2,6,9,Petco Park
633580,2021-06-22,2021,Cincinnati Reds,Minnesota Twins,10,7,9,Target Field
633547,2021-06-22,2021,Houston Astros,Baltimore Orioles,3,1,9,Oriole Park at Camden Yards
633549,2021-06-22,2021,Washington Nationals,Philadelphia Phillies,3,2,9,Citizens Bank Park
633572,2021-06-22,2021,Chicago White Sox,Pittsburgh Pirates,3,6,9,PNC Park
633621,2021-06-22,2021,Kansas City Royals,New York Yankees,6,5,9,Yankee Stadium
633526,2021-06-22,2021,St. Louis Cardinals,Detroit Tigers,2,8,9,Comerica Park
633519,2021-06-22,2021,Boston Red Sox,Tampa Bay Rays,9,5,11,Tropicana Field
633750,2021-06-22,2021,Atlanta Braves,New York Mets,3,0,9,Citi Field
633571,2021-06-22,2021,Toronto Blue Jays,Miami Marlins,2,1,9,loanDepot park
633537,2021-06-22,2021,Cleveland Indians,Chicago Cubs,1,7,9,Wrigley Field
633532,2021-06-22,2021,Oakland Athletics,Texas Rangers,13,6,9,Globe Life Field
633670,2021-06-22,2021,San Francisco Giants,Los Angeles Angels,5,0,9,Angel Stadium
633603,2021-06-22,2021,Milwaukee Brewers,Arizona Diamondbacks,5,0,9,Chase Field
633540,2021-06-22,2021,Los Angeles Dodgers,San Diego Padres,2,3,9,Petco Park
633528,2021-06-22,2021,Colorado Rockies,Seattle Mariners,1,2,9,T-Mobile Park
633569,2021-06-23,2021,Chicago White Sox,Pittsburgh Pirates,4,3,9,PNC Park
633546,2021-06-23,2021,Washington Nationals,Philadelphia Phillies,13,12,9,Citizens Bank Park
633541,2021-06-23,2021,St. Louis Cardinals,Detroit Tigers,2,6,9,Comerica Park
633578,2021-06-23,2021,Milwaukee Brewers,Arizona Diamondbacks,3,2,9,Chase Field
633570,2021-06-23,2021,San Francisco Giants,Los Angeles Angels,9,3,13,Angel Stadium
633614,2021-06-23,2021,Colorado Rockies,Seattle Mariners,5,2,9,T-Mobile Park
633568,2021-06-23,2021,Houston Astros,Baltimore Orioles,13,0,9,Oriole Park at Camden Yards
633551,2021-06-23,2021,Kansas City Royals,New York Yankees,5,6,9,Yankee Stadium
633524,2021-06-23,2021,Boston Red Sox,Tampa Bay Rays,2,8,9,Tropicana Field
633561,2021-06-23,2021,Atlanta Braves,New York Mets,3,7,9,Citi Field
633513,2021-06-23,2021,Toronto Blue Jays,Miami Marlins,3,1,9,loanDepot park
633553,2021-06-23,2021,Oakland Athletics,Texas Rangers,3,5,9,Globe Life Field
633627,2021-06-23,2021,Los Angeles Dodgers,San Diego Padres,3,5,9,Petco Park
633559,2021-06-24,2021,Kansas City Royals,New York Yankees,1,8,9,Yankee Stadium
633503,2021-06-24,2021,Oakland Athletics,Texas Rangers,5,1,9,Globe Life Field
633560,2021-06-24,2021,Baltimore Orioles,Toronto Blue Jays,0,9,9,Sahlen Field
633564,2021-06-24,2021,Houston Astros,Detroit Tigers,12,3,9,Comerica Park
633517,2021-06-24,2021,Boston Red Sox,Tampa Bay Rays,0,1,9,Tropicana Field
633514,2021-06-24,2021,Atlanta Braves,Cincinnati Reds,3,5,9,Great American Ball Park
633548,2021-06-24,2021,Washington Nationals,Miami Marlins,7,3,9,loanDepot park
633538,2021-06-24,2021,Cleveland Indians,Minnesota Twins,4,1,9,Target Field
633502,2021-06-24,2021,Pittsburgh Pirates,St. Louis Cardinals,8,2,9,Busch Stadium
633505,2021-06-24,2021,Chicago Cubs,Los Angeles Dodgers,4,0,9,Dodger Stadium
633545,2021-06-25,2021,Philadelphia Phillies,New York Mets,1,2,8,Citi Field
634515,2021-06-25,2021,Philadelphia Phillies,New York Mets,2,1,8,Citi Field
633599,2021-06-25,2021,Colorado Rockies,Milwaukee Brewers,4,5,11,American Family Field
633536,2021-06-25,2021,Baltimore Orioles,Toronto Blue Jays,6,5,10,Sahlen Field
633535,2021-06-25,2021,Los Angeles Angels,Tampa Bay Rays,3,4,9,Tropicana Field
633521,2021-06-25,2021,Atlanta Braves,Cincinnati Reds,3,2,9,Great American Ball Park
633591,2021-06-25,2021,Washington Nationals,Miami Marlins,2,11,9,loanDepot park
633543,2021-06-25,2021,New York Yankees,Boston Red Sox,3,5,9,Fenway Park
633556,2021-06-25,2021,Kansas City Royals,Texas Rangers,4,9,9,Globe Life Field
633555,2021-06-25,2021,Cleveland Indians,Minnesota Twins,7,8,9,Target Field
633620,2021-06-25,2021,Seattle Mariners,Chicago White Sox,9,3,9,Guaranteed Rate Field
633498,2021-06-25,2021,Pittsburgh Pirates,St. Louis Cardinals,5,4,9,Busch Stadium
633523,2021-06-25,2021,Oakland Athletics,San Francisco Giants,0,2,9,Oracle Park
633608,2021-06-25,2021,Chicago Cubs,Los Angeles Dodgers,2,6,9,Dodger Stadium
633492,2021-06-25,2021,Arizona Diamondbacks,San Diego Padres,5,11,9,Petco Park
633530,2021-06-26,2021,Houston Astros,Detroit Tigers,1,3,7,Comerica Park
633509,2021-06-26,2021,Houston Astros,Detroit Tigers,3,2,7,Comerica Park
633589,2021-06-26,2021,Pittsburgh Pirates,St. Louis Cardinals,1,3,9,Busch Stadium
633520,2021-06-26,2021,Baltimore Orioles,Toronto Blue Jays,4,12,9,Sahlen Field
633534,2021-06-26,2021,Kansas City Royals,Texas Rangers,0,8,9,Globe Life Field
633525,2021-06-26,2021,Los Angeles Angels,Tampa Bay Rays,3,13,9,Tropicana Field
633539,2021-06-26,2021,Philadelphia Phillies,New York Mets,3,4,9,Citi Field
633510,2021-06-26,2021,Atlanta Braves,Cincinnati Reds,1,4,9,Great American Ball Park
633552,2021-06-26,2021,Washington Nationals,Miami Marlins,2,3,9,loanDepot park
633518,2021-06-26,2021,Colorado Rockies,Milwaukee Brewers,4,10,9,American Family Field
633562,2021-06-26,2021,Chicago Cubs,Los Angeles Dodgers,2,3,9,Dodger Stadium
633531,2021-06-26,2021,New York Yankees,Boston Red Sox,2,4,9,Fenway Park
633500,2021-06-26,2021,Oakland Athletics,San Francisco Giants,5,6,10,Oracle Park
633512,2021-06-26,2021,Arizona Diamondbacks,San Diego Padres,10,1,9,Petco Park
633515,2021-06-27,2021,Baltimore Orioles,Toronto Blue Jays,2,5,9,Sahlen Field
633494,2021-06-27,2021,Houston Astros,Detroit Tigers,1,2,10,Comerica Park
633459,2021-06-27,2021,Los Angeles Angels,Tampa Bay Rays,6,4,9,Tropicana Field
633504,2021-06-27,2021,Philadelphia Phillies,New York Mets,4,2,9,Citi Field
633493,2021-06-27,2021,Atlanta Braves,Cincinnati Reds,4,0,9,Great American Ball Park
633489,2021-06-27,2021,Washington Nationals,Miami Marlins,5,1,9,loanDepot park
633477,2021-06-27,2021,New York Yankees,Boston Red Sox,2,9,9,Fenway Park
633473,2021-06-27,2021,Cleveland Indians,Minnesota Twins,2,8,9,Target Field
633501,2021-06-27,2021,Seattle Mariners,Chicago White Sox,3,2,9,Guaranteed Rate Field
633486,2021-06-27,2021,Colorado Rockies,Milwaukee Brewers,0,5,9,American Family Field
633482,2021-06-27,2021,Pittsburgh Pirates,St. Louis Cardinals,7,2,9,Busch Stadium
633516,2021-06-27,2021,Kansas City Royals,Texas Rangers,1,4,9,Globe Life Field
633527,2021-06-27,2021,Oakland Athletics,San Francisco Giants,6,2,9,Oracle Park
633544,2021-06-27,2021,Arizona Diamondbacks,San Diego Padres,4,5,9,Petco Park
633499,2021-06-27,2021,Seattle Mariners,Chicago White Sox,5,7,7,Guaranteed Rate Field
633472,2021-06-27,2021,Chicago Cubs,Los Angeles Dodgers,1,7,9,Dodger Stadium
633465,2021-06-28,2021,Pittsburgh Pirates,Colorado Rockies,0,2,9,Coors Field
633867,2021-06-28,2021,Philadelphia Phillies,Cincinnati Reds,4,12,9,Great American Ball Park
634620,2021-06-28,2021,New York Mets,Washington Nationals,4,8,9,Nationals Park
633601,2021-06-28,2021,Los Angeles Angels,New York Yankees,5,3,9,Yankee Stadium
633466,2021-06-28,2021,Detroit Tigers,Cleveland Indians,5,13,9,Progressive Field
633475,2021-06-28,2021,Kansas City Royals,Boston Red Sox,5,6,9,Fenway Park
633483,2021-06-28,2021,Baltimore Orioles,Houston Astros,9,7,9,Minute Maid Park
633450,2021-06-28,2021,Chicago Cubs,Milwaukee Brewers,4,14,9,American Family Field
633490,2021-06-28,2021,Arizona Diamondbacks,St. Louis Cardinals,1,7,9,Busch Stadium
633458,2021-06-28,2021,San Francisco Giants,Los Angeles Dodgers,2,3,9,Dodger Stadium
633443,2021-06-29,2021,Tampa Bay Rays,Washington Nationals,3,4,9,Nationals Park
633495,2021-06-29,2021,Miami Marlins,Philadelphia Phillies,3,4,9,Citizens Bank Park
633444,2021-06-29,2021,Los Angeles Angels,New York Yankees,5,11,9,Yankee Stadium
633497,2021-06-29,2021,Seattle Mariners,Toronto Blue Jays,3,9,9,Sahlen Field
633496,2021-06-29,2021,Kansas City Royals,Boston Red Sox,6,7,9,Fenway Park
633454,2021-06-29,2021,San Diego Padres,Cincinnati Reds,5,4,9,Great American Ball Park
633587,2021-06-29,2021,New York Mets,Atlanta Braves,4,3,9,Truist Park
633449,2021-06-29,2021,Baltimore Orioles,Houston Astros,13,3,9,Minute Maid Park
633478,2021-06-29,2021,Minnesota Twins,Chicago White Sox,6,7,9,Guaranteed Rate Field
633446,2021-06-29,2021,Chicago Cubs,Milwaukee Brewers,1,2,9,American Family Field
633508,2021-06-29,2021,Arizona Diamondbacks,St. Louis Cardinals,2,3,9,Busch Stadium
633455,2021-06-29,2021,Pittsburgh Pirates,Colorado Rockies,0,8,9,Coors Field
633488,2021-06-29,2021,Texas Rangers,Oakland Athletics,5,4,9,Oakland Coliseum
633471,2021-06-29,2021,San Francisco Giants,Los Angeles Dodgers,1,3,9,Dodger Stadium
633426,2021-06-30,2021,Arizona Diamondbacks,St. Louis Cardinals,4,7,9,Busch Stadium
633474,2021-06-30,2021,Chicago Cubs,Milwaukee Brewers,7,15,9,American Family Field
633491,2021-06-30,2021,Pittsburgh Pirates,Colorado Rockies,2,6,9,Coors Field
633427,2021-06-30,2021,Tampa Bay Rays,Washington Nationals,6,15,9,Nationals Park
633432,2021-06-30,2021,Detroit Tigers,Cleveland Indians,9,4,7,Progressive Field
633506,2021-06-30,2021,Detroit Tigers,Cleveland Indians,7,1,7,Progressive Field
633419,2021-06-30,2021,Miami Marlins,Philadelphia Phillies,11,6,9,Citizens Bank Park
633484,2021-06-30,2021,Los Angeles Angels,New York Yankees,11,8,9,Yankee Stadium
633445,2021-06-30,2021,Seattle Mariners,Toronto Blue Jays,9,7,10,Sahlen Field
633467,2021-06-30,2021,Kansas City Royals,Boston Red Sox,2,6,9,Fenway Park
633435,2021-06-30,2021,San Diego Padres,Cincinnati Reds,7,5,6,Great American Ball Park
633437,2021-06-30,2021,New York Mets,Atlanta Braves,2,20,9,Truist Park
633485,2021-06-30,2021,Baltimore Orioles,Houston Astros,5,2,9,Minute Maid Park
633479,2021-06-30,2021,Minnesota Twins,Chicago White Sox,3,13,9,Guaranteed Rate Field
633461,2021-06-30,2021,Texas Rangers,Oakland Athletics,1,3,9,Oakland Coliseum
633456,2021-07-01,2021,Seattle Mariners,Toronto Blue Jays,7,2,9,Sahlen Field
633457,2021-07-01,2021,Kansas City Royals,Boston Red Sox,1,15,9,Fenway Park
633529,2021-07-01,2021,Minnesota Twins,Chicago White Sox,5,8,9,Guaranteed Rate Field
633405,2021-07-01,2021,Texas Rangers,Oakland Athletics,8,3,9,Oakland Coliseum
633481,2021-07-01,2021,Los Angeles Dodgers,Washington Nationals,6,2,5,Nationals Park
633463,2021-07-01,2021,Milwaukee Brewers,Pittsburgh Pirates,7,2,9,PNC Park
633469,2021-07-01,2021,Houston Astros,Cleveland Indians,7,2,9,Progressive Field
633480,2021-07-01,2021,San Diego Padres,Cincinnati Reds,4,5,9,Great American Ball Park
633418,2021-07-01,2021,New York Mets,Atlanta Braves,3,4,9,Truist Park
633460,2021-07-01,2021,St. Louis Cardinals,Colorado Rockies,2,5,9,Coors Field
633438,2021-07-01,2021,San Francisco Giants,Arizona Diamondbacks,3,5,9,Chase Field
633448,2021-07-02,2021,San Diego Padres,Philadelphia Phillies,3,4,10,Citizens Bank Park
633404,2021-07-02,2021,Los Angeles Dodgers,Washington Nationals,10,5,9,Nationals Park
633507,2021-07-02,2021,Milwaukee Brewers,Pittsburgh Pirates,7,2,9,PNC Park
633464,2021-07-02,2021,Tampa Bay Rays,Toronto Blue Jays,1,11,9,Sahlen Field
633462,2021-07-02,2021,Chicago Cubs,Cincinnati Reds,1,2,9,Great American Ball Park
633451,2021-07-02,2021,Houston Astros,Cleveland Indians,6,3,9,Progressive Field
633420,2021-07-02,2021,Chicago White Sox,Detroit Tigers,8,2,9,Comerica Park
633468,2021-07-02,2021,Miami Marlins,Atlanta Braves,0,1,9,Truist Park
633415,2021-07-02,2021,St. Louis Cardinals,Colorado Rockies,9,3,10,Coors Field
633433,2021-07-02,2021,Minnesota Twins,Kansas City Royals,4,7,9,Kauffman Stadium
633402,2021-07-02,2021,Baltimore Orioles,Los Angeles Angels,7,8,9,Angel Stadium
633452,2021-07-02,2021,Boston Red Sox,Oakland Athletics,3,2,10,Oakland Coliseum
633470,2021-07-02,2021,San Francisco Giants,Arizona Diamondbacks,11,4,9,Chase Field
633511,2021-07-02,2021,Texas Rangers,Seattle Mariners,4,5,10,T-Mobile Park
633440,2021-07-03,2021,New York Mets,New York Yankees,8,3,9,Yankee Stadium
633403,2021-07-03,2021,Tampa Bay Rays,Toronto Blue Jays,3,6,9,Sahlen Field
633390,2021-07-03,2021,San Diego Padres,Philadelphia Phillies,2,4,9,Citizens Bank Park
633387,2021-07-03,2021,Milwaukee Brewers,Pittsburgh Pirates,11,2,9,PNC Park
633441,2021-07-03,2021,Chicago Cubs,Cincinnati Reds,2,3,9,Great American Ball Park
633439,2021-07-03,2021,Minnesota Twins,Kansas City Royals,3,6,9,Kauffman Stadium
633442,2021-07-03,2021,Chicago White Sox,Detroit Tigers,5,11,9,Comerica Park
633416,2021-07-03,2021,Miami Marlins,Atlanta Braves,3,2,9,Truist Park
633429,2021-07-03,2021,Houston Astros,Cleveland Indians,3,2,9,Progressive Field
633430,2021-07-03,2021,Los Angeles Dodgers,Washington Nationals,5,3,9,Nationals Park
633401,2021-07-03,2021,Boston Red Sox,Oakland Athletics,6,7,12,Oakland Coliseum
633424,2021-07-03,2021,St. Louis Cardinals,Colorado Rockies,2,3,9,Coors Field
633453,2021-07-03,2021,Baltimore Orioles,Los Angeles Angels,1,4,9,Angel Stadium
633388,2021-07-03,2021,San Francisco Giants,Arizona Diamondbacks,6,5,9,Chase Field
633379,2021-07-03,2021,Texas Rangers,Seattle Mariners,7,3,9,T-Mobile Park
633398,2021-07-04,2021,Los Angeles Dodgers,Washington Nationals,5,1,9,Nationals Park
633374,2021-07-04,2021,San Diego Padres,Philadelphia Phillies,11,1,9,Citizens Bank Park
633422,2021-07-04,2021,Milwaukee Brewers,Pittsburgh Pirates,0,2,9,PNC Park
633408,2021-07-04,2021,Tampa Bay Rays,Toronto Blue Jays,5,1,9,Sahlen Field
633428,2021-07-04,2021,Chicago Cubs,Cincinnati Reds,2,3,9,Great American Ball Park
633414,2021-07-04,2021,Houston Astros,Cleveland Indians,4,3,10,Progressive Field
633410,2021-07-04,2021,Chicago White Sox,Detroit Tigers,5,6,9,Comerica Park
633423,2021-07-04,2021,Miami Marlins,Atlanta Braves,7,8,10,Truist Park
633522,2021-07-04,2021,New York Mets,New York Yankees,10,5,7,Yankee Stadium
633417,2021-07-04,2021,New York Mets,New York Yankees,2,4,7,Yankee Stadium
633431,2021-07-04,2021,Minnesota Twins,Kansas City Royals,6,2,9,Kauffman Stadium
633434,2021-07-04,2021,St. Louis Cardinals,Colorado Rockies,2,3,9,Coors Field
633391,2021-07-04,2021,Baltimore Orioles,Los Angeles Angels,5,6,9,Angel Stadium
633399,2021-07-04,2021,Boston Red Sox,Oakland Athletics,1,0,9,Oakland Coliseum
633425,2021-07-04,2021,Texas Rangers,Seattle Mariners,1,4,9,T-Mobile Park
633436,2021-07-04,2021,San Francisco Giants,Arizona Diamondbacks,5,2,9,Chase Field
633380,2021-07-05,2021,St. Louis Cardinals,San Francisco Giants,5,3,9,Oracle Park
633361,2021-07-05,2021,Los Angeles Dodgers,Miami Marlins,4,5,9,loanDepot park
633411,2021-07-05,2021,Atlanta Braves,Pittsburgh Pirates,1,11,9,PNC Park
633353,2021-07-05,2021,Cleveland Indians,Tampa Bay Rays,8,9,9,Tropicana Field
633487,2021-07-05,2021,Chicago White Sox,Minnesota Twins,5,8,9,Target Field
633412,2021-07-05,2021,Milwaukee Brewers,New York Mets,2,4,9,Citi Field
633400,2021-07-05,2021,Detroit Tigers,Texas Rangers,7,3,9,Globe Life Field
633386,2021-07-05,2021,Philadelphia Phillies,Chicago Cubs,13,3,9,Wrigley Field
633363,2021-07-05,2021,Cincinnati Reds,Kansas City Royals,6,2,9,Kauffman Stadium
633389,2021-07-05,2021,Boston Red Sox,Los Angeles Angels,5,4,9,Angel Stadium
633378,2021-07-05,2021,Washington Nationals,San Diego Padres,7,5,9,Petco Park
633413,2021-07-06,2021,Toronto Blue Jays,Baltimore Orioles,5,7,9,Oriole Park at Camden Yards
633384,2021-07-06,2021,Atlanta Braves,Pittsburgh Pirates,1,2,9,PNC Park
633376,2021-07-06,2021,Los Angeles Dodgers,Miami Marlins,1,2,10,loanDepot park
633364,2021-07-06,2021,Detroit Tigers,Texas Rangers,5,10,9,Globe Life Field
633393,2021-07-06,2021,Philadelphia Phillies,Chicago Cubs,15,10,9,Wrigley Field
633369,2021-07-06,2021,Cincinnati Reds,Kansas City Royals,6,7,9,Kauffman Stadium
633406,2021-07-06,2021,Oakland Athletics,Houston Astros,6,9,9,Minute Maid Park
633352,2021-07-06,2021,Chicago White Sox,Minnesota Twins,4,1,9,Target Field
633370,2021-07-06,2021,Boston Red Sox,Los Angeles Angels,3,5,9,Angel Stadium
633381,2021-07-06,2021,Colorado Rockies,Arizona Diamondbacks,3,4,9,Chase Field
633358,2021-07-06,2021,St. Louis Cardinals,San Francisco Giants,6,5,9,Oracle Park
633396,2021-07-06,2021,Washington Nationals,San Diego Padres,4,7,9,Petco Park
633382,2021-07-06,2021,New York Yankees,Seattle Mariners,12,1,9,T-Mobile Park
633339,2021-07-07,2021,Cleveland Indians,Tampa Bay Rays,1,8,7,Tropicana Field
633360,2021-07-07,2021,Cleveland Indians,Tampa Bay Rays,0,4,7,Tropicana Field
633330,2021-07-07,2021,Atlanta Braves,Pittsburgh Pirates,14,3,9,PNC Park
633335,2021-07-07,2021,Chicago White Sox,Minnesota Twins,6,1,9,Target Field
633349,2021-07-07,2021,Detroit Tigers,Texas Rangers,5,3,9,Globe Life Field
633383,2021-07-07,2021,Cincinnati Reds,Kansas City Royals,5,2,9,Kauffman Stadium
633395,2021-07-07,2021,Milwaukee Brewers,New York Mets,3,4,8,Citi Field
633342,2021-07-07,2021,Milwaukee Brewers,New York Mets,5,0,7,Citi Field
633385,2021-07-07,2021,Boston Red Sox,Los Angeles Angels,4,5,9,Angel Stadium
633332,2021-07-07,2021,Toronto Blue Jays,Baltimore Orioles,10,2,9,Oriole Park at Camden Yards
633333,2021-07-07,2021,Los Angeles Dodgers,Miami Marlins,6,9,9,loanDepot park
633375,2021-07-07,2021,Philadelphia Phillies,Chicago Cubs,3,8,9,Wrigley Field
633368,2021-07-07,2021,Oakland Athletics,Houston Astros,3,4,9,Minute Maid Park
633355,2021-07-07,2021,Colorado Rockies,Arizona Diamondbacks,4,6,9,Chase Field
633347,2021-07-07,2021,St. Louis Cardinals,San Francisco Giants,2,5,9,Oracle Park
633362,2021-07-07,2021,Washington Nationals,San Diego Padres,15,5,9,Petco Park
633371,2021-07-07,2021,New York Yankees,Seattle Mariners,5,4,9,T-Mobile Park
633334,2021-07-08,2021,Los Angeles Dodgers,Miami Marlins,6,1,9,loanDepot park
633354,2021-07-08,2021,Oakland Athletics,Houston Astros,2,1,9,Minute Maid Park
633392,2021-07-08,2021,Colorado Rockies,Arizona Diamondbacks,9,3,9,Chase Field
633315,2021-07-08,2021,New York Yankees,Seattle Mariners,0,4,9,T-Mobile Park
633409,2021-07-08,2021,Kansas City Royals,Cleveland Indians,4,7,9,Progressive Field
633397,2021-07-08,2021,Philadelphia Phillies,Chicago Cubs,8,0,9,Wrigley Field
633359,2021-07-08,2021,Detroit Tigers,Minnesota Twins,3,5,9,Target Field
633351,2021-07-08,2021,Cincinnati Reds,Milwaukee Brewers,3,5,9,American Family Field
633343,2021-07-08,2021,Washington Nationals,San Diego Padres,8,9,9,Petco Park
633365,2021-07-09,2021,St. Louis Cardinals,Chicago Cubs,5,10,9,Wrigley Field
633377,2021-07-09,2021,Chicago White Sox,Baltimore Orioles,12,1,9,Oriole Park at Camden Yards
633373,2021-07-09,2021,Kansas City Royals,Cleveland Indians,1,2,9,Progressive Field
633308,2021-07-09,2021,Pittsburgh Pirates,New York Mets,4,13,9,Citi Field
633338,2021-07-09,2021,Toronto Blue Jays,Tampa Bay Rays,1,7,9,Tropicana Field
633357,2021-07-09,2021,Philadelphia Phillies,Boston Red Sox,5,11,9,Fenway Park
633336,2021-07-09,2021,Atlanta Braves,Miami Marlins,5,0,9,loanDepot park
633345,2021-07-09,2021,Oakland Athletics,Texas Rangers,2,3,9,Globe Life Field
633366,2021-07-09,2021,Detroit Tigers,Minnesota Twins,2,4,9,Target Field
633348,2021-07-09,2021,New York Yankees,Houston Astros,4,0,9,Minute Maid Park
633407,2021-07-09,2021,Cincinnati Reds,Milwaukee Brewers,2,0,9,American Family Field
633322,2021-07-09,2021,Washington Nationals,San Francisco Giants,3,5,9,Oracle Park
633320,2021-07-09,2021,Arizona Diamondbacks,Los Angeles Dodgers,5,2,9,Dodger Stadium
633367,2021-07-09,2021,Colorado Rockies,San Diego Padres,2,4,9,Petco Park
633341,2021-07-09,2021,Los Angeles Angels,Seattle Mariners,3,7,9,T-Mobile Park
633293,2021-07-10,2021,Toronto Blue Jays,Tampa Bay Rays,2,5,9,Tropicana Field
633289,2021-07-10,2021,Detroit Tigers,Minnesota Twins,4,9,9,Target Field
633294,2021-07-10,2021,Washington Nationals,San Francisco Giants,4,10,9,Oracle Park
633316,2021-07-10,2021,Oakland Athletics,Texas Rangers,8,4,11,Globe Life Field
633350,2021-07-10,2021,Chicago White Sox,Baltimore Orioles,8,3,9,Oriole Park at Camden Yards
633295,2021-07-10,2021,Pittsburgh Pirates,New York Mets,6,2,7,Citi Field
633326,2021-07-10,2021,Pittsburgh Pirates,New York Mets,2,4,7,Citi Field
633344,2021-07-10,2021,Philadelphia Phillies,Boston Red Sox,11,2,9,Fenway Park
633312,2021-07-10,2021,Atlanta Braves,Miami Marlins,5,4,9,loanDepot park
633317,2021-07-10,2021,Kansas City Royals,Cleveland Indians,6,14,9,Progressive Field
633356,2021-07-10,2021,St. Louis Cardinals,Chicago Cubs,6,0,9,Wrigley Field
633304,2021-07-10,2021,New York Yankees,Houston Astros,1,0,9,Minute Maid Park
633313,2021-07-10,2021,Cincinnati Reds,Milwaukee Brewers,4,3,9,American Family Field
633311,2021-07-10,2021,Arizona Diamondbacks,Los Angeles Dodgers,1,22,9,Dodger Stadium
633301,2021-07-10,2021,Colorado Rockies,San Diego Padres,3,0,9,Petco Park
633288,2021-07-10,2021,Los Angeles Angels,Seattle Mariners,0,2,9,T-Mobile Park
633282,2021-07-11,2021,Chicago White Sox,Baltimore Orioles,7,5,10,Oriole Park at Camden Yards
633325,2021-07-11,2021,Pittsburgh Pirates,New York Mets,6,5,9,Citi Field
633270,2021-07-11,2021,Toronto Blue Jays,Tampa Bay Rays,3,1,9,Tropicana Field
633327,2021-07-11,2021,Philadelphia Phillies,Boston Red Sox,5,4,9,Fenway Park
633324,2021-07-11,2021,Atlanta Braves,Miami Marlins,4,7,9,loanDepot park
633307,2021-07-11,2021,Detroit Tigers,Minnesota Twins,9,12,10,Target Field
633340,2021-07-11,2021,New York Yankees,Houston Astros,7,8,9,Minute Maid Park
633274,2021-07-11,2021,Cincinnati Reds,Milwaukee Brewers,3,1,9,American Family Field
633297,2021-07-11,2021,Oakland Athletics,Texas Rangers,4,1,9,Globe Life Field
633279,2021-07-11,2021,Washington Nationals,San Francisco Giants,1,3,9,Oracle Park
633302,2021-07-11,2021,Arizona Diamondbacks,Los Angeles Dodgers,4,7,9,Dodger Stadium
633314,2021-07-11,2021,Colorado Rockies,San Diego Padres,3,1,9,Petco Park
633318,2021-07-11,2021,Los Angeles Angels,Seattle Mariners,7,1,9,T-Mobile Park
634675,2021-07-13,2021,American League All-Stars,National League All-Stars,5,2,9,Coors Field
633283,2021-07-16,2021,Miami Marlins,Philadelphia Phillies,2,5,7,Citizens Bank Park
633447,2021-07-16,2021,Miami Marlins,Philadelphia Phillies,7,0,7,Citizens Bank Park
633346,2021-07-16,2021,New York Mets,Pittsburgh Pirates,1,4,9,PNC Park
633305,2021-07-16,2021,San Diego Padres,Washington Nationals,24,8,9,Nationals Park
633310,2021-07-16,2021,Boston Red Sox,New York Yankees,4,0,9,Yankee Stadium
633266,2021-07-16,2021,Texas Rangers,Toronto Blue Jays,2,10,9,Sahlen Field
633263,2021-07-16,2021,Milwaukee Brewers,Cincinnati Reds,11,6,9,Great American Ball Park
633265,2021-07-16,2021,Tampa Bay Rays,Atlanta Braves,7,6,10,Truist Park
633328,2021-07-16,2021,Baltimore Orioles,Kansas City Royals,2,9,9,Kauffman Stadium
633309,2021-07-16,2021,Houston Astros,Chicago White Sox,7,1,9,Guaranteed Rate Field
633285,2021-07-16,2021,San Francisco Giants,St. Louis Cardinals,7,2,9,Busch Stadium
633321,2021-07-16,2021,Los Angeles Dodgers,Colorado Rockies,10,4,9,Coors Field
633323,2021-07-16,2021,Seattle Mariners,Los Angeles Angels,6,5,9,Angel Stadium
633296,2021-07-16,2021,Chicago Cubs,Arizona Diamondbacks,5,1,9,Chase Field
633264,2021-07-16,2021,Cleveland Indians,Oakland Athletics,4,5,9,Oakland Coliseum
634222,2021-07-17,2021,Minnesota Twins,Detroit Tigers,0,1,7,Comerica Park
633275,2021-07-17,2021,Minnesota Twins,Detroit Tigers,4,5,8,Comerica Park
633306,2021-07-17,2021,Cleveland Indians,Oakland Athletics,3,2,9,Oakland Coliseum
633319,2021-07-17,2021,Chicago Cubs,Arizona Diamondbacks,4,2,9,Chase Field
633290,2021-07-17,2021,New York Mets,Pittsburgh Pirates,7,9,9,PNC Park
633248,2021-07-17,2021,Baltimore Orioles,Kansas City Royals,8,4,9,Kauffman Stadium
633253,2021-07-17,2021,Milwaukee Brewers,Cincinnati Reds,7,4,11,Great American Ball Park
633281,2021-07-17,2021,San Francisco Giants,St. Louis Cardinals,1,3,9,Busch Stadium
633262,2021-07-17,2021,Houston Astros,Chicago White Sox,1,10,9,Guaranteed Rate Field
633298,2021-07-17,2021,Boston Red Sox,New York Yankees,1,3,6,Yankee Stadium
633303,2021-07-17,2021,Tampa Bay Rays,Atlanta Braves,0,9,9,Truist Park
633261,2021-07-17,2021,Los Angeles Dodgers,Colorado Rockies,9,2,9,Coors Field
633286,2021-07-17,2021,Seattle Mariners,Los Angeles Angels,4,9,9,Angel Stadium
633235,2021-07-18,2021,New York Mets,Pittsburgh Pirates,7,6,9,PNC Park
633267,2021-07-18,2021,San Diego Padres,Washington Nationals,10,4,9,Nationals Park
633299,2021-07-18,2021,Miami Marlins,Philadelphia Phillies,2,4,10,Citizens Bank Park
633256,2021-07-18,2021,Texas Rangers,Toronto Blue Jays,0,5,7,Sahlen Field
633292,2021-07-18,2021,Texas Rangers,Toronto Blue Jays,0,10,7,Sahlen Field
633280,2021-07-18,2021,Minnesota Twins,Detroit Tigers,0,7,9,Comerica Park
633252,2021-07-18,2021,Milwaukee Brewers,Cincinnati Reds,8,0,9,Great American Ball Park
633237,2021-07-18,2021,Tampa Bay Rays,Atlanta Braves,7,5,9,Truist Park
633239,2021-07-18,2021,Miami Marlins,Philadelphia Phillies,4,7,9,Citizens Bank Park
633287,2021-07-18,2021,Baltimore Orioles,Kansas City Royals,5,0,9,Kauffman Stadium
633247,2021-07-18,2021,Houston Astros,Chicago White Sox,0,4,9,Guaranteed Rate Field
633228,2021-07-18,2021,San Francisco Giants,St. Louis Cardinals,1,2,9,Busch Stadium
633300,2021-07-18,2021,San Diego Padres,Washington Nationals,7,8,9,Nationals Park
633255,2021-07-18,2021,Los Angeles Dodgers,Colorado Rockies,5,6,10,Coors Field
633238,2021-07-18,2021,Cleveland Indians,Oakland Athletics,4,2,9,Oakland Coliseum
633284,2021-07-18,2021,Seattle Mariners,Los Angeles Angels,7,4,9,Angel Stadium
633251,2021-07-18,2021,Chicago Cubs,Arizona Diamondbacks,4,6,9,Chase Field
633273,2021-07-18,2021,Boston Red Sox,New York Yankees,1,9,9,Yankee Stadium
633278,2021-07-19,2021,Minnesota Twins,Chicago White Sox,3,2,8,Guaranteed Rate Field
633476,2021-07-19,2021,Minnesota Twins,Chicago White Sox,3,5,7,Guaranteed Rate Field
633233,2021-07-19,2021,Miami Marlins,Washington Nationals,1,18,9,Nationals Park
633218,2021-07-19,2021,Boston Red Sox,Toronto Blue Jays,13,4,9,Sahlen Field
633271,2021-07-19,2021,New York Mets,Cincinnati Reds,15,11,11,Great American Ball Park
633236,2021-07-19,2021,Baltimore Orioles,Tampa Bay Rays,6,1,9,Tropicana Field
633329,2021-07-19,2021,Texas Rangers,Detroit Tigers,0,14,9,Comerica Park
633277,2021-07-19,2021,Cleveland Indians,Houston Astros,3,4,9,Minute Maid Park
633226,2021-07-19,2021,Chicago Cubs,St. Louis Cardinals,3,8,9,Busch Stadium
633249,2021-07-19,2021,Los Angeles Angels,Oakland Athletics,1,4,9,Oakland Coliseum
633243,2021-07-19,2021,Pittsburgh Pirates,Arizona Diamondbacks,2,4,9,Chase Field
633259,2021-07-19,2021,San Francisco Giants,Los Angeles Dodgers,7,2,9,Dodger Stadium
633207,2021-07-20,2021,Los Angeles Angels,Oakland Athletics,0,6,9,Oakland Coliseum
633223,2021-07-20,2021,Kansas City Royals,Milwaukee Brewers,5,2,9,American Family Field
633242,2021-07-20,2021,Miami Marlins,Washington Nationals,3,6,9,Nationals Park
633216,2021-07-20,2021,Philadelphia Phillies,New York Yankees,4,6,9,Yankee Stadium
633234,2021-07-20,2021,New York Mets,Cincinnati Reds,3,4,9,Great American Ball Park
633257,2021-07-20,2021,Baltimore Orioles,Tampa Bay Rays,3,9,9,Tropicana Field
633212,2021-07-20,2021,Texas Rangers,Detroit Tigers,1,4,9,Comerica Park
633240,2021-07-20,2021,San Diego Padres,Atlanta Braves,1,2,9,Truist Park
633200,2021-07-20,2021,Cleveland Indians,Houston Astros,3,9,9,Minute Maid Park
633268,2021-07-20,2021,Minnesota Twins,Chicago White Sox,5,9,9,Guaranteed Rate Field
633230,2021-07-20,2021,Chicago Cubs,St. Louis Cardinals,7,6,9,Busch Stadium
633245,2021-07-20,2021,Seattle Mariners,Colorado Rockies,6,4,9,Coors Field
633254,2021-07-20,2021,Pittsburgh Pirates,Arizona Diamondbacks,6,11,9,Chase Field
633199,2021-07-20,2021,San Francisco Giants,Los Angeles Dodgers,6,8,9,Dodger Stadium
633225,2021-07-21,2021,Baltimore Orioles,Tampa Bay Rays,4,5,9,Tropicana Field
633250,2021-07-21,2021,San Diego Padres,Atlanta Braves,3,2,7,Truist Park
633196,2021-07-21,2021,New York Mets,Cincinnati Reds,7,0,9,Great American Ball Park
633227,2021-07-21,2021,Kansas City Royals,Milwaukee Brewers,6,3,9,American Family Field
633190,2021-07-21,2021,Seattle Mariners,Colorado Rockies,3,6,9,Coors Field
633260,2021-07-21,2021,Pittsburgh Pirates,Arizona Diamondbacks,4,6,9,Chase Field
633191,2021-07-21,2021,Miami Marlins,Washington Nationals,3,1,10,Nationals Park
633213,2021-07-21,2021,Philadelphia Phillies,New York Yankees,5,6,10,Yankee Stadium
633187,2021-07-21,2021,Boston Red Sox,Toronto Blue Jays,7,4,9,Sahlen Field
633203,2021-07-21,2021,Texas Rangers,Detroit Tigers,2,4,9,Comerica Park
633222,2021-07-21,2021,Cleveland Indians,Houston Astros,5,4,9,Minute Maid Park
633205,2021-07-21,2021,Minnesota Twins,Chicago White Sox,7,2,9,Guaranteed Rate Field
633241,2021-07-21,2021,Chicago Cubs,St. Louis Cardinals,2,3,10,Busch Stadium
633217,2021-07-21,2021,San Francisco Giants,Los Angeles Dodgers,4,2,9,Dodger Stadium
633258,2021-07-22,2021,Texas Rangers,Detroit Tigers,5,7,9,Comerica Park
633276,2021-07-22,2021,Atlanta Braves,Philadelphia Phillies,7,2,9,Citizens Bank Park
633180,2021-07-22,2021,Tampa Bay Rays,Cleveland Indians,5,4,10,Progressive Field
633269,2021-07-22,2021,San Diego Padres,Miami Marlins,3,2,9,loanDepot park
633193,2021-07-22,2021,New York Yankees,Boston Red Sox,4,5,10,Fenway Park
633178,2021-07-22,2021,Chicago Cubs,St. Louis Cardinals,2,3,9,Busch Stadium
633220,2021-07-22,2021,Los Angeles Angels,Minnesota Twins,3,2,9,Target Field
633231,2021-07-22,2021,Oakland Athletics,Seattle Mariners,4,1,9,T-Mobile Park
633244,2021-07-22,2021,San Francisco Giants,Los Angeles Dodgers,5,3,9,Dodger Stadium
633170,2021-07-23,2021,Arizona Diamondbacks,Chicago Cubs,3,8,9,Wrigley Field
633176,2021-07-23,2021,Washington Nationals,Baltimore Orioles,1,6,9,Oriole Park at Camden Yards
633214,2021-07-23,2021,Atlanta Braves,Philadelphia Phillies,1,5,9,Citizens Bank Park
633184,2021-07-23,2021,St. Louis Cardinals,Cincinnati Reds,5,6,9,Great American Ball Park
633211,2021-07-23,2021,Tampa Bay Rays,Cleveland Indians,10,5,9,Progressive Field
633221,2021-07-23,2021,Toronto Blue Jays,New York Mets,0,3,9,Citi Field
633164,2021-07-23,2021,San Diego Padres,Miami Marlins,5,2,9,loanDepot park
633181,2021-07-23,2021,New York Yankees,Boston Red Sox,2,6,9,Fenway Park
633232,2021-07-23,2021,Detroit Tigers,Kansas City Royals,3,5,9,Kauffman Stadium
633208,2021-07-23,2021,Texas Rangers,Houston Astros,3,7,9,Minute Maid Park
633159,2021-07-23,2021,Los Angeles Angels,Minnesota Twins,4,5,9,Target Field
633163,2021-07-23,2021,Chicago White Sox,Milwaukee Brewers,1,7,9,American Family Field
633215,2021-07-23,2021,Pittsburgh Pirates,San Francisco Giants,6,4,9,Oracle Park
633173,2021-07-23,2021,Colorado Rockies,Los Angeles Dodgers,9,6,10,Dodger Stadium
633229,2021-07-23,2021,Oakland Athletics,Seattle Mariners,3,4,9,T-Mobile Park
633186,2021-07-24,2021,Arizona Diamondbacks,Chicago Cubs,7,3,9,Wrigley Field
633154,2021-07-24,2021,New York Yankees,Boston Red Sox,4,3,9,Fenway Park
633202,2021-07-24,2021,Atlanta Braves,Philadelphia Phillies,15,3,9,Citizens Bank Park
633210,2021-07-24,2021,San Diego Padres,Miami Marlins,2,3,9,loanDepot park
633195,2021-07-24,2021,Washington Nationals,Baltimore Orioles,3,5,9,Oriole Park at Camden Yards
633201,2021-07-24,2021,Detroit Tigers,Kansas City Royals,8,9,9,Kauffman Stadium
633175,2021-07-24,2021,St. Louis Cardinals,Cincinnati Reds,3,5,9,Great American Ball Park
633185,2021-07-24,2021,Tampa Bay Rays,Cleveland Indians,8,2,9,Progressive Field
633197,2021-07-24,2021,Texas Rangers,Houston Astros,1,4,9,Minute Maid Park
633272,2021-07-24,2021,Toronto Blue Jays,New York Mets,10,3,9,Citi Field
633209,2021-07-24,2021,Los Angeles Angels,Minnesota Twins,2,1,9,Target Field
633167,2021-07-24,2021,Chicago White Sox,Milwaukee Brewers,1,6,9,American Family Field
633144,2021-07-24,2021,Pittsburgh Pirates,San Francisco Giants,10,2,9,Oracle Park
633188,2021-07-24,2021,Colorado Rockies,Los Angeles Dodgers,0,1,9,Dodger Stadium
633140,2021-07-24,2021,Oakland Athletics,Seattle Mariners,4,5,9,T-Mobile Park
633156,2021-07-25,2021,Washington Nationals,Baltimore Orioles,4,5,9,Oriole Park at Camden Yards
633192,2021-07-25,2021,Atlanta Braves,Philadelphia Phillies,1,2,9,Citizens Bank Park
633177,2021-07-25,2021,St. Louis Cardinals,Cincinnati Reds,10,6,9,Great American Ball Park
633194,2021-07-25,2021,Tampa Bay Rays,Cleveland Indians,2,3,9,Progressive Field
633174,2021-07-25,2021,Toronto Blue Jays,New York Mets,4,5,9,Citi Field
633135,2021-07-25,2021,San Diego Padres,Miami Marlins,3,9,9,loanDepot park
633198,2021-07-25,2021,New York Yankees,Boston Red Sox,4,5,9,Fenway Park
633183,2021-07-25,2021,Detroit Tigers,Kansas City Royals,1,6,9,Kauffman Stadium
633136,2021-07-25,2021,Texas Rangers,Houston Astros,1,3,9,Minute Maid Park
633179,2021-07-25,2021,Los Angeles Angels,Minnesota Twins,6,2,9,Target Field
633204,2021-07-25,2021,Arizona Diamondbacks,Chicago Cubs,1,5,9,Wrigley Field
633171,2021-07-25,2021,Pittsburgh Pirates,San Francisco Giants,1,6,9,Oracle Park
633172,2021-07-25,2021,Colorado Rockies,Los Angeles Dodgers,2,3,9,Dodger Stadium
633169,2021-07-25,2021,Oakland Athletics,Seattle Mariners,3,4,9,T-Mobile Park
633151,2021-07-25,2021,Chicago White Sox,Milwaukee Brewers,3,1,9,American Family Field
633145,2021-07-26,2021,Atlanta Braves,New York Mets,2,0,7,Citi Field
633925,2021-07-26,2021,Atlanta Braves,New York Mets,0,1,7,Citi Field
633168,2021-07-26,2021,Washington Nationals,Philadelphia Phillies,5,6,9,Citizens Bank Park
633219,2021-07-26,2021,Toronto Blue Jays,Boston Red Sox,4,5,9,Fenway Park
633182,2021-07-26,2021,Cincinnati Reds,Chicago Cubs,5,6,9,Wrigley Field
633133,2021-07-26,2021,Detroit Tigers,Minnesota Twins,5,6,10,Target Field
633121,2021-07-26,2021,Chicago White Sox,Kansas City Royals,3,4,9,Kauffman Stadium
633157,2021-07-26,2021,Colorado Rockies,Los Angeles Angels,2,6,9,Angel Stadium
633206,2021-07-26,2021,Houston Astros,Seattle Mariners,8,11,9,T-Mobile Park
633152,2021-07-27,2021,Washington Nationals,Philadelphia Phillies,6,4,9,Citizens Bank Park
633153,2021-07-27,2021,Miami Marlins,Baltimore Orioles,7,3,9,Oriole Park at Camden Yards
633161,2021-07-27,2021,Milwaukee Brewers,Pittsburgh Pirates,9,0,9,PNC Park
633189,2021-07-27,2021,St. Louis Cardinals,Cleveland Indians,4,2,9,Progressive Field
633147,2021-07-27,2021,Atlanta Braves,New York Mets,12,5,9,Citi Field
633143,2021-07-27,2021,New York Yankees,Tampa Bay Rays,4,3,9,Tropicana Field
633160,2021-07-27,2021,Cincinnati Reds,Chicago Cubs,7,4,9,Wrigley Field
633150,2021-07-27,2021,Arizona Diamondbacks,Texas Rangers,4,5,9,Globe Life Field
633137,2021-07-27,2021,Detroit Tigers,Minnesota Twins,6,5,11,Target Field
633166,2021-07-27,2021,Chicago White Sox,Kansas City Royals,5,3,9,Kauffman Stadium
633139,2021-07-27,2021,Colorado Rockies,Los Angeles Angels,12,3,9,Angel Stadium
633149,2021-07-27,2021,Los Angeles Dodgers,San Francisco Giants,1,2,9,Oracle Park
633155,2021-07-27,2021,Oakland Athletics,San Diego Padres,4,7,9,Petco Park
633158,2021-07-27,2021,Houston Astros,Seattle Mariners,8,6,9,T-Mobile Park
633123,2021-07-28,2021,St. Louis Cardinals,Cleveland Indians,2,7,9,Progressive Field
633138,2021-07-28,2021,Detroit Tigers,Minnesota Twins,17,14,9,Target Field
633162,2021-07-28,2021,Toronto Blue Jays,Boston Red Sox,4,1,7,Fenway Park
633110,2021-07-28,2021,Toronto Blue Jays,Boston Red Sox,1,4,7,Fenway Park
633146,2021-07-28,2021,Houston Astros,Seattle Mariners,11,4,9,T-Mobile Park
633096,2021-07-28,2021,Oakland Athletics,San Diego Padres,10,4,9,Petco Park
633098,2021-07-28,2021,Miami Marlins,Baltimore Orioles,7,8,9,Oriole Park at Camden Yards
633113,2021-07-28,2021,Milwaukee Brewers,Pittsburgh Pirates,7,3,9,PNC Park
633148,2021-07-28,2021,Atlanta Braves,New York Mets,1,2,9,Citi Field
633122,2021-07-28,2021,New York Yankees,Tampa Bay Rays,3,1,10,Tropicana Field
633103,2021-07-28,2021,Cincinnati Reds,Chicago Cubs,8,2,9,Wrigley Field
633097,2021-07-28,2021,Arizona Diamondbacks,Texas Rangers,3,2,9,Globe Life Field
633114,2021-07-28,2021,Chicago White Sox,Kansas City Royals,2,3,10,Kauffman Stadium
633130,2021-07-28,2021,Colorado Rockies,Los Angeles Angels,7,8,9,Angel Stadium
633125,2021-07-28,2021,Los Angeles Dodgers,San Francisco Giants,8,0,9,Oracle Park
633081,2021-07-29,2021,Washington Nationals,Philadelphia Phillies,3,1,7,Citizens Bank Park
633134,2021-07-29,2021,Washington Nationals,Philadelphia Phillies,8,11,8,Citizens Bank Park
633083,2021-07-29,2021,Atlanta Braves,New York Mets,6,3,9,Citi Field
633104,2021-07-29,2021,New York Yankees,Tampa Bay Rays,0,14,9,Tropicana Field
633141,2021-07-29,2021,Chicago White Sox,Kansas City Royals,0,5,9,Kauffman Stadium
633124,2021-07-29,2021,Cincinnati Reds,Chicago Cubs,7,4,9,Wrigley Field
633109,2021-07-29,2021,Los Angeles Dodgers,San Francisco Giants,0,5,9,Oracle Park
633093,2021-07-29,2021,Milwaukee Brewers,Pittsburgh Pirates,12,0,9,PNC Park
633115,2021-07-29,2021,Baltimore Orioles,Detroit Tigers,2,6,9,Comerica Park
633126,2021-07-29,2021,Toronto Blue Jays,Boston Red Sox,13,1,9,Fenway Park
633111,2021-07-29,2021,Oakland Athletics,Los Angeles Angels,4,0,9,Angel Stadium
633065,2021-07-29,2021,Colorado Rockies,San Diego Padres,0,3,9,Petco Park
633094,2021-07-30,2021,Chicago Cubs,Washington Nationals,3,4,9,Nationals Park
633108,2021-07-30,2021,Philadelphia Phillies,Pittsburgh Pirates,0,7,9,PNC Park
633091,2021-07-30,2021,Kansas City Royals,Toronto Blue Jays,4,6,9,Rogers Centre
633107,2021-07-30,2021,Baltimore Orioles,Detroit Tigers,4,3,9,Comerica Park
633100,2021-07-30,2021,Cincinnati Reds,New York Mets,6,2,9,Citi Field
633165,2021-07-30,2021,Boston Red Sox,Tampa Bay Rays,3,7,9,Tropicana Field
633073,2021-07-30,2021,New York Yankees,Miami Marlins,3,1,9,loanDepot park
633131,2021-07-30,2021,Milwaukee Brewers,Atlanta Braves,9,5,9,Truist Park
633116,2021-07-30,2021,Seattle Mariners,Texas Rangers,9,5,9,Globe Life Field
633128,2021-07-30,2021,Cleveland Indians,Chicago White Sox,4,6,9,Guaranteed Rate Field
633119,2021-07-30,2021,Minnesota Twins,St. Louis Cardinals,1,5,9,Busch Stadium
633118,2021-07-30,2021,Oakland Athletics,Los Angeles Angels,2,0,9,Angel Stadium
633102,2021-07-30,2021,Los Angeles Dodgers,Arizona Diamondbacks,5,6,10,Chase Field
633120,2021-07-30,2021,Houston Astros,San Francisco Giants,9,6,9,Oracle Park
633112,2021-07-30,2021,Colorado Rockies,San Diego Padres,9,4,9,Petco Park
633085,2021-07-31,2021,Kansas City Royals,Toronto Blue Jays,0,4,9,Rogers Centre
633080,2021-07-31,2021,Oakland Athletics,Los Angeles Angels,0,1,9,Angel Stadium
633088,2021-07-31,2021,Houston Astros,San Francisco Giants,6,8,9,Oracle Park
633105,2021-07-31,2021,Baltimore Orioles,Detroit Tigers,5,2,9,Comerica Park
633090,2021-07-31,2021,Boston Red Sox,Tampa Bay Rays,5,9,9,Tropicana Field
633092,2021-07-31,2021,New York Yankees,Miami Marlins,4,2,9,loanDepot park
633132,2021-07-31,2021,Chicago Cubs,Washington Nationals,6,3,9,Nationals Park
633106,2021-07-31,2021,Seattle Mariners,Texas Rangers,4,5,10,Globe Life Field
633076,2021-07-31,2021,Philadelphia Phillies,Pittsburgh Pirates,2,3,9,PNC Park
633063,2021-07-31,2021,Cincinnati Reds,New York Mets,4,5,10,Citi Field
633058,2021-07-31,2021,Cleveland Indians,Chicago White Sox,12,11,9,Guaranteed Rate Field
633127,2021-07-31,2021,Minnesota Twins,St. Louis Cardinals,8,1,9,Busch Stadium
633117,2021-07-31,2021,Milwaukee Brewers,Atlanta Braves,1,8,9,Truist Park
633099,2021-07-31,2021,Los Angeles Dodgers,Arizona Diamondbacks,8,3,9,Chase Field
633142,2021-07-31,2021,Colorado Rockies,San Diego Padres,5,3,9,Petco Park
633044,2021-08-01,2021,Chicago Cubs,Washington Nationals,5,6,9,Nationals Park
633082,2021-08-01,2021,Philadelphia Phillies,Pittsburgh Pirates,15,4,9,PNC Park
633067,2021-08-01,2021,Kansas City Royals,Toronto Blue Jays,1,5,9,Rogers Centre
633050,2021-08-01,2021,Baltimore Orioles,Detroit Tigers,2,6,9,Comerica Park
633129,2021-08-01,2021,Cincinnati Reds,New York Mets,7,1,9,Citi Field
633069,2021-08-01,2021,New York Yankees,Miami Marlins,3,1,9,loanDepot park
633095,2021-08-01,2021,Milwaukee Brewers,Atlanta Braves,2,1,9,Truist Park
633047,2021-08-01,2021,Cleveland Indians,Chicago White Sox,1,2,9,Guaranteed Rate Field
633024,2021-08-01,2021,Minnesota Twins,St. Louis Cardinals,3,7,9,Busch Stadium
633075,2021-08-01,2021,Seattle Mariners,Texas Rangers,3,4,9,Globe Life Field
633086,2021-08-01,2021,Houston Astros,San Francisco Giants,3,5,9,Oracle Park
633048,2021-08-01,2021,Oakland Athletics,Los Angeles Angels,8,3,9,Angel Stadium
633101,2021-08-01,2021,Los Angeles Dodgers,Arizona Diamondbacks,13,0,9,Chase Field
633084,2021-08-01,2021,Colorado Rockies,San Diego Padres,1,8,9,Petco Park
633089,2021-08-01,2021,Boston Red Sox,Tampa Bay Rays,2,3,9,Tropicana Field
633041,2021-08-02,2021,Cleveland Indians,Toronto Blue Jays,5,2,10,Rogers Centre
633057,2021-08-02,2021,Philadelphia Phillies,Washington Nationals,7,5,9,Nationals Park
633078,2021-08-02,2021,Baltimore Orioles,New York Yankees,7,1,9,Yankee Stadium
633070,2021-08-02,2021,Seattle Mariners,Tampa Bay Rays,8,2,9,Tropicana Field
633079,2021-08-02,2021,New York Mets,Miami Marlins,3,6,9,loanDepot park
633054,2021-08-02,2021,Los Angeles Angels,Texas Rangers,1,4,9,Globe Life Field
633072,2021-08-02,2021,Pittsburgh Pirates,Milwaukee Brewers,2,6,9,American Family Field
633077,2021-08-02,2021,San Francisco Giants,Arizona Diamondbacks,11,8,10,Chase Field
633066,2021-08-03,2021,Philadelphia Phillies,Washington Nationals,5,4,9,Nationals Park
633023,2021-08-03,2021,Baltimore Orioles,New York Yankees,1,13,9,Yankee Stadium
633036,2021-08-03,2021,Cleveland Indians,Toronto Blue Jays,2,7,9,Rogers Centre
633087,2021-08-03,2021,Boston Red Sox,Detroit Tigers,2,4,9,Comerica Park
633005,2021-08-03,2021,Seattle Mariners,Tampa Bay Rays,4,2,9,Tropicana Field
633045,2021-08-03,2021,Minnesota Twins,Cincinnati Reds,7,5,9,Great American Ball Park
633049,2021-08-03,2021,New York Mets,Miami Marlins,4,5,9,loanDepot park
633056,2021-08-03,2021,Los Angeles Angels,Texas Rangers,11,3,9,Globe Life Field
633030,2021-08-03,2021,Kansas City Royals,Chicago White Sox,1,7,9,Guaranteed Rate Field
633059,2021-08-03,2021,Pittsburgh Pirates,Milwaukee Brewers,8,5,10,American Family Field
633032,2021-08-03,2021,Atlanta Braves,St. Louis Cardinals,6,1,9,Busch Stadium
633038,2021-08-03,2021,Chicago Cubs,Colorado Rockies,6,13,9,Coors Field
633022,2021-08-03,2021,San Diego Padres,Oakland Athletics,8,1,9,Oakland Coliseum
633025,2021-08-03,2021,San Francisco Giants,Arizona Diamondbacks,1,3,9,Chase Field
633061,2021-08-03,2021,Houston Astros,Los Angeles Dodgers,3,0,9,Dodger Stadium
633071,2021-08-04,2021,Minnesota Twins,Cincinnati Reds,5,6,9,Great American Ball Park
633027,2021-08-04,2021,Seattle Mariners,Tampa Bay Rays,3,4,9,Tropicana Field
633068,2021-08-04,2021,Pittsburgh Pirates,Milwaukee Brewers,2,4,9,American Family Field
633010,2021-08-04,2021,San Diego Padres,Oakland Athletics,4,5,10,Oakland Coliseum
633040,2021-08-04,2021,Philadelphia Phillies,Washington Nationals,9,5,9,Nationals Park
633018,2021-08-04,2021,Baltimore Orioles,New York Yankees,3,10,9,Yankee Stadium
633011,2021-08-04,2021,Cleveland Indians,Toronto Blue Jays,6,8,9,Rogers Centre
633052,2021-08-04,2021,Boston Red Sox,Detroit Tigers,4,1,9,Comerica Park
633021,2021-08-04,2021,New York Mets,Miami Marlins,5,3,9,loanDepot park
633055,2021-08-04,2021,Los Angeles Angels,Texas Rangers,2,1,9,Globe Life Field
633053,2021-08-04,2021,Kansas City Royals,Chicago White Sox,9,1,9,Guaranteed Rate Field
633037,2021-08-04,2021,Atlanta Braves,St. Louis Cardinals,7,4,9,Busch Stadium
633060,2021-08-04,2021,Chicago Cubs,Colorado Rockies,3,2,9,Coors Field
633019,2021-08-04,2021,Houston Astros,Los Angeles Dodgers,5,7,9,Dodger Stadium
633046,2021-08-04,2021,San Francisco Giants,Arizona Diamondbacks,7,1,9,Chase Field
633033,2021-08-05,2021,New York Mets,Miami Marlins,2,4,9,loanDepot park
633026,2021-08-05,2021,Boston Red Sox,Detroit Tigers,1,8,9,Comerica Park
633004,2021-08-05,2021,Los Angeles Angels,Texas Rangers,5,0,9,Globe Life Field
633064,2021-08-05,2021,Chicago Cubs,Colorado Rockies,5,6,9,Coors Field
633042,2021-08-05,2021,San Francisco Giants,Arizona Diamondbacks,5,4,10,Chase Field
632992,2021-08-05,2021,Philadelphia Phillies,Washington Nationals,7,6,9,Nationals Park
633013,2021-08-05,2021,Seattle Mariners,New York Yankees,3,5,9,Yankee Stadium
633003,2021-08-05,2021,Cleveland Indians,Toronto Blue Jays,0,3,9,Rogers Centre
633034,2021-08-05,2021,Pittsburgh Pirates,Cincinnati Reds,4,7,9,Great American Ball Park
632998,2021-08-05,2021,Minnesota Twins,Houston Astros,5,3,9,Minute Maid Park
633015,2021-08-05,2021,Kansas City Royals,Chicago White Sox,3,2,9,Guaranteed Rate Field
633043,2021-08-05,2021,Atlanta Braves,St. Louis Cardinals,8,4,9,Busch Stadium
632980,2021-08-06,2021,Chicago White Sox,Chicago Cubs,8,6,10,Wrigley Field
633006,2021-08-06,2021,Tampa Bay Rays,Baltimore Orioles,10,6,9,Oriole Park at Camden Yards
633074,2021-08-06,2021,New York Mets,Philadelphia Phillies,2,4,9,Citizens Bank Park
633062,2021-08-06,2021,Seattle Mariners,New York Yankees,2,3,11,Yankee Stadium
632974,2021-08-06,2021,Boston Red Sox,Toronto Blue Jays,4,12,9,Rogers Centre
632990,2021-08-06,2021,Detroit Tigers,Cleveland Indians,1,6,9,Progressive Field
633002,2021-08-06,2021,Pittsburgh Pirates,Cincinnati Reds,0,10,9,Great American Ball Park
633031,2021-08-06,2021,Washington Nationals,Atlanta Braves,4,8,9,Truist Park
633029,2021-08-06,2021,Minnesota Twins,Houston Astros,5,4,11,Minute Maid Park
633020,2021-08-06,2021,San Francisco Giants,Milwaukee Brewers,1,2,10,American Family Field
632982,2021-08-06,2021,Kansas City Royals,St. Louis Cardinals,2,4,9,Busch Stadium
633035,2021-08-06,2021,Miami Marlins,Colorado Rockies,2,14,9,Coors Field
633017,2021-08-06,2021,Texas Rangers,Oakland Athletics,1,4,11,Oakland Coliseum
633028,2021-08-06,2021,Los Angeles Angels,Los Angeles Dodgers,4,3,10,Dodger Stadium
633008,2021-08-06,2021,Arizona Diamondbacks,San Diego Padres,8,5,9,Petco Park
632950,2021-08-07,2021,Seattle Mariners,New York Yankees,4,5,9,Yankee Stadium
633012,2021-08-07,2021,Chicago White Sox,Chicago Cubs,4,0,9,Wrigley Field
632963,2021-08-07,2021,Boston Red Sox,Toronto Blue Jays,0,1,7,Rogers Centre
633246,2021-08-07,2021,Boston Red Sox,Toronto Blue Jays,2,1,8,Rogers Centre
632962,2021-08-07,2021,Texas Rangers,Oakland Athletics,3,12,9,Oakland Coliseum
632981,2021-08-07,2021,New York Mets,Philadelphia Phillies,3,5,9,Citizens Bank Park
633014,2021-08-07,2021,Tampa Bay Rays,Baltimore Orioles,12,3,9,Oriole Park at Camden Yards
632993,2021-08-07,2021,Detroit Tigers,Cleveland Indians,2,1,9,Progressive Field
632999,2021-08-07,2021,Pittsburgh Pirates,Cincinnati Reds,3,11,9,Great American Ball Park
632995,2021-08-07,2021,Minnesota Twins,Houston Astros,0,4,9,Minute Maid Park
632983,2021-08-07,2021,San Francisco Giants,Milwaukee Brewers,9,6,11,American Family Field
632968,2021-08-07,2021,Kansas City Royals,St. Louis Cardinals,2,5,9,Busch Stadium
632994,2021-08-07,2021,Washington Nationals,Atlanta Braves,3,2,9,Truist Park
633001,2021-08-07,2021,Miami Marlins,Colorado Rockies,4,7,9,Coors Field
632988,2021-08-07,2021,Arizona Diamondbacks,San Diego Padres,2,6,9,Petco Park
632986,2021-08-07,2021,Los Angeles Angels,Los Angeles Dodgers,3,5,9,Dodger Stadium
632971,2021-08-08,2021,Tampa Bay Rays,Baltimore Orioles,9,6,9,Oriole Park at Camden Yards
632967,2021-08-08,2021,New York Mets,Philadelphia Phillies,0,3,9,Citizens Bank Park
632953,2021-08-08,2021,Seattle Mariners,New York Yankees,2,0,9,Yankee Stadium
633007,2021-08-08,2021,Boston Red Sox,Toronto Blue Jays,8,9,9,Rogers Centre
632991,2021-08-08,2021,Detroit Tigers,Cleveland Indians,5,7,9,Progressive Field
633009,2021-08-08,2021,Pittsburgh Pirates,Cincinnati Reds,2,3,9,Great American Ball Park
632975,2021-08-08,2021,Washington Nationals,Atlanta Braves,4,5,9,Truist Park
632957,2021-08-08,2021,Minnesota Twins,Houston Astros,7,5,9,Minute Maid Park
632945,2021-08-08,2021,San Francisco Giants,Milwaukee Brewers,5,4,9,American Family Field
632985,2021-08-08,2021,Kansas City Royals,St. Louis Cardinals,6,5,9,Busch Stadium
632977,2021-08-08,2021,Miami Marlins,Colorado Rockies,8,13,9,Coors Field
633039,2021-08-08,2021,Texas Rangers,Oakland Athletics,3,6,9,Oakland Coliseum
632956,2021-08-08,2021,Los Angeles Angels,Los Angeles Dodgers,2,8,9,Dodger Stadium
633051,2021-08-08,2021,Arizona Diamondbacks,San Diego Padres,0,2,9,Petco Park
632970,2021-08-08,2021,Chicago White Sox,Chicago Cubs,9,3,9,Wrigley Field
634173,2021-08-09,2021,Cincinnati Reds,Cleveland Indians,3,9,9,Progressive Field
632964,2021-08-09,2021,Chicago White Sox,Minnesota Twins,11,1,9,Target Field
632979,2021-08-09,2021,New York Yankees,Kansas City Royals,8,6,11,Kauffman Stadium
632942,2021-08-09,2021,Miami Marlins,San Diego Padres,3,8,9,Petco Park
632997,2021-08-10,2021,Milwaukee Brewers,Chicago Cubs,4,2,7,Wrigley Field
633000,2021-08-10,2021,Milwaukee Brewers,Chicago Cubs,6,3,7,Wrigley Field
632208,2021-08-10,2021,Los Angeles Angels,Toronto Blue Jays,6,3,7,Angel Stadium
632940,2021-08-10,2021,Toronto Blue Jays,Los Angeles Angels,4,0,7,Angel Stadium
632960,2021-08-10,2021,Detroit Tigers,Baltimore Orioles,9,4,9,Oriole Park at Camden Yards
632948,2021-08-10,2021,St. Louis Cardinals,Pittsburgh Pirates,4,1,9,PNC Park
632984,2021-08-10,2021,Los Angeles Dodgers,Philadelphia Phillies,5,0,9,Citizens Bank Park
632978,2021-08-10,2021,Oakland Athletics,Cleveland Indians,4,3,10,Progressive Field
632996,2021-08-10,2021,Tampa Bay Rays,Boston Red Sox,8,4,9,Fenway Park
632989,2021-08-10,2021,Cincinnati Reds,Atlanta Braves,2,3,9,Truist Park
632973,2021-08-10,2021,Colorado Rockies,Houston Astros,0,5,9,Minute Maid Park
632934,2021-08-10,2021,Chicago White Sox,Minnesota Twins,3,4,9,Target Field
632987,2021-08-10,2021,New York Yankees,Kansas City Royals,4,8,9,Kauffman Stadium
632933,2021-08-10,2021,Arizona Diamondbacks,San Francisco Giants,7,8,9,Oracle Park
632955,2021-08-10,2021,Texas Rangers,Seattle Mariners,5,4,10,T-Mobile Park
632976,2021-08-10,2021,Miami Marlins,San Diego Padres,5,6,9,Petco Park
632927,2021-08-11,2021,Chicago White Sox,Minnesota Twins,0,1,9,Target Field
632904,2021-08-11,2021,Colorado Rockies,Houston Astros,1,5,9,Minute Maid Park
632935,2021-08-11,2021,New York Yankees,Kansas City Royals,5,2,9,Kauffman Stadium
632966,2021-08-11,2021,Washington Nationals,New York Mets,7,8,9,Citi Field
632959,2021-08-11,2021,Miami Marlins,San Diego Padres,7,0,9,Petco Park
632922,2021-08-11,2021,Detroit Tigers,Baltimore Orioles,5,2,9,Oriole Park at Camden Yards
632928,2021-08-11,2021,St. Louis Cardinals,Pittsburgh Pirates,4,0,9,PNC Park
632915,2021-08-11,2021,Los Angeles Dodgers,Philadelphia Phillies,8,2,9,Citizens Bank Park
632937,2021-08-11,2021,Oakland Athletics,Cleveland Indians,6,3,9,Progressive Field
632931,2021-08-11,2021,Tampa Bay Rays,Boston Red Sox,8,20,9,Fenway Park
632923,2021-08-11,2021,Cincinnati Reds,Atlanta Braves,6,8,11,Truist Park
632946,2021-08-11,2021,Milwaukee Brewers,Chicago Cubs,10,0,9,Wrigley Field
632965,2021-08-11,2021,Toronto Blue Jays,Los Angeles Angels,10,2,9,Angel Stadium
632951,2021-08-11,2021,Arizona Diamondbacks,San Francisco Giants,2,7,9,Oracle Park
632952,2021-08-11,2021,Texas Rangers,Seattle Mariners,1,2,9,T-Mobile Park
632949,2021-08-12,2021,Washington Nationals,New York Mets,1,4,7,Citi Field
632912,2021-08-12,2021,Washington Nationals,New York Mets,4,5,7,Citi Field
632944,2021-08-12,2021,St. Louis Cardinals,Pittsburgh Pirates,7,6,9,PNC Park
632969,2021-08-12,2021,Los Angeles Dodgers,Philadelphia Phillies,1,2,9,Citizens Bank Park
632900,2021-08-12,2021,Oakland Athletics,Cleveland Indians,17,0,9,Progressive Field
633016,2021-08-12,2021,Milwaukee Brewers,Chicago Cubs,17,4,9,Wrigley Field
632938,2021-08-12,2021,Detroit Tigers,Baltimore Orioles,6,4,9,Oriole Park at Camden Yards
632903,2021-08-12,2021,Tampa Bay Rays,Boston Red Sox,8,1,9,Fenway Park
632947,2021-08-12,2021,Texas Rangers,Seattle Mariners,1,3,9,T-Mobile Park
632929,2021-08-12,2021,Cincinnati Reds,Atlanta Braves,12,3,9,Truist Park
632924,2021-08-12,2021,New York Yankees,Chicago White Sox,8,9,9,
632918,2021-08-12,2021,Toronto Blue Jays,Los Angeles Angels,3,6,9,Angel Stadium
632914,2021-08-12,2021,San Diego Padres,Arizona Diamondbacks,3,12,9,Chase Field
632939,2021-08-12,2021,Colorado Rockies,San Francisco Giants,0,7,9,Oracle Park
632901,2021-08-13,2021,Cincinnati Reds,Philadelphia Phillies,6,1,9,Citizens Bank Park
632921,2021-08-13,2021,Atlanta Braves,Washington Nationals,4,2,9,Nationals Park
632902,2021-08-13,2021,Baltimore Orioles,Boston Red Sox,1,8,9,Fenway Park
632920,2021-08-13,2021,Cleveland Indians,Detroit Tigers,7,4,9,Comerica Park
632911,2021-08-13,2021,Los Angeles Dodgers,New York Mets,6,5,10,Citi Field
632930,2021-08-13,2021,Chicago Cubs,Miami Marlins,10,14,9,loanDepot park
632936,2021-08-13,2021,Oakland Athletics,Texas Rangers,6,8,9,Globe Life Field
632943,2021-08-13,2021,St. Louis Cardinals,Kansas City Royals,6,0,9,Kauffman Stadium
632926,2021-08-13,2021,Tampa Bay Rays,Minnesota Twins,10,4,9,Target Field
632972,2021-08-13,2021,Houston Astros,Los Angeles Angels,4,1,9,Angel Stadium
632932,2021-08-13,2021,San Diego Padres,Arizona Diamondbacks,2,3,9,Chase Field
632906,2021-08-13,2021,Colorado Rockies,San Francisco Giants,4,5,9,Oracle Park
632954,2021-08-13,2021,Toronto Blue Jays,Seattle Mariners,2,3,9,T-Mobile Park
632820,2021-08-14,2021,Milwaukee Brewers,Pittsburgh Pirates,4,14,7,PNC Park
632897,2021-08-14,2021,Milwaukee Brewers,Pittsburgh Pirates,6,0,7,PNC Park
632916,2021-08-14,2021,Cincinnati Reds,Philadelphia Phillies,1,6,9,Citizens Bank Park
632905,2021-08-14,2021,Baltimore Orioles,Boston Red Sox,2,16,9,Fenway Park
632885,2021-08-14,2021,Atlanta Braves,Washington Nationals,12,2,9,Nationals Park
632819,2021-08-14,2021,Cleveland Indians,Detroit Tigers,4,6,9,Comerica Park
632941,2021-08-14,2021,Chicago Cubs,Miami Marlins,4,5,9,loanDepot park
632894,2021-08-14,2021,Oakland Athletics,Texas Rangers,8,3,9,Globe Life Field
632958,2021-08-14,2021,Los Angeles Dodgers,New York Mets,2,1,10,Citi Field
632818,2021-08-14,2021,St. Louis Cardinals,Kansas City Royals,9,4,9,Kauffman Stadium
632913,2021-08-14,2021,Tampa Bay Rays,Minnesota Twins,0,12,9,Target Field
632898,2021-08-14,2021,New York Yankees,Chicago White Sox,7,5,10,Guaranteed Rate Field
632877,2021-08-14,2021,San Diego Padres,Arizona Diamondbacks,0,7,9,Chase Field
632889,2021-08-14,2021,Colorado Rockies,San Francisco Giants,4,1,9,Oracle Park
632925,2021-08-14,2021,Houston Astros,Los Angeles Angels,8,2,9,Angel Stadium
632907,2021-08-14,2021,Toronto Blue Jays,Seattle Mariners,3,9,9,T-Mobile Park
632891,2021-08-15,2021,Cincinnati Reds,Philadelphia Phillies,7,4,9,Citizens Bank Park
632867,2021-08-15,2021,Atlanta Braves,Washington Nationals,6,5,9,Nationals Park
632876,2021-08-15,2021,Milwaukee Brewers,Pittsburgh Pirates,2,1,9,PNC Park
632961,2021-08-15,2021,Baltimore Orioles,Boston Red Sox,2,6,9,Fenway Park
632910,2021-08-15,2021,Cleveland Indians,Detroit Tigers,11,0,9,Comerica Park
632874,2021-08-15,2021,Chicago Cubs,Miami Marlins,1,4,9,loanDepot park
632860,2021-08-15,2021,St. Louis Cardinals,Kansas City Royals,7,2,9,Kauffman Stadium
632866,2021-08-15,2021,Tampa Bay Rays,Minnesota Twins,4,5,9,Target Field
632899,2021-08-15,2021,New York Yankees,Chicago White Sox,5,3,9,Guaranteed Rate Field
632847,2021-08-15,2021,Oakland Athletics,Texas Rangers,4,7,9,Globe Life Field
632863,2021-08-15,2021,Colorado Rockies,San Francisco Giants,2,5,9,Oracle Park
632881,2021-08-15,2021,Houston Astros,Los Angeles Angels,1,3,9,Angel Stadium
632917,2021-08-15,2021,San Diego Padres,Arizona Diamondbacks,8,2,9,Chase Field
632857,2021-08-15,2021,Toronto Blue Jays,Seattle Mariners,8,3,9,T-Mobile Park
632895,2021-08-15,2021,Los Angeles Dodgers,New York Mets,14,4,9,Citi Field
633421,2021-08-16,2021,Los Angeles Angels,New York Yankees,1,2,9,Yankee Stadium
632878,2021-08-16,2021,Chicago Cubs,Cincinnati Reds,5,14,9,Great American Ball Park
632890,2021-08-16,2021,Baltimore Orioles,Tampa Bay Rays,2,9,9,Tropicana Field
632858,2021-08-16,2021,Atlanta Braves,Miami Marlins,12,2,9,loanDepot park
632883,2021-08-16,2021,Houston Astros,Kansas City Royals,6,7,9,Kauffman Stadium
632873,2021-08-16,2021,Cleveland Indians,Minnesota Twins,4,5,10,Target Field
632892,2021-08-16,2021,Oakland Athletics,Chicago White Sox,2,5,9,Guaranteed Rate Field
632813,2021-08-16,2021,San Diego Padres,Colorado Rockies,5,6,9,Coors Field
632886,2021-08-16,2021,New York Mets,San Francisco Giants,5,7,9,Oracle Park
632882,2021-08-16,2021,Pittsburgh Pirates,Los Angeles Dodgers,1,2,9,Dodger Stadium
633291,2021-08-17,2021,Boston Red Sox,New York Yankees,3,5,7,Yankee Stadium
632893,2021-08-17,2021,Boston Red Sox,New York Yankees,0,2,7,Yankee Stadium
632825,2021-08-17,2021,Toronto Blue Jays,Washington Nationals,6,12,9,Nationals Park
632871,2021-08-17,2021,Chicago Cubs,Cincinnati Reds,2,1,9,Great American Ball Park
632868,2021-08-17,2021,Los Angeles Angels,Detroit Tigers,8,2,9,Comerica Park
632864,2021-08-17,2021,Baltimore Orioles,Tampa Bay Rays,0,10,9,Tropicana Field
632872,2021-08-17,2021,Atlanta Braves,Miami Marlins,2,0,9,loanDepot park
632884,2021-08-17,2021,Milwaukee Brewers,St. Louis Cardinals,2,0,9,Busch Stadium
632853,2021-08-17,2021,Seattle Mariners,Texas Rangers,3,1,9,Globe Life Field
632875,2021-08-17,2021,Houston Astros,Kansas City Royals,1,3,9,Kauffman Stadium
632880,2021-08-17,2021,Cleveland Indians,Minnesota Twins,3,1,9,Target Field
632908,2021-08-17,2021,Oakland Athletics,Chicago White Sox,0,9,9,Guaranteed Rate Field
632851,2021-08-17,2021,San Diego Padres,Colorado Rockies,3,7,9,Coors Field
632869,2021-08-17,2021,Philadelphia Phillies,Arizona Diamondbacks,2,3,9,Chase Field
632919,2021-08-17,2021,New York Mets,San Francisco Giants,2,3,9,Oracle Park
632909,2021-08-17,2021,Pittsburgh Pirates,Los Angeles Dodgers,3,4,9,Dodger Stadium
632839,2021-08-18,2021,Chicago Cubs,Cincinnati Reds,7,1,9,Great American Ball Park
632831,2021-08-18,2021,Cleveland Indians,Minnesota Twins,7,8,11,Target Field
632862,2021-08-18,2021,San Diego Padres,Colorado Rockies,5,7,9,Coors Field
632850,2021-08-18,2021,New York Mets,San Francisco Giants,6,2,12,Oracle Park
632856,2021-08-18,2021,Toronto Blue Jays,Washington Nationals,5,8,9,Nationals Park
632852,2021-08-18,2021,Boston Red Sox,New York Yankees,2,5,9,Yankee Stadium
632861,2021-08-18,2021,Los Angeles Angels,Detroit Tigers,3,1,9,Comerica Park
632849,2021-08-18,2021,Baltimore Orioles,Tampa Bay Rays,4,8,9,Tropicana Field
632865,2021-08-18,2021,Atlanta Braves,Miami Marlins,11,9,9,loanDepot park
632844,2021-08-18,2021,Milwaukee Brewers,St. Louis Cardinals,6,4,10,Busch Stadium
632855,2021-08-18,2021,Seattle Mariners,Texas Rangers,3,1,9,Globe Life Field
632859,2021-08-18,2021,Houston Astros,Kansas City Royals,2,3,9,Kauffman Stadium
632854,2021-08-18,2021,Oakland Athletics,Chicago White Sox,2,3,9,Guaranteed Rate Field
632848,2021-08-18,2021,Philadelphia Phillies,Arizona Diamondbacks,2,4,9,Chase Field
632887,2021-08-18,2021,Pittsburgh Pirates,Los Angeles Dodgers,0,9,9,Dodger Stadium
632846,2021-08-19,2021,Los Angeles Angels,Detroit Tigers,13,10,9,Comerica Park
632833,2021-08-19,2021,Baltimore Orioles,Tampa Bay Rays,2,7,9,Tropicana Field
632838,2021-08-19,2021,Seattle Mariners,Texas Rangers,9,8,11,Globe Life Field
632843,2021-08-19,2021,Houston Astros,Kansas City Royals,6,3,10,Kauffman Stadium
632823,2021-08-19,2021,Oakland Athletics,Chicago White Sox,5,4,9,Guaranteed Rate Field
632841,2021-08-19,2021,Philadelphia Phillies,Arizona Diamondbacks,2,6,9,Chase Field
632840,2021-08-19,2021,Minnesota Twins,New York Yankees,5,7,9,Yankee Stadium
632816,2021-08-19,2021,Miami Marlins,Cincinnati Reds,1,6,9,Great American Ball Park
632845,2021-08-19,2021,Milwaukee Brewers,St. Louis Cardinals,4,8,9,Busch Stadium
632835,2021-08-19,2021,New York Mets,Los Angeles Dodgers,1,4,9,Dodger Stadium
632826,2021-08-20,2021,Kansas City Royals,Chicago Cubs,6,2,9,Wrigley Field
632814,2021-08-20,2021,Atlanta Braves,Baltimore Orioles,3,0,9,Oriole Park at Camden Yards
632799,2021-08-20,2021,Minnesota Twins,New York Yankees,2,10,9,Yankee Stadium
632888,2021-08-20,2021,Detroit Tigers,Toronto Blue Jays,4,1,10,Rogers Centre
632837,2021-08-20,2021,Los Angeles Angels,Cleveland Indians,1,9,9,Progressive Field
632827,2021-08-20,2021,Texas Rangers,Boston Red Sox,0,6,9,Fenway Park
632836,2021-08-20,2021,Chicago White Sox,Tampa Bay Rays,7,5,11,Tropicana Field
632832,2021-08-20,2021,Miami Marlins,Cincinnati Reds,3,5,9,Great American Ball Park
632774,2021-08-20,2021,Seattle Mariners,Houston Astros,3,12,9,Minute Maid Park
632896,2021-08-20,2021,Washington Nationals,Milwaukee Brewers,4,1,9,American Family Field
632815,2021-08-20,2021,Pittsburgh Pirates,St. Louis Cardinals,4,0,9,Busch Stadium
632828,2021-08-20,2021,Arizona Diamondbacks,Colorado Rockies,4,9,9,Coors Field
632809,2021-08-20,2021,San Francisco Giants,Oakland Athletics,1,4,9,Oakland Coliseum
632811,2021-08-20,2021,New York Mets,Los Angeles Dodgers,2,3,9,Dodger Stadium
632817,2021-08-20,2021,Philadelphia Phillies,San Diego Padres,4,3,9,Petco Park
632821,2021-08-21,2021,Minnesota Twins,New York Yankees,1,7,9,Yankee Stadium
632804,2021-08-21,2021,Chicago White Sox,Tampa Bay Rays,4,8,9,Tropicana Field
632824,2021-08-21,2021,Kansas City Royals,Chicago Cubs,4,2,9,Wrigley Field
632775,2021-08-21,2021,Detroit Tigers,Toronto Blue Jays,0,3,9,Rogers Centre
632795,2021-08-21,2021,New York Mets,Los Angeles Dodgers,3,4,9,Dodger Stadium
632829,2021-08-21,2021,Washington Nationals,Milwaukee Brewers,6,9,9,American Family Field
632842,2021-08-21,2021,San Francisco Giants,Oakland Athletics,6,5,9,Oakland Coliseum
632780,2021-08-21,2021,Los Angeles Angels,Cleveland Indians,1,5,9,Progressive Field
632834,2021-08-21,2021,Seattle Mariners,Houston Astros,1,15,9,Minute Maid Park
632797,2021-08-21,2021,Miami Marlins,Cincinnati Reds,4,7,9,Great American Ball Park
632879,2021-08-21,2021,Atlanta Braves,Baltimore Orioles,5,4,9,Oriole Park at Camden Yards
632870,2021-08-21,2021,Texas Rangers,Boston Red Sox,10,1,9,Fenway Park
632810,2021-08-21,2021,Pittsburgh Pirates,St. Louis Cardinals,5,4,9,Busch Stadium
632790,2021-08-21,2021,Arizona Diamondbacks,Colorado Rockies,2,5,9,Coors Field
632806,2021-08-21,2021,Philadelphia Phillies,San Diego Padres,3,4,10,Petco Park
632772,2021-08-22,2021,Atlanta Braves,Baltimore Orioles,3,1,9,Oriole Park at Camden Yards
632784,2021-08-22,2021,Detroit Tigers,Toronto Blue Jays,5,3,11,Rogers Centre
632785,2021-08-22,2021,Chicago White Sox,Tampa Bay Rays,0,9,9,Tropicana Field
632801,2021-08-22,2021,Miami Marlins,Cincinnati Reds,1,3,9,Great American Ball Park
632793,2021-08-22,2021,Seattle Mariners,Houston Astros,6,3,11,Minute Maid Park
632786,2021-08-22,2021,Washington Nationals,Milwaukee Brewers,3,7,9,American Family Field
632794,2021-08-22,2021,Pittsburgh Pirates,St. Louis Cardinals,0,3,9,Busch Stadium
632771,2021-08-22,2021,Kansas City Royals,Chicago Cubs,9,1,9,Wrigley Field
632803,2021-08-22,2021,Arizona Diamondbacks,Colorado Rockies,8,4,9,Coors Field
632830,2021-08-22,2021,Philadelphia Phillies,San Diego Padres,7,4,9,Petco Park
632791,2021-08-22,2021,San Francisco Giants,Oakland Athletics,2,1,9,Oakland Coliseum
632796,2021-08-22,2021,New York Mets,Los Angeles Dodgers,7,2,9,Dodger Stadium
632812,2021-08-22,2021,Los Angeles Angels,Cleveland Indians,0,3,9,BB&T Ballpark
632773,2021-08-23,2021,Texas Rangers,Boston Red Sox,4,8,11,Fenway Park
632798,2021-08-23,2021,Arizona Diamondbacks,Pittsburgh Pirates,5,6,9,PNC Park
632787,2021-08-23,2021,Chicago White Sox,Toronto Blue Jays,1,2,9,Rogers Centre
632805,2021-08-23,2021,New York Yankees,Atlanta Braves,5,1,9,Truist Park
632792,2021-08-23,2021,Colorado Rockies,Chicago Cubs,4,6,9,Wrigley Field
632770,2021-08-23,2021,Kansas City Royals,Houston Astros,7,1,9,Minute Maid Park
632758,2021-08-23,2021,Seattle Mariners,Oakland Athletics,5,3,9,Oakland Coliseum
632769,2021-08-24,2021,Seattle Mariners,Oakland Athletics,5,1,9,Oakland Coliseum
632807,2021-08-24,2021,Los Angeles Angels,Baltimore Orioles,14,8,9,Oriole Park at Camden Yards
632744,2021-08-24,2021,Arizona Diamondbacks,Pittsburgh Pirates,2,4,9,PNC Park
632777,2021-08-24,2021,Tampa Bay Rays,Philadelphia Phillies,3,1,9,Citizens Bank Park
632779,2021-08-24,2021,Chicago White Sox,Toronto Blue Jays,5,2,9,Rogers Centre
632802,2021-08-24,2021,San Francisco Giants,New York Mets,8,0,9,Citi Field
632783,2021-08-24,2021,Texas Rangers,Cleveland Indians,7,3,9,Progressive Field
632755,2021-08-24,2021,Minnesota Twins,Boston Red Sox,9,11,9,Fenway Park
632789,2021-08-24,2021,Washington Nationals,Miami Marlins,5,1,9,loanDepot park
632763,2021-08-24,2021,New York Yankees,Atlanta Braves,5,4,9,Truist Park
632781,2021-08-24,2021,Detroit Tigers,St. Louis Cardinals,4,3,9,Busch Stadium
632776,2021-08-24,2021,Kansas City Royals,Houston Astros,0,4,9,Minute Maid Park
632728,2021-08-24,2021,Cincinnati Reds,Milwaukee Brewers,4,7,9,American Family Field
632748,2021-08-24,2021,Los Angeles Dodgers,San Diego Padres,5,2,9,Petco Park
632751,2021-08-25,2021,Detroit Tigers,St. Louis Cardinals,2,3,10,Busch Stadium
632768,2021-08-25,2021,Kansas City Royals,Houston Astros,5,6,10,Minute Maid Park
632738,2021-08-25,2021,Colorado Rockies,Chicago Cubs,2,5,7,Wrigley Field
632822,2021-08-25,2021,Colorado Rockies,Chicago Cubs,13,10,10,Wrigley Field
632756,2021-08-25,2021,Los Angeles Angels,Baltimore Orioles,6,10,9,Oriole Park at Camden Yards
632778,2021-08-25,2021,Arizona Diamondbacks,Pittsburgh Pirates,5,2,9,PNC Park
632727,2021-08-25,2021,Tampa Bay Rays,Philadelphia Phillies,7,4,9,Citizens Bank Park
632752,2021-08-25,2021,Chicago White Sox,Toronto Blue Jays,1,3,9,Rogers Centre
632747,2021-08-25,2021,San Francisco Giants,New York Mets,3,2,9,Citi Field
632766,2021-08-25,2021,Texas Rangers,Cleveland Indians,2,7,9,Progressive Field
632767,2021-08-25,2021,Minnesota Twins,Boston Red Sox,9,6,10,Fenway Park
632760,2021-08-25,2021,Washington Nationals,Miami Marlins,3,4,10,loanDepot park
632761,2021-08-25,2021,Cincinnati Reds,Milwaukee Brewers,1,4,9,American Family Field
632764,2021-08-25,2021,Los Angeles Dodgers,San Diego Padres,5,3,16,Petco Park
632743,2021-08-26,2021,Los Angeles Angels,Baltimore Orioles,1,13,9,Oriole Park at Camden Yards
632726,2021-08-26,2021,Cincinnati Reds,Milwaukee Brewers,5,1,9,American Family Field
632724,2021-08-26,2021,Chicago White Sox,Toronto Blue Jays,10,7,9,Rogers Centre
632729,2021-08-26,2021,St. Louis Cardinals,Pittsburgh Pirates,7,11,9,PNC Park
632746,2021-08-26,2021,Arizona Diamondbacks,Philadelphia Phillies,8,7,9,Citizens Bank Park
632745,2021-08-26,2021,San Francisco Giants,New York Mets,3,2,9,Citi Field
632788,2021-08-26,2021,Texas Rangers,Cleveland Indians,6,10,9,Progressive Field
632741,2021-08-26,2021,Minnesota Twins,Boston Red Sox,2,12,9,Fenway Park
632754,2021-08-26,2021,Washington Nationals,Miami Marlins,5,7,9,loanDepot park
632685,2021-08-26,2021,Los Angeles Dodgers,San Diego Padres,4,0,9,Petco Park
632749,2021-08-26,2021,New York Yankees,Oakland Athletics,7,6,9,Oakland Coliseum
632739,2021-08-26,2021,Kansas City Royals,Seattle Mariners,6,4,9,T-Mobile Park
632762,2021-08-27,2021,St. Louis Cardinals,Pittsburgh Pirates,4,3,9,PNC Park
632720,2021-08-27,2021,Tampa Bay Rays,Baltimore Orioles,6,3,9,Oriole Park at Camden Yards
632808,2021-08-27,2021,Arizona Diamondbacks,Philadelphia Phillies,6,7,11,Citizens Bank Park
632735,2021-08-27,2021,Boston Red Sox,Cleveland Indians,4,3,9,Progressive Field
632800,2021-08-27,2021,Washington Nationals,New York Mets,2,1,9,Citi Field
632709,2021-08-27,2021,Toronto Blue Jays,Detroit Tigers,1,2,9,Comerica Park
632742,2021-08-27,2021,Cincinnati Reds,Miami Marlins,6,0,9,loanDepot park
632732,2021-08-27,2021,San Francisco Giants,Atlanta Braves,5,6,9,Truist Park
632734,2021-08-27,2021,Houston Astros,Texas Rangers,5,4,9,Globe Life Field
632718,2021-08-27,2021,Chicago Cubs,Chicago White Sox,13,17,9,Guaranteed Rate Field
632759,2021-08-27,2021,Milwaukee Brewers,Minnesota Twins,0,2,9,Target Field
632782,2021-08-27,2021,San Diego Padres,Los Angeles Angels,5,0,9,Angel Stadium
632725,2021-08-27,2021,New York Yankees,Oakland Athletics,8,2,9,Oakland Coliseum
632740,2021-08-27,2021,Colorado Rockies,Los Angeles Dodgers,4,2,9,Dodger Stadium
632753,2021-08-27,2021,Kansas City Royals,Seattle Mariners,8,7,12,T-Mobile Park
632737,2021-08-28,2021,Boston Red Sox,Cleveland Indians,5,3,10,Progressive Field
632706,2021-08-28,2021,New York Yankees,Oakland Athletics,2,3,9,Oakland Coliseum
632713,2021-08-28,2021,Kansas City Royals,Seattle Mariners,4,2,9,T-Mobile Park
632712,2021-08-28,2021,Arizona Diamondbacks,Philadelphia Phillies,0,7,9,Citizens Bank Park
632719,2021-08-28,2021,Toronto Blue Jays,Detroit Tigers,3,2,10,Comerica Park
632757,2021-08-28,2021,Cincinnati Reds,Miami Marlins,1,6,9,loanDepot park
632723,2021-08-28,2021,St. Louis Cardinals,Pittsburgh Pirates,13,0,9,PNC Park
632721,2021-08-28,2021,Tampa Bay Rays,Baltimore Orioles,4,3,9,Oriole Park at Camden Yards
632702,2021-08-28,2021,Houston Astros,Texas Rangers,5,2,9,Globe Life Field
632717,2021-08-28,2021,Washington Nationals,New York Mets,3,5,9,Citi Field
632722,2021-08-28,2021,Chicago Cubs,Chicago White Sox,7,0,9,Guaranteed Rate Field
632716,2021-08-28,2021,Milwaukee Brewers,Minnesota Twins,4,6,9,Target Field
632733,2021-08-28,2021,San Francisco Giants,Atlanta Braves,5,0,9,Truist Park
632697,2021-08-28,2021,San Diego Padres,Los Angeles Angels,2,10,9,Angel Stadium
632707,2021-08-28,2021,Colorado Rockies,Los Angeles Dodgers,2,5,9,Dodger Stadium
632698,2021-08-29,2021,St. Louis Cardinals,Pittsburgh Pirates,3,4,9,PNC Park
632736,2021-08-29,2021,Tampa Bay Rays,Baltimore Orioles,12,8,9,Oriole Park at Camden Yards
632673,2021-08-29,2021,Arizona Diamondbacks,Philadelphia Phillies,4,7,9,Citizens Bank Park
632704,2021-08-29,2021,Boston Red Sox,Cleveland Indians,5,7,9,Progressive Field
632711,2021-08-29,2021,Washington Nationals,New York Mets,4,9,9,Citi Field
632750,2021-08-29,2021,Toronto Blue Jays,Detroit Tigers,2,1,9,Comerica Park
632684,2021-08-29,2021,Cincinnati Reds,Miami Marlins,1,2,9,loanDepot park
632701,2021-08-29,2021,San Francisco Giants,Atlanta Braves,0,9,9,Truist Park
632765,2021-08-29,2021,Chicago Cubs,Chicago White Sox,1,13,9,Guaranteed Rate Field
632705,2021-08-29,2021,Milwaukee Brewers,Minnesota Twins,6,2,9,Target Field
632696,2021-08-29,2021,Houston Astros,Texas Rangers,2,13,9,Globe Life Field
632714,2021-08-29,2021,Colorado Rockies,Los Angeles Dodgers,5,0,9,Dodger Stadium
632693,2021-08-29,2021,Kansas City Royals,Seattle Mariners,3,4,9,T-Mobile Park
632700,2021-08-29,2021,New York Yankees,Oakland Athletics,1,3,9,Oakland Coliseum
633372,2021-08-30,2021,Minnesota Twins,Detroit Tigers,3,2,9,Comerica Park
632692,2021-08-30,2021,St. Louis Cardinals,Cincinnati Reds,3,1,9,Great American Ball Park
632691,2021-08-30,2021,Philadelphia Phillies,Washington Nationals,7,4,9,Nationals Park
632668,2021-08-30,2021,Baltimore Orioles,Toronto Blue Jays,3,7,9,Rogers Centre
632664,2021-08-30,2021,Boston Red Sox,Tampa Bay Rays,1,6,9,Tropicana Field
632678,2021-08-30,2021,Colorado Rockies,Texas Rangers,3,4,9,Globe Life Field
632690,2021-08-30,2021,New York Yankees,Los Angeles Angels,7,8,9,Angel Stadium
632703,2021-08-30,2021,San Diego Padres,Arizona Diamondbacks,7,5,9,Chase Field
632687,2021-08-30,2021,Milwaukee Brewers,San Francisco Giants,3,1,9,Oracle Park
632665,2021-08-30,2021,Houston Astros,Seattle Mariners,4,3,9,T-Mobile Park
632674,2021-08-30,2021,Atlanta Braves,Los Angeles Dodgers,3,5,9,Dodger Stadium
632192,2021-08-31,2021,Miami Marlins,New York Mets,5,6,9,Citi Field
632677,2021-08-31,2021,Philadelphia Phillies,Washington Nationals,12,6,9,Nationals Park
632715,2021-08-31,2021,Baltimore Orioles,Toronto Blue Jays,4,2,9,Rogers Centre
632688,2021-08-31,2021,Oakland Athletics,Detroit Tigers,9,3,9,Comerica Park
632669,2021-08-31,2021,Boston Red Sox,Tampa Bay Rays,5,8,9,Tropicana Field
632679,2021-08-31,2021,Miami Marlins,New York Mets,1,3,7,Citi Field
632680,2021-08-31,2021,Colorado Rockies,Texas Rangers,3,4,9,Globe Life Field
632676,2021-08-31,2021,Cleveland Indians,Kansas City Royals,7,2,9,Kauffman Stadium
632694,2021-08-31,2021,Chicago Cubs,Minnesota Twins,3,1,9,Target Field
632683,2021-08-31,2021,Pittsburgh Pirates,Chicago White Sox,2,4,9,Guaranteed Rate Field
632675,2021-08-31,2021,New York Yankees,Los Angeles Angels,4,6,9,Angel Stadium
632672,2021-08-31,2021,San Diego Padres,Arizona Diamondbacks,3,0,9,Chase Field
632682,2021-08-31,2021,Milwaukee Brewers,San Francisco Giants,6,2,9,Oracle Park
632657,2021-08-31,2021,Houston Astros,Seattle Mariners,0,4,9,T-Mobile Park
632663,2021-08-31,2021,Atlanta Braves,Los Angeles Dodgers,2,3,9,Dodger Stadium
632699,2021-09-01,2021,St. Louis Cardinals,Cincinnati Reds,5,4,7,Great American Ball Park
632731,2021-09-01,2021,St. Louis Cardinals,Cincinnati Reds,2,12,7,Great American Ball Park
632641,2021-09-01,2021,Colorado Rockies,Texas Rangers,9,5,9,Globe Life Field
632681,2021-09-01,2021,San Diego Padres,Arizona Diamondbacks,3,8,9,Chase Field
632648,2021-09-01,2021,Houston Astros,Seattle Mariners,0,1,9,T-Mobile Park
632640,2021-09-01,2021,Baltimore Orioles,Toronto Blue Jays,4,5,9,Rogers Centre
632655,2021-09-01,2021,New York Yankees,Los Angeles Angels,4,1,9,Angel Stadium
632710,2021-09-01,2021,Oakland Athletics,Detroit Tigers,6,8,9,Comerica Park
632653,2021-09-01,2021,Boston Red Sox,Tampa Bay Rays,3,2,9,Tropicana Field
632662,2021-09-01,2021,Cleveland Indians,Kansas City Royals,5,3,11,Kauffman Stadium
632689,2021-09-01,2021,Chicago Cubs,Minnesota Twins,3,0,9,Target Field
632671,2021-09-01,2021,Pittsburgh Pirates,Chicago White Sox,3,6,9,Guaranteed Rate Field
632661,2021-09-01,2021,Milwaukee Brewers,San Francisco Giants,5,2,9,Oracle Park
632656,2021-09-01,2021,Atlanta Braves,Los Angeles Dodgers,3,4,9,Dodger Stadium
632670,2021-09-02,2021,Philadelphia Phillies,Washington Nationals,7,6,9,Nationals Park
632686,2021-09-02,2021,Oakland Athletics,Detroit Tigers,8,6,9,Comerica Park
632659,2021-09-02,2021,Milwaukee Brewers,San Francisco Giants,1,5,9,Oracle Park
632630,2021-09-02,2021,Boston Red Sox,Tampa Bay Rays,4,0,9,Tropicana Field
632650,2021-09-02,2021,Miami Marlins,New York Mets,3,4,9,Citi Field
632646,2021-09-02,2021,Pittsburgh Pirates,Chicago Cubs,5,6,11,Wrigley Field
632635,2021-09-02,2021,Cleveland Indians,Kansas City Royals,4,2,9,Kauffman Stadium
632695,2021-09-02,2021,Atlanta Braves,Colorado Rockies,6,5,9,Coors Field
632660,2021-09-03,2021,Pittsburgh Pirates,Chicago Cubs,5,6,9,Wrigley Field
632617,2021-09-03,2021,New York Mets,Washington Nationals,6,2,10,Nationals Park
632642,2021-09-03,2021,Baltimore Orioles,New York Yankees,3,4,11,Yankee Stadium
632629,2021-09-03,2021,Oakland Athletics,Toronto Blue Jays,10,11,9,Rogers Centre
632639,2021-09-03,2021,Cleveland Indians,Boston Red Sox,5,8,9,Fenway Park
632654,2021-09-03,2021,Detroit Tigers,Cincinnati Reds,15,5,9,Great American Ball Park
632627,2021-09-03,2021,Minnesota Twins,Tampa Bay Rays,3,5,9,Tropicana Field
632621,2021-09-03,2021,Philadelphia Phillies,Miami Marlins,3,10,9,loanDepot park
632633,2021-09-03,2021,Chicago White Sox,Kansas City Royals,2,7,9,Kauffman Stadium
632638,2021-09-03,2021,St. Louis Cardinals,Milwaukee Brewers,15,4,9,American Family Field
632644,2021-09-03,2021,Atlanta Braves,Colorado Rockies,3,4,9,Coors Field
632632,2021-09-03,2021,Texas Rangers,Los Angeles Angels,2,3,9,Angel Stadium
632708,2021-09-03,2021,Seattle Mariners,Arizona Diamondbacks,6,5,10,Chase Field
632645,2021-09-03,2021,Los Angeles Dodgers,San Francisco Giants,2,3,11,Oracle Park
632651,2021-09-03,2021,Houston Astros,San Diego Padres,6,3,9,Petco Park
634556,2021-09-04,2021,New York Mets,Washington Nationals,11,9,9,Nationals Park
632611,2021-09-04,2021,New York Mets,Washington Nationals,3,4,7,Nationals Park
632622,2021-09-04,2021,Baltimore Orioles,New York Yankees,4,3,9,Yankee Stadium
632624,2021-09-04,2021,Pittsburgh Pirates,Chicago Cubs,6,7,9,Wrigley Field
632616,2021-09-04,2021,Oakland Athletics,Toronto Blue Jays,8,10,9,Rogers Centre
632600,2021-09-04,2021,Minnesota Twins,Tampa Bay Rays,4,11,9,Tropicana Field
632634,2021-09-04,2021,Cleveland Indians,Boston Red Sox,3,4,9,Fenway Park
632626,2021-09-04,2021,Philadelphia Phillies,Miami Marlins,2,3,9,loanDepot park
632649,2021-09-04,2021,Detroit Tigers,Cincinnati Reds,4,7,9,Great American Ball Park
632652,2021-09-04,2021,Chicago White Sox,Kansas City Royals,10,7,9,Kauffman Stadium
632667,2021-09-04,2021,St. Louis Cardinals,Milwaukee Brewers,0,4,9,American Family Field
632623,2021-09-04,2021,Seattle Mariners,Arizona Diamondbacks,8,5,9,Chase Field
632615,2021-09-04,2021,Atlanta Braves,Colorado Rockies,6,7,9,Coors Field
632612,2021-09-04,2021,Houston Astros,San Diego Padres,2,10,9,Petco Park
632636,2021-09-04,2021,Los Angeles Dodgers,San Francisco Giants,6,1,9,Oracle Park
632625,2021-09-04,2021,Texas Rangers,Los Angeles Angels,1,4,9,Angel Stadium
632598,2021-09-05,2021,New York Mets,Washington Nationals,13,6,9,Nationals Park
632582,2021-09-05,2021,Baltimore Orioles,New York Yankees,8,7,9,Yankee Stadium
632607,2021-09-05,2021,Oakland Athletics,Toronto Blue Jays,0,8,9,Rogers Centre
632592,2021-09-05,2021,Cleveland Indians,Boston Red Sox,11,5,9,Fenway Park
632618,2021-09-05,2021,Detroit Tigers,Cincinnati Reds,4,1,9,Great American Ball Park
632605,2021-09-05,2021,Minnesota Twins,Tampa Bay Rays,6,5,9,Tropicana Field
632602,2021-09-05,2021,Philadelphia Phillies,Miami Marlins,4,3,10,loanDepot park
632614,2021-09-05,2021,Chicago White Sox,Kansas City Royals,0,6,9,Kauffman Stadium
632610,2021-09-05,2021,St. Louis Cardinals,Milwaukee Brewers,5,6,9,American Family Field
632613,2021-09-05,2021,Pittsburgh Pirates,Chicago Cubs,8,11,9,Wrigley Field
632606,2021-09-05,2021,Atlanta Braves,Colorado Rockies,9,2,9,Coors Field
632619,2021-09-05,2021,Texas Rangers,Los Angeles Angels,7,3,9,Angel Stadium
632647,2021-09-05,2021,Houston Astros,San Diego Padres,3,4,9,Petco Park
632601,2021-09-05,2021,Seattle Mariners,Arizona Diamondbacks,10,4,11,Chase Field
632599,2021-09-05,2021,Los Angeles Dodgers,San Francisco Giants,4,6,9,Oracle Park
632658,2021-09-06,2021,Kansas City Royals,Baltimore Orioles,3,2,9,Oriole Park at Camden Yards
632604,2021-09-06,2021,New York Mets,Washington Nationals,3,4,9,Nationals Park
632593,2021-09-06,2021,Toronto Blue Jays,New York Yankees,8,0,9,Yankee Stadium
632603,2021-09-06,2021,Tampa Bay Rays,Boston Red Sox,11,10,10,Fenway Park
632585,2021-09-06,2021,Detroit Tigers,Pittsburgh Pirates,3,6,9,PNC Park
632584,2021-09-06,2021,Philadelphia Phillies,Milwaukee Brewers,12,0,9,American Family Field
632597,2021-09-06,2021,Cincinnati Reds,Chicago Cubs,3,4,9,Wrigley Field
632608,2021-09-06,2021,San Francisco Giants,Colorado Rockies,10,5,9,Coors Field
632628,2021-09-06,2021,Los Angeles Dodgers,St. Louis Cardinals,5,1,9,Busch Stadium
632591,2021-09-06,2021,Minnesota Twins,Cleveland Indians,5,2,9,Progressive Field
632596,2021-09-06,2021,Seattle Mariners,Houston Astros,2,11,9,Minute Maid Park
632620,2021-09-06,2021,Texas Rangers,Los Angeles Angels,4,0,9,Angel Stadium
632586,2021-09-07,2021,Minnesota Twins,Cleveland Indians,3,0,9,Progressive Field
632560,2021-09-07,2021,Detroit Tigers,Pittsburgh Pirates,2,3,9,PNC Park
632572,2021-09-07,2021,New York Mets,Miami Marlins,9,4,9,loanDepot park
632594,2021-09-07,2021,Kansas City Royals,Baltimore Orioles,3,7,9,Oriole Park at Camden Yards
632577,2021-09-07,2021,Toronto Blue Jays,New York Yankees,5,1,9,Yankee Stadium
632588,2021-09-07,2021,Tampa Bay Rays,Boston Red Sox,12,7,9,Fenway Park
632583,2021-09-07,2021,Washington Nationals,Atlanta Braves,5,8,9,Truist Park
632637,2021-09-07,2021,Cincinnati Reds,Chicago Cubs,4,3,9,Wrigley Field
632569,2021-09-07,2021,Philadelphia Phillies,Milwaukee Brewers,0,10,9,American Family Field
632558,2021-09-07,2021,Los Angeles Dodgers,St. Louis Cardinals,7,2,9,Busch Stadium
632590,2021-09-07,2021,Seattle Mariners,Houston Astros,4,5,10,Minute Maid Park
632587,2021-09-07,2021,San Francisco Giants,Colorado Rockies,12,3,9,Coors Field
632595,2021-09-07,2021,Texas Rangers,Arizona Diamondbacks,3,1,9,Chase Field
632578,2021-09-07,2021,Chicago White Sox,Oakland Athletics,6,3,9,Oakland Coliseum
632581,2021-09-07,2021,Los Angeles Angels,San Diego Padres,4,0,9,Petco Park
632580,2021-09-08,2021,Seattle Mariners,Houston Astros,8,5,9,Minute Maid Park
632589,2021-09-08,2021,San Francisco Giants,Colorado Rockies,7,4,9,Coors Field
632573,2021-09-08,2021,Texas Rangers,Arizona Diamondbacks,8,5,9,Chase Field
632579,2021-09-08,2021,Minnesota Twins,Cleveland Indians,3,0,9,Progressive Field
632609,2021-09-08,2021,Detroit Tigers,Pittsburgh Pirates,5,1,9,PNC Park
632574,2021-09-08,2021,New York Mets,Miami Marlins,1,2,10,loanDepot park
632576,2021-09-08,2021,Kansas City Royals,Baltimore Orioles,8,9,9,Oriole Park at Camden Yards
632567,2021-09-08,2021,Toronto Blue Jays,New York Yankees,6,3,9,Yankee Stadium
632575,2021-09-08,2021,Tampa Bay Rays,Boston Red Sox,1,2,9,Fenway Park
632554,2021-09-08,2021,Washington Nationals,Atlanta Braves,4,2,9,Truist Park
632566,2021-09-08,2021,Cincinnati Reds,Chicago Cubs,1,4,10,Wrigley Field
632565,2021-09-08,2021,Philadelphia Phillies,Milwaukee Brewers,3,4,9,American Family Field
632643,2021-09-08,2021,Los Angeles Dodgers,St. Louis Cardinals,4,5,9,Busch Stadium
632631,2021-09-08,2021,Los Angeles Angels,San Diego Padres,5,8,9,Petco Park
632545,2021-09-08,2021,Chicago White Sox,Oakland Athletics,1,5,9,Oakland Coliseum
632564,2021-09-09,2021,Los Angeles Dodgers,St. Louis Cardinals,1,2,9,Busch Stadium
632562,2021-09-09,2021,Chicago White Sox,Oakland Athletics,1,3,9,Oakland Coliseum
632561,2021-09-09,2021,Minnesota Twins,Cleveland Indians,1,4,9,Progressive Field
632536,2021-09-09,2021,New York Mets,Miami Marlins,2,3,9,loanDepot park
632556,2021-09-09,2021,Kansas City Royals,Baltimore Orioles,6,0,9,Oriole Park at Camden Yards
632548,2021-09-09,2021,Colorado Rockies,Philadelphia Phillies,4,3,9,Citizens Bank Park
632546,2021-09-09,2021,Toronto Blue Jays,New York Yankees,6,4,9,Yankee Stadium
632570,2021-09-09,2021,Washington Nationals,Atlanta Braves,6,7,10,Truist Park
632550,2021-09-10,2021,San Francisco Giants,Chicago Cubs,6,1,9,Wrigley Field
632555,2021-09-10,2021,Washington Nationals,Pittsburgh Pirates,3,4,9,PNC Park
632563,2021-09-10,2021,Toronto Blue Jays,Baltimore Orioles,3,6,9,Oriole Park at Camden Yards
632537,2021-09-10,2021,Colorado Rockies,Philadelphia Phillies,11,2,9,Citizens Bank Park
632543,2021-09-10,2021,Tampa Bay Rays,Detroit Tigers,4,10,9,Comerica Park
632552,2021-09-10,2021,New York Yankees,New York Mets,3,10,9,Citi Field
632557,2021-09-10,2021,Milwaukee Brewers,Cleveland Indians,10,3,9,Progressive Field
632571,2021-09-10,2021,Miami Marlins,Atlanta Braves,2,6,9,Truist Park
632549,2021-09-10,2021,Los Angeles Angels,Houston Astros,5,10,9,Minute Maid Park
632541,2021-09-10,2021,Kansas City Royals,Minnesota Twins,6,4,11,Target Field
632559,2021-09-10,2021,Boston Red Sox,Chicago White Sox,3,4,9,Guaranteed Rate Field
632534,2021-09-10,2021,Cincinnati Reds,St. Louis Cardinals,4,2,9,Busch Stadium
632544,2021-09-10,2021,Texas Rangers,Oakland Athletics,5,10,9,Oakland Coliseum
632542,2021-09-10,2021,San Diego Padres,Los Angeles Dodgers,0,3,9,Dodger Stadium
632528,2021-09-10,2021,Arizona Diamondbacks,Seattle Mariners,4,5,9,T-Mobile Park
632547,2021-09-11,2021,San Francisco Giants,Chicago Cubs,15,4,9,Wrigley Field
632535,2021-09-11,2021,Texas Rangers,Oakland Athletics,8,6,9,Oakland Coliseum
632539,2021-09-11,2021,Toronto Blue Jays,Baltimore Orioles,11,10,7,Oriole Park at Camden Yards
633331,2021-09-11,2021,Toronto Blue Jays,Baltimore Orioles,11,2,7,Oriole Park at Camden Yards
632540,2021-09-11,2021,Colorado Rockies,Philadelphia Phillies,1,6,9,Citizens Bank Park
632515,2021-09-11,2021,Tampa Bay Rays,Detroit Tigers,7,2,9,Comerica Park
632533,2021-09-11,2021,Milwaukee Brewers,Cleveland Indians,3,0,9,Progressive Field
632501,2021-09-11,2021,Washington Nationals,Pittsburgh Pirates,7,10,9,PNC Park
632529,2021-09-11,2021,Los Angeles Angels,Houston Astros,4,2,9,Minute Maid Park
632527,2021-09-11,2021,Kansas City Royals,Minnesota Twins,2,9,9,Target Field
632531,2021-09-11,2021,Boston Red Sox,Chicago White Sox,9,8,10,Guaranteed Rate Field
632525,2021-09-11,2021,Cincinnati Reds,St. Louis Cardinals,4,6,9,Busch Stadium
632538,2021-09-11,2021,Miami Marlins,Atlanta Braves,6,4,9,Truist Park
632551,2021-09-11,2021,New York Yankees,New York Mets,8,7,9,Citi Field
632530,2021-09-11,2021,San Diego Padres,Los Angeles Dodgers,4,5,9,Dodger Stadium
632517,2021-09-11,2021,Arizona Diamondbacks,Seattle Mariners,7,3,9,T-Mobile Park
632512,2021-09-12,2021,Tampa Bay Rays,Detroit Tigers,7,8,11,Comerica Park
632526,2021-09-12,2021,Washington Nationals,Pittsburgh Pirates,6,2,9,PNC Park
632498,2021-09-12,2021,Toronto Blue Jays,Baltimore Orioles,22,7,9,Oriole Park at Camden Yards
632514,2021-09-12,2021,Colorado Rockies,Philadelphia Phillies,5,4,9,Citizens Bank Park
632510,2021-09-12,2021,Milwaukee Brewers,Cleveland Indians,11,1,9,Progressive Field
632523,2021-09-12,2021,Miami Marlins,Atlanta Braves,3,5,9,Truist Park
632532,2021-09-12,2021,Los Angeles Angels,Houston Astros,1,3,9,Minute Maid Park
632519,2021-09-12,2021,Kansas City Royals,Minnesota Twins,5,3,9,Target Field
632513,2021-09-12,2021,Boston Red Sox,Chicago White Sox,1,2,9,Guaranteed Rate Field
632516,2021-09-12,2021,Cincinnati Reds,St. Louis Cardinals,0,2,9,Busch Stadium
632508,2021-09-12,2021,San Francisco Giants,Chicago Cubs,6,5,9,Wrigley Field
632553,2021-09-12,2021,Texas Rangers,Oakland Athletics,4,3,9,Oakland Coliseum
632568,2021-09-12,2021,San Diego Padres,Los Angeles Dodgers,0,8,9,Dodger Stadium
632524,2021-09-12,2021,Arizona Diamondbacks,Seattle Mariners,5,4,9,T-Mobile Park
632522,2021-09-12,2021,New York Yankees,New York Mets,6,7,9,Citi Field
632730,2021-09-13,2021,Minnesota Twins,New York Yankees,5,6,10,Yankee Stadium
632518,2021-09-13,2021,Miami Marlins,Washington Nationals,3,0,9,Nationals Park
632489,2021-09-13,2021,Tampa Bay Rays,Toronto Blue Jays,1,8,9,Rogers Centre
632478,2021-09-13,2021,St. Louis Cardinals,New York Mets,7,0,9,Citi Field
632502,2021-09-13,2021,Houston Astros,Texas Rangers,15,1,9,Globe Life Field
632520,2021-09-13,2021,San Diego Padres,San Francisco Giants,1,9,9,Oracle Park
632509,2021-09-13,2021,Arizona Diamondbacks,Los Angeles Dodgers,1,5,9,Dodger Stadium
632507,2021-09-13,2021,Boston Red Sox,Seattle Mariners,4,5,9,T-Mobile Park
633581,2021-09-14,2021,Cleveland Indians,Minnesota Twins,3,1,7,Target Field
632493,2021-09-14,2021,Cleveland Indians,Minnesota Twins,3,6,7,Target Field
632503,2021-09-14,2021,Cincinnati Reds,Pittsburgh Pirates,5,6,9,PNC Park
632499,2021-09-14,2021,Milwaukee Brewers,Detroit Tigers,0,1,11,Comerica Park
632495,2021-09-14,2021,Chicago Cubs,Philadelphia Phillies,6,3,9,Citizens Bank Park
632496,2021-09-14,2021,Miami Marlins,Washington Nationals,2,8,9,Nationals Park
632500,2021-09-14,2021,New York Yankees,Baltimore Orioles,7,2,9,Oriole Park at Camden Yards
632497,2021-09-14,2021,Tampa Bay Rays,Toronto Blue Jays,2,0,9,Rogers Centre
632492,2021-09-14,2021,St. Louis Cardinals,New York Mets,7,6,11,Citi Field
632504,2021-09-14,2021,Colorado Rockies,Atlanta Braves,5,4,9,Truist Park
632482,2021-09-14,2021,Houston Astros,Texas Rangers,1,8,9,Globe Life Field
632511,2021-09-14,2021,Oakland Athletics,Kansas City Royals,7,10,9,Kauffman Stadium
632506,2021-09-14,2021,Los Angeles Angels,Chicago White Sox,3,9,9,Guaranteed Rate Field
632491,2021-09-14,2021,San Diego Padres,San Francisco Giants,1,6,9,Oracle Park
632505,2021-09-14,2021,Arizona Diamondbacks,Los Angeles Dodgers,4,8,9,Dodger Stadium
632480,2021-09-14,2021,Boston Red Sox,Seattle Mariners,8,4,9,T-Mobile Park
632477,2021-09-15,2021,Miami Marlins,Washington Nationals,8,6,9,Nationals Park
632479,2021-09-15,2021,Milwaukee Brewers,Detroit Tigers,1,4,9,Comerica Park
632483,2021-09-15,2021,Tampa Bay Rays,Toronto Blue Jays,3,6,9,Rogers Centre
632481,2021-09-15,2021,Boston Red Sox,Seattle Mariners,9,4,10,T-Mobile Park
632487,2021-09-15,2021,Cincinnati Reds,Pittsburgh Pirates,4,5,9,PNC Park
632486,2021-09-15,2021,Chicago Cubs,Philadelphia Phillies,5,6,9,Citizens Bank Park
632494,2021-09-15,2021,New York Yankees,Baltimore Orioles,4,3,9,Oriole Park at Camden Yards
632521,2021-09-15,2021,St. Louis Cardinals,New York Mets,11,4,9,Citi Field
632465,2021-09-15,2021,Colorado Rockies,Atlanta Braves,3,2,10,Truist Park
632463,2021-09-15,2021,Cleveland Indians,Minnesota Twins,12,3,9,Target Field
632485,2021-09-15,2021,Houston Astros,Texas Rangers,7,2,9,Globe Life Field
632471,2021-09-15,2021,Oakland Athletics,Kansas City Royals,12,10,9,Kauffman Stadium
632490,2021-09-15,2021,Los Angeles Angels,Chicago White Sox,3,2,9,Guaranteed Rate Field
632464,2021-09-15,2021,San Diego Padres,San Francisco Giants,9,6,9,Oracle Park
632484,2021-09-15,2021,Arizona Diamondbacks,Los Angeles Dodgers,3,5,9,Dodger Stadium
632462,2021-09-16,2021,Cincinnati Reds,Pittsburgh Pirates,1,0,9,PNC Park
632468,2021-09-16,2021,Oakland Athletics,Kansas City Royals,7,2,9,Kauffman Stadium
632476,2021-09-16,2021,Los Angeles Angels,Chicago White Sox,9,3,9,Guaranteed Rate Field
632473,2021-09-16,2021,San Diego Padres,San Francisco Giants,7,4,9,Oracle Park
632452,2021-09-16,2021,New York Yankees,Baltimore Orioles,2,3,10,Oriole Park at Camden Yards
632475,2021-09-16,2021,Chicago Cubs,Philadelphia Phillies,8,17,9,Citizens Bank Park
632474,2021-09-16,2021,Detroit Tigers,Tampa Bay Rays,2,5,9,Tropicana Field
632472,2021-09-16,2021,Houston Astros,Texas Rangers,12,1,9,Globe Life Field
632450,2021-09-17,2021,Colorado Rockies,Washington Nationals,9,8,9,Nationals Park
632458,2021-09-17,2021,Cleveland Indians,New York Yankees,0,8,9,Yankee Stadium
632430,2021-09-17,2021,Minnesota Twins,Toronto Blue Jays,7,3,9,Rogers Centre
632454,2021-09-17,2021,Baltimore Orioles,Boston Red Sox,1,7,9,Fenway Park
632470,2021-09-17,2021,Los Angeles Dodgers,Cincinnati Reds,1,3,9,Great American Ball Park
632440,2021-09-17,2021,Detroit Tigers,Tampa Bay Rays,4,7,10,Tropicana Field
632467,2021-09-17,2021,Philadelphia Phillies,New York Mets,4,3,9,Citi Field
632460,2021-09-17,2021,Pittsburgh Pirates,Miami Marlins,2,1,9,loanDepot park
632459,2021-09-17,2021,Chicago White Sox,Texas Rangers,8,0,9,Globe Life Field
632469,2021-09-17,2021,Arizona Diamondbacks,Houston Astros,3,4,10,Minute Maid Park
632445,2021-09-17,2021,Seattle Mariners,Kansas City Royals,6,2,9,Kauffman Stadium
632461,2021-09-17,2021,Chicago Cubs,Milwaukee Brewers,5,8,9,American Family Field
632436,2021-09-17,2021,San Diego Padres,St. Louis Cardinals,2,8,9,Busch Stadium
632466,2021-09-17,2021,Oakland Athletics,Los Angeles Angels,5,4,9,Angel Stadium
632453,2021-09-17,2021,Atlanta Braves,San Francisco Giants,5,6,11,Oracle Park
632441,2021-09-18,2021,Cleveland Indians,New York Yankees,11,3,9,Yankee Stadium
632451,2021-09-18,2021,Baltimore Orioles,Boston Red Sox,3,9,9,Fenway Park
632455,2021-09-18,2021,Los Angeles Dodgers,Cincinnati Reds,5,1,9,Great American Ball Park
632431,2021-09-18,2021,Minnesota Twins,Toronto Blue Jays,2,6,9,Rogers Centre
632417,2021-09-18,2021,Colorado Rockies,Washington Nationals,6,0,9,Nationals Park
632427,2021-09-18,2021,Detroit Tigers,Tampa Bay Rays,4,3,9,Tropicana Field
632448,2021-09-18,2021,Pittsburgh Pirates,Miami Marlins,6,3,9,loanDepot park
632439,2021-09-18,2021,Chicago White Sox,Texas Rangers,1,2,9,Globe Life Field
632456,2021-09-18,2021,Arizona Diamondbacks,Houston Astros,6,4,10,Minute Maid Park
632449,2021-09-18,2021,Seattle Mariners,Kansas City Royals,1,8,9,Kauffman Stadium
632488,2021-09-18,2021,San Diego Padres,St. Louis Cardinals,2,3,9,Busch Stadium
632447,2021-09-18,2021,Philadelphia Phillies,New York Mets,5,3,9,Citi Field
632425,2021-09-18,2021,Chicago Cubs,Milwaukee Brewers,4,6,9,American Family Field
632442,2021-09-18,2021,Atlanta Braves,San Francisco Giants,0,2,9,Oracle Park
632444,2021-09-18,2021,Oakland Athletics,Los Angeles Angels,3,1,9,Angel Stadium
632438,2021-09-19,2021,Colorado Rockies,Washington Nationals,0,3,9,Nationals Park
632380,2021-09-19,2021,Cleveland Indians,New York Yankees,11,1,9,Yankee Stadium
632446,2021-09-19,2021,Minnesota Twins,Toronto Blue Jays,3,5,9,Rogers Centre
632419,2021-09-19,2021,Baltimore Orioles,Boston Red Sox,6,8,9,Fenway Park
632432,2021-09-19,2021,Los Angeles Dodgers,Cincinnati Reds,8,5,9,Great American Ball Park
632421,2021-09-19,2021,Detroit Tigers,Tampa Bay Rays,2,0,9,Tropicana Field
632411,2021-09-19,2021,Pittsburgh Pirates,Miami Marlins,5,6,10,loanDepot park
632422,2021-09-19,2021,Arizona Diamondbacks,Houston Astros,6,7,9,Minute Maid Park
632416,2021-09-19,2021,Seattle Mariners,Kansas City Royals,7,1,9,Kauffman Stadium
632413,2021-09-19,2021,Chicago Cubs,Milwaukee Brewers,6,4,9,American Family Field
632443,2021-09-19,2021,San Diego Padres,St. Louis Cardinals,7,8,9,Busch Stadium
632434,2021-09-19,2021,Chicago White Sox,Texas Rangers,7,2,9,Globe Life Field
632433,2021-09-19,2021,Atlanta Braves,San Francisco Giants,3,0,9,Oracle Park
632420,2021-09-19,2021,Oakland Athletics,Los Angeles Angels,3,2,10,Angel Stadium
632407,2021-09-19,2021,Philadelphia Phillies,New York Mets,2,3,9,Citi Field
632437,2021-09-20,2021,Kansas City Royals,Cleveland Indians,7,2,7,Progressive Field
633394,2021-09-20,2021,Kansas City Royals,Cleveland Indians,4,2,7,Progressive Field
632435,2021-09-20,2021,Pittsburgh Pirates,Cincinnati Reds,5,9,9,Great American Ball Park
632423,2021-09-20,2021,Chicago White Sox,Detroit Tigers,3,4,9,Comerica Park
632408,2021-09-20,2021,Washington Nationals,Miami Marlins,7,8,10,loanDepot park
632429,2021-09-20,2021,Baltimore Orioles,Philadelphia Phillies,2,0,9,Citizens Bank Park
632414,2021-09-20,2021,Texas Rangers,New York Yankees,3,4,9,Yankee Stadium
632406,2021-09-20,2021,Toronto Blue Jays,Tampa Bay Rays,4,6,9,Tropicana Field
632415,2021-09-20,2021,St. Louis Cardinals,Milwaukee Brewers,5,2,9,American Family Field
632424,2021-09-20,2021,Houston Astros,Los Angeles Angels,10,0,9,Angel Stadium
632412,2021-09-20,2021,Seattle Mariners,Oakland Athletics,4,2,9,Oakland Coliseum
632426,2021-09-20,2021,Atlanta Braves,Arizona Diamondbacks,11,4,9,Chase Field
632405,2021-09-21,2021,Chicago White Sox,Detroit Tigers,3,5,9,Comerica Park
632398,2021-09-21,2021,Kansas City Royals,Cleveland Indians,1,4,9,Progressive Field
632403,2021-09-21,2021,Pittsburgh Pirates,Cincinnati Reds,6,2,9,Great American Ball Park
632379,2021-09-21,2021,Washington Nationals,Miami Marlins,7,1,9,loanDepot park
632402,2021-09-21,2021,Baltimore Orioles,Philadelphia Phillies,2,3,10,Citizens Bank Park
632396,2021-09-21,2021,Texas Rangers,New York Yankees,1,7,9,Yankee Stadium
632410,2021-09-21,2021,New York Mets,Boston Red Sox,3,6,9,Fenway Park
632391,2021-09-21,2021,Toronto Blue Jays,Tampa Bay Rays,4,2,9,Tropicana Field
632404,2021-09-21,2021,Minnesota Twins,Chicago Cubs,9,5,9,Wrigley Field
632397,2021-09-21,2021,St. Louis Cardinals,Milwaukee Brewers,2,1,9,American Family Field
632399,2021-09-21,2021,Los Angeles Dodgers,Colorado Rockies,5,4,10,Coors Field
632418,2021-09-21,2021,Houston Astros,Los Angeles Angels,10,5,9,Angel Stadium
632401,2021-09-21,2021,Seattle Mariners,Oakland Athletics,5,2,9,Oakland Coliseum
632428,2021-09-21,2021,Atlanta Braves,Arizona Diamondbacks,6,1,9,Chase Field
632378,2021-09-21,2021,San Francisco Giants,San Diego Padres,6,5,9,Petco Park
632377,2021-09-22,2021,Toronto Blue Jays,Tampa Bay Rays,1,7,9,Tropicana Field
632385,2021-09-22,2021,Washington Nationals,Miami Marlins,7,5,9,loanDepot park
632382,2021-09-22,2021,Baltimore Orioles,Philadelphia Phillies,3,4,9,Citizens Bank Park
632381,2021-09-22,2021,Texas Rangers,New York Yankees,3,7,9,Yankee Stadium
632389,2021-09-22,2021,New York Mets,Boston Red Sox,5,12,9,Fenway Park
632400,2021-09-22,2021,Minnesota Twins,Chicago Cubs,5,4,9,Wrigley Field
632386,2021-09-22,2021,St. Louis Cardinals,Milwaukee Brewers,10,2,9,American Family Field
632394,2021-09-22,2021,Los Angeles Dodgers,Colorado Rockies,5,10,9,Coors Field
632395,2021-09-22,2021,Houston Astros,Los Angeles Angels,9,5,12,Angel Stadium
632383,2021-09-22,2021,Seattle Mariners,Oakland Athletics,4,1,9,Oakland Coliseum
632392,2021-09-22,2021,Atlanta Braves,Arizona Diamondbacks,9,2,9,Chase Field
632384,2021-09-22,2021,San Francisco Giants,San Diego Padres,8,6,9,Petco Park
633866,2021-09-23,2021,Chicago White Sox,Cleveland Indians,7,2,7,Progressive Field
632372,2021-09-23,2021,Chicago White Sox,Cleveland Indians,3,5,7,Progressive Field
632367,2021-09-23,2021,St. Louis Cardinals,Milwaukee Brewers,8,5,9,American Family Field
632376,2021-09-23,2021,Los Angeles Dodgers,Colorado Rockies,7,5,10,Coors Field
632368,2021-09-23,2021,Seattle Mariners,Oakland Athletics,6,5,9,Oakland Coliseum
632374,2021-09-23,2021,Atlanta Braves,Arizona Diamondbacks,4,6,9,Chase Field
632370,2021-09-23,2021,San Francisco Giants,San Diego Padres,6,7,10,Petco Park
632387,2021-09-23,2021,Washington Nationals,Cincinnati Reds,3,2,9,Great American Ball Park
632390,2021-09-23,2021,Texas Rangers,Baltimore Orioles,0,3,9,Oriole Park at Camden Yards
632365,2021-09-23,2021,Pittsburgh Pirates,Philadelphia Phillies,6,12,9,Citizens Bank Park
632375,2021-09-23,2021,Toronto Blue Jays,Minnesota Twins,2,7,9,Target Field
632371,2021-09-23,2021,Houston Astros,Los Angeles Angels,2,3,9,Angel Stadium
632339,2021-09-24,2021,St. Louis Cardinals,Chicago Cubs,8,5,7,Wrigley Field
633337,2021-09-24,2021,St. Louis Cardinals,Chicago Cubs,12,4,7,Wrigley Field
632369,2021-09-24,2021,Texas Rangers,Baltimore Orioles,8,5,9,Oriole Park at Camden Yards
632360,2021-09-24,2021,Pittsburgh Pirates,Philadelphia Phillies,6,8,9,Citizens Bank Park
632361,2021-09-24,2021,Kansas City Royals,Detroit Tigers,3,1,9,Comerica Park
632364,2021-09-24,2021,Washington Nationals,Cincinnati Reds,7,8,11,Great American Ball Park
632363,2021-09-24,2021,Chicago White Sox,Cleveland Indians,1,0,9,Progressive Field
632358,2021-09-24,2021,Miami Marlins,Tampa Bay Rays,0,8,9,Tropicana Field
632373,2021-09-24,2021,New York Yankees,Boston Red Sox,8,3,9,Fenway Park
632362,2021-09-24,2021,San Francisco Giants,Colorado Rockies,7,2,9,Coors Field
632357,2021-09-24,2021,Toronto Blue Jays,Minnesota Twins,1,3,9,Target Field
633224,2021-09-24,2021,San Diego Padres,Atlanta Braves,6,5,7,Petco Park
632366,2021-09-24,2021,New York Mets,Milwaukee Brewers,1,5,9,American Family Field
632359,2021-09-24,2021,Seattle Mariners,Los Angeles Angels,6,5,9,Angel Stadium
632340,2021-09-24,2021,Los Angeles Dodgers,Arizona Diamondbacks,4,2,9,Chase Field
632356,2021-09-24,2021,Houston Astros,Oakland Athletics,2,14,9,Oakland Coliseum
632352,2021-09-24,2021,Atlanta Braves,San Diego Padres,4,0,9,Petco Park
632351,2021-09-25,2021,St. Louis Cardinals,Chicago Cubs,8,5,9,Wrigley Field
632341,2021-09-25,2021,Pittsburgh Pirates,Philadelphia Phillies,0,3,9,Citizens Bank Park
632342,2021-09-25,2021,Houston Astros,Oakland Athletics,1,2,9,Oakland Coliseum
632354,2021-09-25,2021,New York Yankees,Boston Red Sox,5,3,9,Fenway Park
632347,2021-09-25,2021,Kansas City Royals,Detroit Tigers,1,5,9,Comerica Park
632335,2021-09-25,2021,Miami Marlins,Tampa Bay Rays,3,7,9,Tropicana Field
632355,2021-09-25,2021,Texas Rangers,Baltimore Orioles,2,3,9,Oriole Park at Camden Yards
632338,2021-09-25,2021,Washington Nationals,Cincinnati Reds,6,7,9,Great American Ball Park
632350,2021-09-25,2021,Toronto Blue Jays,Minnesota Twins,6,1,9,Target Field
632346,2021-09-25,2021,New York Mets,Milwaukee Brewers,1,2,9,American Family Field
632343,2021-09-25,2021,Atlanta Braves,San Diego Padres,10,8,10,Petco Park
632348,2021-09-25,2021,Chicago White Sox,Cleveland Indians,0,6,9,Progressive Field
632353,2021-09-25,2021,Los Angeles Dodgers,Arizona Diamondbacks,2,7,9,Chase Field
632349,2021-09-25,2021,San Francisco Giants,Colorado Rockies,7,2,9,Coors Field
632344,2021-09-25,2021,Seattle Mariners,Los Angeles Angels,1,14,9,Angel Stadium
632326,2021-09-26,2021,Kansas City Royals,Detroit Tigers,2,1,9,Comerica Park
632334,2021-09-26,2021,Texas Rangers,Baltimore Orioles,7,4,9,Oriole Park at Camden Yards
632329,2021-09-26,2021,Pittsburgh Pirates,Philadelphia Phillies,6,0,9,Citizens Bank Park
632333,2021-09-26,2021,Washington Nationals,Cincinnati Reds,2,9,9,Great American Ball Park
632330,2021-09-26,2021,Chicago White Sox,Cleveland Indians,5,2,9,Progressive Field
632290,2021-09-26,2021,Miami Marlins,Tampa Bay Rays,2,3,9,Tropicana Field
632336,2021-09-26,2021,Toronto Blue Jays,Minnesota Twins,5,2,9,Target Field
632328,2021-09-26,2021,New York Mets,Milwaukee Brewers,4,8,9,American Family Field
632332,2021-09-26,2021,St. Louis Cardinals,Chicago Cubs,4,2,9,Wrigley Field
632331,2021-09-26,2021,San Francisco Giants,Colorado Rockies,6,2,9,Coors Field
632324,2021-09-26,2021,Houston Astros,Oakland Athletics,3,4,9,Oakland Coliseum
632327,2021-09-26,2021,Seattle Mariners,Los Angeles Angels,5,1,9,Angel Stadium
632337,2021-09-26,2021,Los Angeles Dodgers,Arizona Diamondbacks,3,0,9,Chase Field
632325,2021-09-26,2021,Atlanta Braves,San Diego Padres,4,3,9,Petco Park
632345,2021-09-26,2021,New York Yankees,Boston Red Sox,6,3,9,Fenway Park
632409,2021-09-27,2021,Kansas City Royals,Cleveland Indians,3,8,9,Progressive Field
632388,2021-09-27,2021,Pittsburgh Pirates,Cincinnati Reds,1,13,9,Great American Ball Park
632393,2021-09-27,2021,Chicago White Sox,Detroit Tigers,8,7,9,Comerica Park
632319,2021-09-27,2021,Washington Nationals,Colorado Rockies,5,4,9,Coors Field
632323,2021-09-27,2021,Oakland Athletics,Seattle Mariners,4,13,9,T-Mobile Park
632311,2021-09-28,2021,Miami Marlins,New York Mets,2,5,7,Citi Field
632666,2021-09-28,2021,Miami Marlins,New York Mets,1,2,9,Citi Field
632313,2021-09-28,2021,Chicago Cubs,Pittsburgh Pirates,6,8,9,PNC Park
632317,2021-09-28,2021,Boston Red Sox,Baltimore Orioles,2,4,9,Oriole Park at Camden Yards
632288,2021-09-28,2021,New York Yankees,Toronto Blue Jays,7,2,9,Rogers Centre
632320,2021-09-28,2021,Philadelphia Phillies,Atlanta Braves,1,2,9,Truist Park
632289,2021-09-28,2021,Detroit Tigers,Minnesota Twins,2,3,9,Target Field
632314,2021-09-28,2021,Milwaukee Brewers,St. Louis Cardinals,2,6,9,Busch Stadium
632308,2021-09-28,2021,Los Angeles Angels,Texas Rangers,2,5,9,Globe Life Field
632315,2021-09-28,2021,Cleveland Indians,Kansas City Royals,4,6,9,Kauffman Stadium
632316,2021-09-28,2021,Tampa Bay Rays,Houston Astros,3,4,9,Minute Maid Park
632321,2021-09-28,2021,Cincinnati Reds,Chicago White Sox,1,7,9,Guaranteed Rate Field
632322,2021-09-28,2021,Washington Nationals,Colorado Rockies,1,3,9,Coors Field
632307,2021-09-28,2021,Arizona Diamondbacks,San Francisco Giants,4,6,9,Oracle Park
632318,2021-09-28,2021,San Diego Padres,Los Angeles Dodgers,1,2,9,Dodger Stadium
632312,2021-09-28,2021,Oakland Athletics,Seattle Mariners,2,4,9,T-Mobile Park
632310,2021-09-29,2021,Washington Nationals,Colorado Rockies,5,10,9,Coors Field
632287,2021-09-29,2021,Chicago Cubs,Pittsburgh Pirates,3,2,9,PNC Park
632309,2021-09-29,2021,Boston Red Sox,Baltimore Orioles,6,0,9,Oriole Park at Camden Yards
632296,2021-09-29,2021,New York Yankees,Toronto Blue Jays,5,6,9,Rogers Centre
632303,2021-09-29,2021,Miami Marlins,New York Mets,3,2,9,Citi Field
632306,2021-09-29,2021,Philadelphia Phillies,Atlanta Braves,2,7,9,Truist Park
632300,2021-09-29,2021,Detroit Tigers,Minnesota Twins,2,5,9,Target Field
632301,2021-09-29,2021,Milwaukee Brewers,St. Louis Cardinals,4,0,9,Busch Stadium
632295,2021-09-29,2021,Los Angeles Angels,Texas Rangers,7,2,9,Globe Life Field
632302,2021-09-29,2021,Cleveland Indians,Kansas City Royals,5,10,9,Kauffman Stadium
632305,2021-09-29,2021,Tampa Bay Rays,Houston Astros,7,0,9,Minute Maid Park
632304,2021-09-29,2021,Cincinnati Reds,Chicago White Sox,1,6,9,Guaranteed Rate Field
632298,2021-09-29,2021,Arizona Diamondbacks,San Francisco Giants,0,1,9,Oracle Park
632297,2021-09-29,2021,San Diego Padres,Los Angeles Dodgers,9,11,9,Dodger Stadium
632299,2021-09-29,2021,Oakland Athletics,Seattle Mariners,2,4,9,T-Mobile Park
632281,2021-09-30,2021,Milwaukee Brewers,St. Louis Cardinals,3,4,9,Busch Stadium
632275,2021-09-30,2021,Los Angeles Angels,Texas Rangers,6,7,9,Globe Life Field
632286,2021-09-30,2021,Chicago Cubs,Pittsburgh Pirates,9,0,9,PNC Park
632294,2021-09-30,2021,Boston Red Sox,Baltimore Orioles,2,6,9,Oriole Park at Camden Yards
632280,2021-09-30,2021,New York Yankees,Toronto Blue Jays,6,2,9,Rogers Centre
632292,2021-09-30,2021,Tampa Bay Rays,Houston Astros,2,3,9,Minute Maid Park
632283,2021-09-30,2021,Miami Marlins,New York Mets,3,12,9,Citi Field
632293,2021-09-30,2021,Philadelphia Phillies,Atlanta Braves,3,5,9,Truist Park
632285,2021-09-30,2021,Detroit Tigers,Minnesota Twins,10,7,9,Target Field
632284,2021-09-30,2021,Cleveland Indians,Kansas City Royals,6,1,9,Kauffman Stadium
632278,2021-09-30,2021,Arizona Diamondbacks,San Francisco Giants,4,5,9,Oracle Park
632291,2021-09-30,2021,San Diego Padres,Los Angeles Dodgers,3,8,9,Dodger Stadium
632250,2021-10-01,2021,Cincinnati Reds,Pittsburgh Pirates,2,9,9,PNC Park
632261,2021-10-01,2021,Boston Red Sox,Washington Nationals,4,2,9,Nationals Park
632282,2021-10-01,2021,Tampa Bay Rays,New York Yankees,4,3,9,Yankee Stadium
632268,2021-10-01,2021,Baltimore Orioles,Toronto Blue Jays,4,6,9,Rogers Centre
632271,2021-10-01,2021,Philadelphia Phillies,Miami Marlins,5,0,9,loanDepot park
632277,2021-10-01,2021,New York Mets,Atlanta Braves,4,3,9,Truist Park
632248,2021-10-01,2021,Cleveland Indians,Texas Rangers,9,6,9,Globe Life Field
632279,2021-10-01,2021,Oakland Athletics,Houston Astros,8,6,9,Minute Maid Park
632272,2021-10-01,2021,Minnesota Twins,Kansas City Royals,6,11,9,Kauffman Stadium
632274,2021-10-01,2021,Detroit Tigers,Chicago White Sox,1,8,9,Guaranteed Rate Field
632266,2021-10-01,2021,Chicago Cubs,St. Louis Cardinals,3,4,9,Busch Stadium
632276,2021-10-01,2021,Colorado Rockies,Arizona Diamondbacks,9,7,9,Chase Field
632267,2021-10-01,2021,San Diego Padres,San Francisco Giants,0,3,9,Oracle Park
632270,2021-10-01,2021,Los Angeles Angels,Seattle Mariners,2,1,9,T-Mobile Park
632273,2021-10-01,2021,Milwaukee Brewers,Los Angeles Dodgers,6,8,9,Dodger Stadium
632259,2021-10-02,2021,Tampa Bay Rays,New York Yankees,12,2,9,Yankee Stadium
632247,2021-10-02,2021,Baltimore Orioles,Toronto Blue Jays,1,10,9,Rogers Centre
632244,2021-10-02,2021,Boston Red Sox,Washington Nationals,5,3,9,Nationals Park
632256,2021-10-02,2021,San Diego Padres,San Francisco Giants,3,2,10,Oracle Park
632263,2021-10-02,2021,Philadelphia Phillies,Miami Marlins,1,3,9,loanDepot park
632258,2021-10-02,2021,Cincinnati Reds,Pittsburgh Pirates,6,8,9,PNC Park
632251,2021-10-02,2021,Cleveland Indians,Texas Rangers,2,7,9,Globe Life Field
632249,2021-10-02,2021,Oakland Athletics,Houston Astros,4,10,9,Minute Maid Park
632264,2021-10-02,2021,Minnesota Twins,Kansas City Royals,4,0,9,Kauffman Stadium
632265,2021-10-02,2021,Detroit Tigers,Chicago White Sox,4,5,9,Guaranteed Rate Field
632257,2021-10-02,2021,Chicago Cubs,St. Louis Cardinals,6,5,9,Busch Stadium
632262,2021-10-02,2021,New York Mets,Atlanta Braves,5,6,9,Truist Park
632269,2021-10-02,2021,Colorado Rockies,Arizona Diamondbacks,2,11,9,Chase Field
632255,2021-10-02,2021,Los Angeles Angels,Seattle Mariners,4,6,9,T-Mobile Park
632260,2021-10-02,2021,Milwaukee Brewers,Los Angeles Dodgers,3,8,9,Dodger Stadium
632234,2021-10-03,2021,Boston Red Sox,Washington Nationals,7,5,9,Nationals Park
632240,2021-10-03,2021,Cincinnati Reds,Pittsburgh Pirates,6,3,9,PNC Park
632241,2021-10-03,2021,San Diego Padres,San Francisco Giants,4,11,9,Oracle Park
632236,2021-10-03,2021,Cleveland Indians,Texas Rangers,6,0,9,Globe Life Field
632239,2021-10-03,2021,Tampa Bay Rays,New York Yankees,0,1,9,Yankee Stadium
632235,2021-10-03,2021,Baltimore Orioles,Toronto Blue Jays,4,12,9,Rogers Centre
632253,2021-10-03,2021,Colorado Rockies,Arizona Diamondbacks,4,5,9,Chase Field
632245,2021-10-03,2021,Oakland Athletics,Houston Astros,6,7,9,Minute Maid Park
632237,2021-10-03,2021,Los Angeles Angels,Seattle Mariners,7,3,9,T-Mobile Park
632243,2021-10-03,2021,Minnesota Twins,Kansas City Royals,7,3,9,Kauffman Stadium
632252,2021-10-03,2021,Detroit Tigers,Chicago White Sox,5,2,9,Guaranteed Rate Field
632246,2021-10-03,2021,Philadelphia Phillies,Miami Marlins,4,5,9,loanDepot park
632242,2021-10-03,2021,Milwaukee Brewers,Los Angeles Dodgers,3,10,9,Dodger Stadium
632238,2021-10-03,2021,Chicago Cubs,St. Louis Cardinals,3,2,8,Busch Stadium
632254,2021-10-03,2021,New York Mets,Atlanta Braves,0,5,9,Truist Park
660938,2021-10-05,2021,New York Yankees,Boston Red Sox,2,6,9,Fenway Park
660937,2021-10-06,2021,St. Louis Cardinals,Los Angeles Dodgers,1,3,9,Dodger Stadium
660936,2021-10-07,2021,Chicago White Sox,Houston Astros,1,6,9,Minute Maid Park
660929,2021-10-07,2021,Boston Red Sox,Tampa Bay Rays,0,5,9,Tropicana Field
660934,2021-10-08,2021,Chicago White Sox,Houston Astros,4,9,9,Minute Maid Park
660917,2021-10-08,2021,Atlanta Braves,Milwaukee Brewers,1,2,9,American Family Field
660932,2021-10-08,2021,Boston Red Sox,Tampa Bay Rays,14,6,9,Tropicana Field
660933,2021-10-08,2021,Los Angeles Dodgers,San Francisco Giants,0,4,9,Oracle Park
660907,2021-10-09,2021,Atlanta Braves,Milwaukee Brewers,3,0,9,American Family Field
660925,2021-10-09,2021,Los Angeles Dodgers,San Francisco Giants,9,2,9,Oracle Park
660928,2021-10-10,2021,Tampa Bay Rays,Boston Red Sox,4,6,13,Fenway Park
660931,2021-10-10,2021,Houston Astros,Chicago White Sox,6,12,9,Guaranteed Rate Field
660905,2021-10-11,2021,Milwaukee Brewers,Atlanta Braves,0,3,9,Truist Park
660927,2021-10-11,2021,Tampa Bay Rays,Boston Red Sox,5,6,9,Fenway Park
660919,2021-10-11,2021,San Francisco Giants,Los Angeles Dodgers,1,0,9,Dodger Stadium
660926,2021-10-12,2021,Houston Astros,Chicago White Sox,10,1,9,Guaranteed Rate Field
660914,2021-10-12,2021,Milwaukee Brewers,Atlanta Braves,4,5,9,Truist Park
660918,2021-10-12,2021,San Francisco Giants,Los Angeles Dodgers,2,7,9,Dodger Stadium
660920,2021-10-14,2021,Los Angeles Dodgers,San Francisco Giants,2,1,9,Oracle Park
660896,2021-10-15,2021,Boston Red Sox,Houston Astros,4,5,9,Minute Maid Park
660913,2021-10-16,2021,Boston Red Sox,Houston Astros,9,5,9,Minute Maid Park
660924,2021-10-16,2021,Los Angeles Dodgers,Atlanta Braves,2,3,9,Truist Park
660922,2021-10-17,2021,Los Angeles Dodgers,Atlanta Braves,4,5,9,Truist Park
660898,2021-10-18,2021,Houston Astros,Boston Red Sox,3,12,9,Fenway Park
660916,2021-10-19,2021,Atlanta Braves,Los Angeles Dodgers,5,6,9,Dodger Stadium
660923,2021-10-19,2021,Houston Astros,Boston Red Sox,9,2,9,Fenway Park
660900,2021-10-20,2021,Houston Astros,Boston Red Sox,9,1,9,Fenway Park
660904,2021-10-20,2021,Atlanta Braves,Los Angeles Dodgers,9,2,9,Dodger Stadium
660903,2021-10-21,2021,Atlanta Braves,Los Angeles Dodgers,2,11,9,Dodger Stadium
660899,2021-10-22,2021,Boston Red Sox,Houston Astros,0,5,9,Minute Maid Park
660921,2021-10-23,2021,Los Angeles Dodgers,Atlanta Braves,2,4,9,Truist Park
660897,2021-10-26,2021,Atlanta Braves,Houston Astros,6,2,9,Minute Maid Park
660908,2021-10-27,2021,Atlanta Braves,Houston Astros,2,7,9,Minute Maid Park
660910,2021-10-29,2021,Houston Astros,Atlanta Braves,0,2,9,Truist Park
660902,2021-10-30,2021,Houston Astros,Atlanta Braves,2,3,9,Truist Park
660911,2021-10-31,2021,Houston Astros,Atlanta Braves,9,5,9,Truist Park
660906,2021-11-02,2021,Atlanta Braves,Houston Astros,7,0,9,Minute Maid Park
